-- MySQL dump 10.13  Distrib 8.2.0, for Win64 (x86_64)
--
-- Host: localhost    Database: website
-- ------------------------------------------------------
-- Server version	8.2.0

/*!40101 SET @OLD_CHARACTER_SET_CLIENT=@@CHARACTER_SET_CLIENT */;
/*!40101 SET @OLD_CHARACTER_SET_RESULTS=@@CHARACTER_SET_RESULTS */;
/*!40101 SET @OLD_COLLATION_CONNECTION=@@COLLATION_CONNECTION */;
/*!50503 SET NAMES utf8mb4 */;
/*!40103 SET @OLD_TIME_ZONE=@@TIME_ZONE */;
/*!40103 SET TIME_ZONE='+00:00' */;
/*!40014 SET @OLD_UNIQUE_CHECKS=@@UNIQUE_CHECKS, UNIQUE_CHECKS=0 */;
/*!40014 SET @OLD_FOREIGN_KEY_CHECKS=@@FOREIGN_KEY_CHECKS, FOREIGN_KEY_CHECKS=0 */;
/*!40101 SET @OLD_SQL_MODE=@@SQL_MODE, SQL_MODE='NO_AUTO_VALUE_ON_ZERO' */;
/*!40111 SET @OLD_SQL_NOTES=@@SQL_NOTES, SQL_NOTES=0 */;

--
-- Table structure for table `auth_group`
--

DROP TABLE IF EXISTS `auth_group`;
/*!40101 SET @saved_cs_client     = @@character_set_client */;
/*!50503 SET character_set_client = utf8mb4 */;
CREATE TABLE `auth_group` (
  `id` int NOT NULL AUTO_INCREMENT,
  `name` varchar(150) NOT NULL,
  PRIMARY KEY (`id`),
  UNIQUE KEY `name` (`name`)
) ENGINE=InnoDB DEFAULT CHARSET=utf8mb4 COLLATE=utf8mb4_0900_ai_ci;
/*!40101 SET character_set_client = @saved_cs_client */;

--
-- Dumping data for table `auth_group`
--

LOCK TABLES `auth_group` WRITE;
/*!40000 ALTER TABLE `auth_group` DISABLE KEYS */;
/*!40000 ALTER TABLE `auth_group` ENABLE KEYS */;
UNLOCK TABLES;

--
-- Table structure for table `auth_group_permissions`
--

DROP TABLE IF EXISTS `auth_group_permissions`;
/*!40101 SET @saved_cs_client     = @@character_set_client */;
/*!50503 SET character_set_client = utf8mb4 */;
CREATE TABLE `auth_group_permissions` (
  `id` bigint NOT NULL AUTO_INCREMENT,
  `group_id` int NOT NULL,
  `permission_id` int NOT NULL,
  PRIMARY KEY (`id`),
  UNIQUE KEY `auth_group_permissions_group_id_permission_id_0cd325b0_uniq` (`group_id`,`permission_id`),
  KEY `auth_group_permissio_permission_id_84c5c92e_fk_auth_perm` (`permission_id`),
  CONSTRAINT `auth_group_permissio_permission_id_84c5c92e_fk_auth_perm` FOREIGN KEY (`permission_id`) REFERENCES `auth_permission` (`id`),
  CONSTRAINT `auth_group_permissions_group_id_b120cbf9_fk_auth_group_id` FOREIGN KEY (`group_id`) REFERENCES `auth_group` (`id`)
) ENGINE=InnoDB DEFAULT CHARSET=utf8mb4 COLLATE=utf8mb4_0900_ai_ci;
/*!40101 SET character_set_client = @saved_cs_client */;

--
-- Dumping data for table `auth_group_permissions`
--

LOCK TABLES `auth_group_permissions` WRITE;
/*!40000 ALTER TABLE `auth_group_permissions` DISABLE KEYS */;
/*!40000 ALTER TABLE `auth_group_permissions` ENABLE KEYS */;
UNLOCK TABLES;

--
-- Table structure for table `auth_permission`
--

DROP TABLE IF EXISTS `auth_permission`;
/*!40101 SET @saved_cs_client     = @@character_set_client */;
/*!50503 SET character_set_client = utf8mb4 */;
CREATE TABLE `auth_permission` (
  `id` int NOT NULL AUTO_INCREMENT,
  `name` varchar(255) NOT NULL,
  `content_type_id` int NOT NULL,
  `codename` varchar(100) NOT NULL,
  PRIMARY KEY (`id`),
  UNIQUE KEY `auth_permission_content_type_id_codename_01ab375a_uniq` (`content_type_id`,`codename`),
  CONSTRAINT `auth_permission_content_type_id_2f476e4b_fk_django_co` FOREIGN KEY (`content_type_id`) REFERENCES `django_content_type` (`id`)
) ENGINE=InnoDB AUTO_INCREMENT=181 DEFAULT CHARSET=utf8mb4 COLLATE=utf8mb4_0900_ai_ci;
/*!40101 SET character_set_client = @saved_cs_client */;

--
-- Dumping data for table `auth_permission`
--

LOCK TABLES `auth_permission` WRITE;
/*!40000 ALTER TABLE `auth_permission` DISABLE KEYS */;
INSERT INTO `auth_permission` VALUES (1,'Can add log entry',1,'add_logentry'),(2,'Can change log entry',1,'change_logentry'),(3,'Can delete log entry',1,'delete_logentry'),(4,'Can view log entry',1,'view_logentry'),(5,'Can add permission',2,'add_permission'),(6,'Can change permission',2,'change_permission'),(7,'Can delete permission',2,'delete_permission'),(8,'Can view permission',2,'view_permission'),(9,'Can add group',3,'add_group'),(10,'Can change group',3,'change_group'),(11,'Can delete group',3,'delete_group'),(12,'Can view group',3,'view_group'),(13,'Can add content type',4,'add_contenttype'),(14,'Can change content type',4,'change_contenttype'),(15,'Can delete content type',4,'delete_contenttype'),(16,'Can view content type',4,'view_contenttype'),(17,'Can add session',5,'add_session'),(18,'Can change session',5,'change_session'),(19,'Can delete session',5,'delete_session'),(20,'Can view session',5,'view_session'),(21,'Can add CRUD event',6,'add_crudevent'),(22,'Can change CRUD event',6,'change_crudevent'),(23,'Can delete CRUD event',6,'delete_crudevent'),(24,'Can view CRUD event',6,'view_crudevent'),(25,'Can add login event',7,'add_loginevent'),(26,'Can change login event',7,'change_loginevent'),(27,'Can delete login event',7,'delete_loginevent'),(28,'Can view login event',7,'view_loginevent'),(29,'Can add request event',8,'add_requestevent'),(30,'Can change request event',8,'change_requestevent'),(31,'Can delete request event',8,'delete_requestevent'),(32,'Can view request event',8,'view_requestevent'),(33,'Can add user',9,'add_user'),(34,'Can change user',9,'change_user'),(35,'Can delete user',9,'delete_user'),(36,'Can view user',9,'view_user'),(37,'Can add creator',10,'add_creator'),(38,'Can change creator',10,'change_creator'),(39,'Can delete creator',10,'delete_creator'),(40,'Can view creator',10,'view_creator'),(41,'Can add brand',11,'add_brand'),(42,'Can change brand',11,'change_brand'),(43,'Can delete brand',11,'delete_brand'),(44,'Can view brand',11,'view_brand'),(45,'Can add category',12,'add_category'),(46,'Can change category',12,'change_category'),(47,'Can delete category',12,'delete_category'),(48,'Can view category',12,'view_category'),(49,'Can add comment',13,'add_comment'),(50,'Can change comment',13,'change_comment'),(51,'Can delete comment',13,'delete_comment'),(52,'Can view comment',13,'view_comment'),(53,'Can add content',14,'add_content'),(54,'Can change content',14,'change_content'),(55,'Can delete content',14,'delete_content'),(56,'Can view content',14,'view_content'),(57,'Can add rating',15,'add_rating'),(58,'Can change rating',15,'change_rating'),(59,'Can delete rating',15,'delete_rating'),(60,'Can view rating',15,'view_rating'),(61,'Can add views',16,'add_views'),(62,'Can change views',16,'change_views'),(63,'Can delete views',16,'delete_views'),(64,'Can view views',16,'view_views'),(65,'Can add chat',17,'add_chat'),(66,'Can change chat',17,'change_chat'),(67,'Can delete chat',17,'delete_chat'),(68,'Can view chat',17,'view_chat'),(69,'Can add message',18,'add_message'),(70,'Can change message',18,'change_message'),(71,'Can delete message',18,'delete_message'),(72,'Can view message',18,'view_message'),(73,'Can add brief',19,'add_brief'),(74,'Can change brief',19,'change_brief'),(75,'Can delete brief',19,'delete_brief'),(76,'Can view brief',19,'view_brief'),(77,'Can add order',20,'add_order'),(78,'Can change order',20,'change_order'),(79,'Can delete order',20,'delete_order'),(80,'Can view order',20,'view_order'),(81,'Can add payment',21,'add_payment'),(82,'Can change payment',21,'change_payment'),(83,'Can delete payment',21,'delete_payment'),(84,'Can view payment',21,'view_payment'),(85,'Can add platform',22,'add_platform'),(86,'Can change platform',22,'change_platform'),(87,'Can delete platform',22,'delete_platform'),(88,'Can view platform',22,'view_platform'),(89,'Can add service',23,'add_service'),(90,'Can change service',23,'change_service'),(91,'Can delete service',23,'delete_service'),(92,'Can view service',23,'view_service'),(93,'Can add service video',24,'add_servicevideo'),(94,'Can change service video',24,'change_servicevideo'),(95,'Can delete service video',24,'delete_servicevideo'),(96,'Can view service video',24,'view_servicevideo'),(97,'Can add rating',25,'add_rating'),(98,'Can change rating',25,'change_rating'),(99,'Can delete rating',25,'delete_rating'),(100,'Can view rating',25,'view_rating'),(101,'Can add cart',26,'add_cart'),(102,'Can change cart',26,'change_cart'),(103,'Can delete cart',26,'delete_cart'),(104,'Can view cart',26,'view_cart'),(105,'Can add cart item',27,'add_cartitem'),(106,'Can change cart item',27,'change_cartitem'),(107,'Can delete cart item',27,'delete_cartitem'),(108,'Can view cart item',27,'view_cartitem'),(109,'Can add purchase',28,'add_purchase'),(110,'Can change purchase',28,'change_purchase'),(111,'Can delete purchase',28,'delete_purchase'),(112,'Can view purchase',28,'view_purchase'),(113,'Can add withdrawal',29,'add_withdrawal'),(114,'Can change withdrawal',29,'change_withdrawal'),(115,'Can delete withdrawal',29,'delete_withdrawal'),(116,'Can view withdrawal',29,'view_withdrawal'),(117,'Can add review',30,'add_review'),(118,'Can change review',30,'change_review'),(119,'Can delete review',30,'delete_review'),(120,'Can view review',30,'view_review'),(121,'Can add service',31,'add_service'),(122,'Can change service',31,'change_service'),(123,'Can delete service',31,'delete_service'),(124,'Can view service',31,'view_service'),(125,'Can add category',32,'add_category'),(126,'Can change category',32,'change_category'),(127,'Can delete category',32,'delete_category'),(128,'Can view category',32,'view_category'),(129,'Can add content',33,'add_content'),(130,'Can change content',33,'change_content'),(131,'Can delete content',33,'delete_content'),(132,'Can view content',33,'view_content'),(133,'Can add service video',34,'add_servicevideo'),(134,'Can change service video',34,'change_servicevideo'),(135,'Can delete service video',34,'delete_servicevideo'),(136,'Can view service video',34,'view_servicevideo'),(137,'Can add balance',35,'add_balance'),(138,'Can change balance',35,'change_balance'),(139,'Can delete balance',35,'delete_balance'),(140,'Can view balance',35,'view_balance'),(141,'Can add transaction',36,'add_transaction'),(142,'Can change transaction',36,'change_transaction'),(143,'Can delete transaction',36,'delete_transaction'),(144,'Can view transaction',36,'view_transaction'),(145,'Can add order item',37,'add_orderitem'),(146,'Can change order item',37,'change_orderitem'),(147,'Can delete order item',37,'delete_orderitem'),(148,'Can view order item',37,'view_orderitem'),(149,'Can add fee',38,'add_fee'),(150,'Can change fee',38,'change_fee'),(151,'Can delete fee',38,'delete_fee'),(152,'Can view fee',38,'view_fee'),(153,'Can add promo code',39,'add_promocode'),(154,'Can change promo code',39,'change_promocode'),(155,'Can delete promo code',39,'delete_promocode'),(156,'Can view promo code',39,'view_promocode'),(157,'Can add crontab',40,'add_crontabschedule'),(158,'Can change crontab',40,'change_crontabschedule'),(159,'Can delete crontab',40,'delete_crontabschedule'),(160,'Can view crontab',40,'view_crontabschedule'),(161,'Can add interval',41,'add_intervalschedule'),(162,'Can change interval',41,'change_intervalschedule'),(163,'Can delete interval',41,'delete_intervalschedule'),(164,'Can view interval',41,'view_intervalschedule'),(165,'Can add periodic task',42,'add_periodictask'),(166,'Can change periodic task',42,'change_periodictask'),(167,'Can delete periodic task',42,'delete_periodictask'),(168,'Can view periodic task',42,'view_periodictask'),(169,'Can add periodic task track',43,'add_periodictasks'),(170,'Can change periodic task track',43,'change_periodictasks'),(171,'Can delete periodic task track',43,'delete_periodictasks'),(172,'Can view periodic task track',43,'view_periodictasks'),(173,'Can add solar event',44,'add_solarschedule'),(174,'Can change solar event',44,'change_solarschedule'),(175,'Can delete solar event',44,'delete_solarschedule'),(176,'Can view solar event',44,'view_solarschedule'),(177,'Can add clocked',45,'add_clockedschedule'),(178,'Can change clocked',45,'change_clockedschedule'),(179,'Can delete clocked',45,'delete_clockedschedule'),(180,'Can view clocked',45,'view_clockedschedule');
/*!40000 ALTER TABLE `auth_permission` ENABLE KEYS */;
UNLOCK TABLES;

--
-- Table structure for table `chat_chat`
--

DROP TABLE IF EXISTS `chat_chat`;
/*!40101 SET @saved_cs_client     = @@character_set_client */;
/*!50503 SET character_set_client = utf8mb4 */;
CREATE TABLE `chat_chat` (
  `id` char(32) NOT NULL,
  `created_at` datetime(6) NOT NULL,
  `brand_id` char(32) NOT NULL,
  `creator_id` char(32) NOT NULL,
  PRIMARY KEY (`id`),
  KEY `Chat_chat_brand_id_95a5bfed_fk_Users_brand_id` (`brand_id`),
  KEY `Chat_chat_creator_id_8097e471_fk_Users_creator_id` (`creator_id`),
  CONSTRAINT `Chat_chat_brand_id_95a5bfed_fk_Users_brand_id` FOREIGN KEY (`brand_id`) REFERENCES `users_brand` (`id`),
  CONSTRAINT `Chat_chat_creator_id_8097e471_fk_Users_creator_id` FOREIGN KEY (`creator_id`) REFERENCES `users_creator` (`id`)
) ENGINE=InnoDB DEFAULT CHARSET=utf8mb4 COLLATE=utf8mb4_0900_ai_ci;
/*!40101 SET character_set_client = @saved_cs_client */;

--
-- Dumping data for table `chat_chat`
--

LOCK TABLES `chat_chat` WRITE;
/*!40000 ALTER TABLE `chat_chat` DISABLE KEYS */;
/*!40000 ALTER TABLE `chat_chat` ENABLE KEYS */;
UNLOCK TABLES;

--
-- Table structure for table `chat_message`
--

DROP TABLE IF EXISTS `chat_message`;
/*!40101 SET @saved_cs_client     = @@character_set_client */;
/*!50503 SET character_set_client = utf8mb4 */;
CREATE TABLE `chat_message` (
  `id` char(32) NOT NULL,
  `message` longtext NOT NULL,
  `file` varchar(100) DEFAULT NULL,
  `created_at` datetime(6) NOT NULL,
  `chat_id_id` char(32) NOT NULL,
  `sender_id_id` char(32) NOT NULL,
  PRIMARY KEY (`id`),
  KEY `Chat_message_chat_id_id_58fa2129_fk_Chat_chat_id` (`chat_id_id`),
  KEY `Chat_message_sender_id_id_75270200` (`sender_id_id`),
  CONSTRAINT `Chat_message_chat_id_id_58fa2129_fk_Chat_chat_id` FOREIGN KEY (`chat_id_id`) REFERENCES `chat_chat` (`id`),
  CONSTRAINT `Chat_message_sender_id_id_75270200_fk_Users_user_id` FOREIGN KEY (`sender_id_id`) REFERENCES `users_user` (`id`)
) ENGINE=InnoDB DEFAULT CHARSET=utf8mb4 COLLATE=utf8mb4_0900_ai_ci;
/*!40101 SET character_set_client = @saved_cs_client */;

--
-- Dumping data for table `chat_message`
--

LOCK TABLES `chat_message` WRITE;
/*!40000 ALTER TABLE `chat_message` DISABLE KEYS */;
/*!40000 ALTER TABLE `chat_message` ENABLE KEYS */;
UNLOCK TABLES;

--
-- Table structure for table `django_admin_log`
--

DROP TABLE IF EXISTS `django_admin_log`;
/*!40101 SET @saved_cs_client     = @@character_set_client */;
/*!50503 SET character_set_client = utf8mb4 */;
CREATE TABLE `django_admin_log` (
  `id` int NOT NULL AUTO_INCREMENT,
  `action_time` datetime(6) NOT NULL,
  `object_id` longtext,
  `object_repr` varchar(200) NOT NULL,
  `action_flag` smallint unsigned NOT NULL,
  `change_message` longtext NOT NULL,
  `content_type_id` int DEFAULT NULL,
  `user_id` char(32) NOT NULL,
  PRIMARY KEY (`id`),
  KEY `django_admin_log_content_type_id_c4bce8eb_fk_django_co` (`content_type_id`),
  KEY `django_admin_log_user_id_c564eba6_fk_Users_user_id` (`user_id`),
  CONSTRAINT `django_admin_log_content_type_id_c4bce8eb_fk_django_co` FOREIGN KEY (`content_type_id`) REFERENCES `django_content_type` (`id`),
  CONSTRAINT `django_admin_log_user_id_c564eba6_fk_Users_user_id` FOREIGN KEY (`user_id`) REFERENCES `users_user` (`id`),
  CONSTRAINT `django_admin_log_chk_1` CHECK ((`action_flag` >= 0))
) ENGINE=InnoDB AUTO_INCREMENT=93 DEFAULT CHARSET=utf8mb4 COLLATE=utf8mb4_0900_ai_ci;
/*!40101 SET character_set_client = @saved_cs_client */;

--
-- Dumping data for table `django_admin_log`
--

LOCK TABLES `django_admin_log` WRITE;
/*!40000 ALTER TABLE `django_admin_log` DISABLE KEYS */;
INSERT INTO `django_admin_log` VALUES (1,'2024-12-14 20:41:57.345512','5a2c59fc-4c4d-4a35-b893-6ebc022177d3','user1 (user1@domain.com)',1,'[{\"added\": {}}]',9,'59b890b5c60f44589ed18c5ecbb73082'),(2,'2024-12-14 20:42:45.431496','a8e97dec-2878-4c4c-8c7f-c08e2fd0eb1b','brand1 (brand@domain.com)',1,'[{\"added\": {}}]',9,'59b890b5c60f44589ed18c5ecbb73082'),(3,'2024-12-14 20:43:25.474425','25fc68c2-a0cc-43d6-aa04-6d434b2a48e1','ASA',1,'[{\"added\": {}}]',11,'59b890b5c60f44589ed18c5ecbb73082'),(4,'2024-12-14 20:47:12.530605','24131587-0705-4b4d-ac7c-ddeffb84bdfa','user1',1,'[{\"added\": {}}]',10,'59b890b5c60f44589ed18c5ecbb73082'),(5,'2024-12-14 20:47:50.840606','a4cf29ea-93d8-47f4-b72a-2ee9b3a4a677','Digital Marketing',1,'[{\"added\": {}}]',12,'59b890b5c60f44589ed18c5ecbb73082'),(6,'2024-12-14 20:49:31.090452','0349e3d3-1e28-4f04-b898-9ed7e62f6294','Marketing',1,'[{\"added\": {}}]',14,'59b890b5c60f44589ed18c5ecbb73082'),(7,'2024-12-14 20:50:02.084746','58e661b5-55e7-48a1-909f-83f3ff9540bb','Views object (58e661b5-55e7-48a1-909f-83f3ff9540bb)',1,'[{\"added\": {}}]',16,'59b890b5c60f44589ed18c5ecbb73082'),(8,'2024-12-14 20:50:14.821069','4794e187-4127-445c-8176-8d4f0d989551','Chat 4794e187-4127-445c-8176-8d4f0d989551',1,'[{\"added\": {}}]',17,'59b890b5c60f44589ed18c5ecbb73082'),(9,'2024-12-14 20:50:41.719669','4962032d-05d5-4bd2-889d-a523438fd9a4','Message 4962032d-05d5-4bd2-889d-a523438fd9a4',1,'[{\"added\": {}}]',18,'59b890b5c60f44589ed18c5ecbb73082'),(10,'2024-12-15 10:18:42.168598','853d8f54-1ee0-485e-a8e8-a7291d6964ad','Comment object (853d8f54-1ee0-485e-a8e8-a7291d6964ad)',1,'[{\"added\": {}}]',13,'59b890b5c60f44589ed18c5ecbb73082'),(11,'2024-12-15 10:18:59.244282','dda28ff8-df65-4886-a36f-3e226f0bfe68','Rating object (dda28ff8-df65-4886-a36f-3e226f0bfe68)',1,'[{\"added\": {}}]',15,'59b890b5c60f44589ed18c5ecbb73082'),(12,'2024-12-15 10:19:15.967887','0d1c3350-79e0-40fb-a66e-c3bf4142397d','Views object (0d1c3350-79e0-40fb-a66e-c3bf4142397d)',1,'[{\"added\": {}}]',16,'59b890b5c60f44589ed18c5ecbb73082'),(13,'2024-12-15 10:20:57.698696','eac800a8-3e7c-449e-929f-4ce1089004ee','Brief eac800a8-3e7c-449e-929f-4ce1089004ee - Budget: 1025.55',1,'[{\"added\": {}}]',19,'59b890b5c60f44589ed18c5ecbb73082'),(14,'2024-12-15 10:21:37.497148','e2b55dfb-92ad-4d15-a2a2-06c2f7b17c02','Order e2b55dfb-92ad-4d15-a2a2-06c2f7b17c02 - PENDING',1,'[{\"added\": {}}]',20,'59b890b5c60f44589ed18c5ecbb73082'),(15,'2024-12-15 10:22:06.807830','cf6df80b-030d-4014-ab4d-e60519208127','Payment cf6df80b-030d-4014-ab4d-e60519208127 - SUCCESS',1,'[{\"added\": {}}]',21,'59b890b5c60f44589ed18c5ecbb73082'),(16,'2024-12-17 15:29:19.962784','293e46a5-5f82-42ee-83d6-717d7f850259','klm',1,'[{\"added\": {}}]',14,'59b890b5c60f44589ed18c5ecbb73082'),(17,'2024-12-19 22:52:06.266799','08f96a0b-a445-4630-8c18-afd67617c48e','Payment 08f96a0b-a445-4630-8c18-afd67617c48e - SUCCESS',1,'[{\"added\": {}}]',21,'59b890b5c60f44589ed18c5ecbb73082'),(18,'2024-12-20 10:17:27.259922','8b78b73a-44ce-445a-99d9-fcb73bc5b031','Chat 8b78b73a-44ce-445a-99d9-fcb73bc5b031',1,'[{\"added\": {}}]',17,'59b890b5c60f44589ed18c5ecbb73082'),(19,'2024-12-20 10:17:43.475035','fc8c762a-dbc9-4bd4-8d09-001c84146a67','Message fc8c762a-dbc9-4bd4-8d09-001c84146a67',1,'[{\"added\": {}}]',18,'59b890b5c60f44589ed18c5ecbb73082'),(20,'2024-12-20 10:18:22.705229','056910dc-82aa-476d-84fe-6151d3da29ff','Message 056910dc-82aa-476d-84fe-6151d3da29ff',1,'[{\"added\": {}}]',18,'59b890b5c60f44589ed18c5ecbb73082'),(21,'2024-12-20 10:20:46.497434','c2007f1d-dea1-4c28-a21a-a6cd3b561dfa','Message c2007f1d-dea1-4c28-a21a-a6cd3b561dfa',1,'[{\"added\": {}}]',18,'59b890b5c60f44589ed18c5ecbb73082'),(22,'2024-12-20 10:34:13.180389','a5068979-3bce-4249-a16c-b55581f18c2c','Message a5068979-3bce-4249-a16c-b55581f18c2c',1,'[{\"added\": {}}]',18,'59b890b5c60f44589ed18c5ecbb73082'),(23,'2024-12-26 22:29:21.768143','8759d93c-df27-42b7-a1dc-1f53b5447c25','Insta',1,'[{\"added\": {}}]',22,'59b890b5c60f44589ed18c5ecbb73082'),(24,'2024-12-27 22:13:46.268402','1','Videoo by user1',1,'[{\"added\": {}}]',23,'59b890b5c60f44589ed18c5ecbb73082'),(25,'2025-01-03 20:09:20.360622','1','Video for Videoo (user1)',1,'[{\"added\": {}}]',24,'59b890b5c60f44589ed18c5ecbb73082'),(26,'2025-01-20 20:55:44.275644','ef0cfb50-5d34-4b7e-83e4-84c9c813761d','ss',1,'[{\"added\": {}}]',11,'59b890b5c60f44589ed18c5ecbb73082'),(27,'2025-01-22 09:40:50.685968','ee69a506-f2c9-482c-8740-b3625f272c2d','user11 (user11@domain.com)',1,'[{\"added\": {}}]',9,'59b890b5c60f44589ed18c5ecbb73082'),(28,'2025-01-22 09:53:15.354570','69fbad56-d5bc-4012-8971-1c5f42d74578','brand11 (brand11@domain.com)',1,'[{\"added\": {}}]',9,'59b890b5c60f44589ed18c5ecbb73082'),(29,'2025-01-24 17:12:49.007211','fb644a14-793e-443d-bc69-5678d376387f','INSTA VIDEOS22 by user11',3,'',31,'59b890b5c60f44589ed18c5ecbb73082'),(30,'2025-01-24 17:13:38.862483','ed821788-de0d-49aa-b43a-16c63456c2ad','Videoo by user1',1,'[{\"added\": {}}]',31,'59b890b5c60f44589ed18c5ecbb73082'),(31,'2025-01-24 17:17:32.941455','0c12818a-6da9-4bee-a043-819d3dc5791b','Video for Videoo (user1)',1,'[{\"added\": {}}]',34,'59b890b5c60f44589ed18c5ecbb73082'),(32,'2025-01-24 17:18:07.032911','73df3196-0a01-4bbc-ac49-4fa276dc5507','INSTA VIDEOS22 by user11',3,'',31,'59b890b5c60f44589ed18c5ecbb73082'),(33,'2025-01-24 17:18:07.032911','557c0430-9438-475f-84d0-aa1005a7f3aa','INSTA VIDEOS22 by user11',3,'',31,'59b890b5c60f44589ed18c5ecbb73082'),(34,'2025-01-25 16:21:25.161725','78a4e74a-b96f-4483-b690-c252a7459acd','programming',1,'[{\"added\": {}}]',32,'59b890b5c60f44589ed18c5ecbb73082'),(35,'2025-01-25 16:22:20.287501','28aab4ca-fe8d-4708-8348-93819a652225','CC',1,'[{\"added\": {}}]',33,'59b890b5c60f44589ed18c5ecbb73082'),(36,'2025-01-25 16:22:51.075828','35487d7c-df9d-4e22-b83a-6bd02accb76f','cook',1,'[{\"added\": {}}]',32,'59b890b5c60f44589ed18c5ecbb73082'),(37,'2025-01-25 16:23:35.586014','84535139-8161-4a0e-adb7-d734b5d9082b','CCKK',1,'[{\"added\": {}}]',33,'59b890b5c60f44589ed18c5ecbb73082'),(38,'2025-02-04 17:11:47.292576','95a454c3-db11-4087-8466-8212eb3f58a9','Order #95a454c3-db11-4087-8466-8212eb3f58a9 - bb',1,'[{\"added\": {}}]',20,'59b890b5c60f44589ed18c5ecbb73082'),(39,'2025-02-04 17:12:18.803168','91adc92b-9dfb-4800-bc42-8f1829d6faf8','Item in Order #95a454c3-db11-4087-8466-8212eb3f58a9 - bb',1,'[{\"added\": {}}]',37,'59b890b5c60f44589ed18c5ecbb73082'),(40,'2025-02-04 17:13:39.738737','24ea6181-ac39-44c9-8ad9-b6dfa2a0d1a8','Order #24ea6181-ac39-44c9-8ad9-b6dfa2a0d1a8 - sb',1,'[{\"added\": {}}]',20,'59b890b5c60f44589ed18c5ecbb73082'),(41,'2025-02-04 17:16:17.952538','75c31f8d-e770-4b4c-ad2d-e3b8e4e396af','INSTA VIDEOS22 - user11 (DELIVERED)',1,'[{\"added\": {}}]',28,'59b890b5c60f44589ed18c5ecbb73082'),(42,'2025-02-04 17:22:47.913011','1848f9f9-0f1d-4d95-9295-935d27fe4fe4','bb',2,'[{\"changed\": {\"fields\": [\"Brand name\", \"Phone number\", \"Avg response speed\"]}}]',11,'59b890b5c60f44589ed18c5ecbb73082'),(43,'2025-02-04 18:05:07.855468','f7ec6eda-d0e5-4217-86ba-baf4b2fe466d','Order #f7ec6eda-d0e5-4217-86ba-baf4b2fe466d - bb',1,'[{\"added\": {}}]',20,'59b890b5c60f44589ed18c5ecbb73082'),(44,'2025-02-04 18:06:13.634426','95a454c3-db11-4087-8466-8212eb3f58a9','Order #95a454c3-db11-4087-8466-8212eb3f58a9 - bb',3,'',20,'59b890b5c60f44589ed18c5ecbb73082'),(45,'2025-02-04 18:06:33.573493','ce60e5d9-97cb-4bd6-9cf8-73101d95ba51','Item in Order #f7ec6eda-d0e5-4217-86ba-baf4b2fe466d - bb',1,'[{\"added\": {}}]',37,'59b890b5c60f44589ed18c5ecbb73082'),(46,'2025-02-04 18:11:20.116996','376edd6f-1cb0-43fb-a81a-82f6a955465c','Order #376edd6f-1cb0-43fb-a81a-82f6a955465c - bb',1,'[{\"added\": {}}]',20,'59b890b5c60f44589ed18c5ecbb73082'),(47,'2025-02-04 18:14:14.374138','f94cc317-6739-4d76-b4e4-e22fa0ae5e71','Item in Order #f7ec6eda-d0e5-4217-86ba-baf4b2fe466d - bb',1,'[{\"added\": {}}]',37,'59b890b5c60f44589ed18c5ecbb73082'),(48,'2025-02-04 18:14:41.630667','44ce30f6-c83a-409f-9aa7-f7174cec02b9','Item in Order #376edd6f-1cb0-43fb-a81a-82f6a955465c - bb',1,'[{\"added\": {}}]',37,'59b890b5c60f44589ed18c5ecbb73082'),(49,'2025-02-04 21:37:55.958903','4fdc5ff8-df49-4317-ad33-9c2ceeed4113','Cart of brand11',1,'[{\"added\": {}}]',26,'59b890b5c60f44589ed18c5ecbb73082'),(50,'2025-02-04 21:38:05.312446','680806ba-55b9-4a0c-8ee4-c6b765c641bd','Cart of brand11',1,'[{\"added\": {}}]',26,'59b890b5c60f44589ed18c5ecbb73082'),(51,'2025-02-04 21:38:25.775062','3166233e-c8d4-41fd-8883-836fb9c02681','3 x INSTA VIDEOS22',1,'[{\"added\": {}}]',27,'59b890b5c60f44589ed18c5ecbb73082'),(52,'2025-02-04 21:38:41.321870','22335b22-36ec-4bf9-8ed8-4d59e77d7c34','1 x INSTA VIDEOS22',1,'[{\"added\": {}}]',27,'59b890b5c60f44589ed18c5ecbb73082'),(53,'2025-02-05 20:47:42.636992','7cf70a0f-8a58-4c45-b428-6970079a45f2','Payment 7cf70a0f-8a58-4c45-b428-6970079a45f2 - PENDING',1,'[{\"added\": {}}]',21,'59b890b5c60f44589ed18c5ecbb73082'),(54,'2025-03-11 00:28:27.006676','06608f67-2ee5-421a-b0a5-9c5662a2cce7','SS',1,'[{\"added\": {}}]',38,'59b890b5c60f44589ed18c5ecbb73082'),(55,'2025-03-11 00:29:04.558969','379dd3fc-b4d4-454e-9ebd-9cf995eec5cb','SH@',1,'[{\"added\": {}}]',39,'59b890b5c60f44589ed18c5ecbb73082'),(56,'2025-03-11 00:29:25.863565','6fd9cb9d-3955-4b15-a159-ac9738e399fc','Order #6fd9cb9d-3955-4b15-a159-ac9738e399fc - bb',1,'[{\"added\": {}}]',20,'59b890b5c60f44589ed18c5ecbb73082'),(57,'2025-03-11 00:31:20.635789','03c457b4-3314-4ed3-979d-8cd801106777','Item in Order #6fd9cb9d-3955-4b15-a159-ac9738e399fc - bb',1,'[{\"added\": {}}]',37,'59b890b5c60f44589ed18c5ecbb73082'),(58,'2025-03-11 00:31:45.754092','f6745412-5e2e-4ef9-b1d4-84bb89834312','Item in Order #6fd9cb9d-3955-4b15-a159-ac9738e399fc - bb',1,'[{\"added\": {}}]',37,'59b890b5c60f44589ed18c5ecbb73082'),(59,'2025-03-13 22:28:24.901546','47eed9eb-8322-4ecc-ae5d-47658983399c','Payment 47eed9eb-8322-4ecc-ae5d-47658983399c - SUCCESS',1,'[{\"added\": {}}]',21,'59b890b5c60f44589ed18c5ecbb73082'),(60,'2025-03-13 22:43:25.532440','9f0b528c-ad90-414a-a2f9-775e7dcbe953','Balance object (9f0b528c-ad90-414a-a2f9-775e7dcbe953)',2,'[{\"changed\": {\"fields\": [\"Withdrawable balance\", \"Pending balance\"]}}]',35,'59b890b5c60f44589ed18c5ecbb73082'),(61,'2025-03-13 22:44:05.051374','3898ee45-7659-47db-b3e0-4b85f7d004e4','Transaction object (3898ee45-7659-47db-b3e0-4b85f7d004e4)',1,'[{\"added\": {}}]',36,'59b890b5c60f44589ed18c5ecbb73082'),(62,'2025-03-13 23:56:12.363145','7cf70a0f-8a58-4c45-b428-6970079a45f2','Payment 7cf70a0f-8a58-4c45-b428-6970079a45f2 - PENDING',3,'',21,'59b890b5c60f44589ed18c5ecbb73082'),(63,'2025-03-13 23:56:12.363145','47eed9eb-8322-4ecc-ae5d-47658983399c','Payment 47eed9eb-8322-4ecc-ae5d-47658983399c - SUCCESS',3,'',21,'59b890b5c60f44589ed18c5ecbb73082'),(64,'2025-03-13 23:56:12.363145','08f96a0b-a445-4630-8c18-afd67617c48e','Payment 08f96a0b-a445-4630-8c18-afd67617c48e - PENDING',3,'',21,'59b890b5c60f44589ed18c5ecbb73082'),(65,'2025-03-13 23:56:27.072796','2694fc25-67ca-49a9-9f73-1ce61211d51c','Payment 2694fc25-67ca-49a9-9f73-1ce61211d51c - PENDING',1,'[{\"added\": {}}]',21,'59b890b5c60f44589ed18c5ecbb73082'),(66,'2025-03-14 23:49:46.134119','e10963ad-a016-4ebc-929d-1ddd9b4d8f90','Rating 3.0 by bb for user11',1,'[{\"added\": {}}]',30,'59b890b5c60f44589ed18c5ecbb73082'),(67,'2025-03-15 22:44:43.313407','b8d80f53-2b25-4be8-91dd-0535c04387f6','2 x Videoo',1,'[{\"added\": {}}]',27,'59b890b5c60f44589ed18c5ecbb73082'),(68,'2025-03-17 22:18:00.993266','2694fc25-67ca-49a9-9f73-1ce61211d51c','Payment 2694fc25-67ca-49a9-9f73-1ce61211d51c - PENDING',3,'',21,'59b890b5c60f44589ed18c5ecbb73082'),(69,'2025-03-17 22:18:48.157665','c27fb5d1-46f4-4994-abb6-759c06014961','Payment c27fb5d1-46f4-4994-abb6-759c06014961 - SUCCESS',1,'[{\"added\": {}}]',21,'59b890b5c60f44589ed18c5ecbb73082'),(70,'2025-03-22 22:02:59.714843','80da5d15-1251-436f-8e14-1dad88e3df3f','user12 (user12@domain.com)',1,'[{\"added\": {}}]',9,'59b890b5c60f44589ed18c5ecbb73082'),(71,'2025-03-22 22:04:09.972095','cf088972-9f17-4a82-a27f-b50a426a62b7','brand12 (brand12@domain.com)',1,'[{\"added\": {}}]',9,'59b890b5c60f44589ed18c5ecbb73082'),(72,'2025-03-24 14:24:52.451063','25fc68c2-a0cc-43d6-aa04-6d434b2a48e1','sb',3,'',11,'59b890b5c60f44589ed18c5ecbb73082'),(73,'2025-03-24 21:04:18.904222','ef0cfb50-5d34-4b7e-83e4-84c9c813761d','ss',2,'[{\"changed\": {\"fields\": [\"Brand name\"]}}]',11,'59b890b5c60f44589ed18c5ecbb73082'),(74,'2025-03-25 21:59:43.089971','6fd9cb9d-3955-4b15-a159-ac9738e399fc','Order #6fd9cb9d-3955-4b15-a159-ac9738e399fc - ss',2,'[{\"changed\": {\"fields\": [\"Status\"]}}]',20,'59b890b5c60f44589ed18c5ecbb73082'),(75,'2025-03-26 20:00:49.149298','032d4e03-9795-469a-b827-b72b47678c50','b12',2,'[{\"changed\": {\"fields\": [\"Brand name\", \"Phone number\"]}}]',11,'59b890b5c60f44589ed18c5ecbb73082'),(76,'2025-03-26 20:01:06.181724','2214325b-0d39-4cfa-9ac2-ceef3f43d3f3','Cart of brand12',1,'[{\"added\": {}}]',26,'59b890b5c60f44589ed18c5ecbb73082'),(77,'2025-03-26 20:01:11.114847','2214325b-0d39-4cfa-9ac2-ceef3f43d3f3','Cart of brand12',2,'[]',26,'59b890b5c60f44589ed18c5ecbb73082'),(78,'2025-03-26 20:01:44.746144','e7a8d3a4-e833-495e-a9b1-662a26198377','4 x YOUTUBE',1,'[{\"added\": {}}]',27,'59b890b5c60f44589ed18c5ecbb73082'),(79,'2025-03-26 20:14:14.519445','ab5679a4-87d3-4645-b8af-f20b48d29cf7','5 x INSTA VIDEOS22',1,'[{\"added\": {}}]',27,'59b890b5c60f44589ed18c5ecbb73082'),(80,'2025-03-26 20:17:25.058634','ab63b52f-9abf-4a4e-907a-6e9e133b74d8','Order #ab63b52f-9abf-4a4e-907a-6e9e133b74d8 - b12',3,'',20,'59b890b5c60f44589ed18c5ecbb73082'),(81,'2025-03-26 20:28:56.089775','0fac80e1-2add-4138-a037-15a093f1293e','Order #0fac80e1-2add-4138-a037-15a093f1293e - b12',3,'',20,'59b890b5c60f44589ed18c5ecbb73082'),(82,'2025-03-26 20:29:20.934993','c31da476-b4e4-4c89-9d29-d0537c665d64','Order #c31da476-b4e4-4c89-9d29-d0537c665d64 - b12',3,'',20,'59b890b5c60f44589ed18c5ecbb73082'),(83,'2025-03-26 20:29:31.451445','7fe60c72-2550-440d-938d-3edaae38d387','Cart of brand12',1,'[{\"added\": {}}]',26,'59b890b5c60f44589ed18c5ecbb73082'),(84,'2025-03-26 20:29:51.199765','dd4b232c-a64b-43d4-97ee-9703fac28072','4 x INSTA VIDEOS22',1,'[{\"added\": {}}]',27,'59b890b5c60f44589ed18c5ecbb73082'),(85,'2025-03-26 20:30:08.048594','1392bcac-925b-44a2-91db-f9b212fcfc8c','5 x YOUTUBE',1,'[{\"added\": {}}]',27,'59b890b5c60f44589ed18c5ecbb73082'),(86,'2025-03-26 20:53:12.081725','cf088972-9f17-4a82-a27f-b50a426a62b7','brand12 (brand12@domain.com)',2,'[{\"changed\": {\"fields\": [\"Staff status\"]}}]',9,'59b890b5c60f44589ed18c5ecbb73082'),(87,'2025-03-26 22:22:54.849858','86bd1af8-8bc5-4d48-8620-61291d7ad8d6','Order #86bd1af8-8bc5-4d48-8620-61291d7ad8d6 - b12',3,'',20,'59b890b5c60f44589ed18c5ecbb73082'),(88,'2025-03-26 22:23:47.637048','cdd61b1d-fe10-462c-87a1-3177ed7229e6','Cart of brand12',1,'[{\"added\": {}}]',26,'59b890b5c60f44589ed18c5ecbb73082'),(89,'2025-03-26 22:24:06.156731','7a64c187-24a1-44c5-a5f4-474de1dfa469','5 x INSTA VIDEOS22',1,'[{\"added\": {}}]',27,'59b890b5c60f44589ed18c5ecbb73082'),(90,'2025-03-26 22:24:21.792405','e623cafd-1245-4e91-a3f8-28278f043d38','5 x YOUTUBE',1,'[{\"added\": {}}]',27,'59b890b5c60f44589ed18c5ecbb73082'),(91,'2025-03-26 22:26:05.291310','cf088972-9f17-4a82-a27f-b50a426a62b7','brand12 (brand12@domain.com)',2,'[{\"changed\": {\"fields\": [\"Staff status\"]}}]',9,'59b890b5c60f44589ed18c5ecbb73082'),(92,'2025-03-26 22:48:04.138507','cf088972-9f17-4a82-a27f-b50a426a62b7','brand12 (brand12@domain.com)',2,'[{\"changed\": {\"fields\": [\"Staff status\"]}}]',9,'59b890b5c60f44589ed18c5ecbb73082');
/*!40000 ALTER TABLE `django_admin_log` ENABLE KEYS */;
UNLOCK TABLES;

--
-- Table structure for table `django_celery_beat_clockedschedule`
--

DROP TABLE IF EXISTS `django_celery_beat_clockedschedule`;
/*!40101 SET @saved_cs_client     = @@character_set_client */;
/*!50503 SET character_set_client = utf8mb4 */;
CREATE TABLE `django_celery_beat_clockedschedule` (
  `id` int NOT NULL AUTO_INCREMENT,
  `clocked_time` datetime(6) NOT NULL,
  PRIMARY KEY (`id`)
) ENGINE=InnoDB DEFAULT CHARSET=utf8mb4 COLLATE=utf8mb4_0900_ai_ci;
/*!40101 SET character_set_client = @saved_cs_client */;

--
-- Dumping data for table `django_celery_beat_clockedschedule`
--

LOCK TABLES `django_celery_beat_clockedschedule` WRITE;
/*!40000 ALTER TABLE `django_celery_beat_clockedschedule` DISABLE KEYS */;
/*!40000 ALTER TABLE `django_celery_beat_clockedschedule` ENABLE KEYS */;
UNLOCK TABLES;

--
-- Table structure for table `django_celery_beat_crontabschedule`
--

DROP TABLE IF EXISTS `django_celery_beat_crontabschedule`;
/*!40101 SET @saved_cs_client     = @@character_set_client */;
/*!50503 SET character_set_client = utf8mb4 */;
CREATE TABLE `django_celery_beat_crontabschedule` (
  `id` int NOT NULL AUTO_INCREMENT,
  `minute` varchar(240) NOT NULL,
  `hour` varchar(96) NOT NULL,
  `day_of_week` varchar(64) NOT NULL,
  `day_of_month` varchar(124) NOT NULL,
  `month_of_year` varchar(64) NOT NULL,
  `timezone` varchar(63) NOT NULL,
  PRIMARY KEY (`id`)
) ENGINE=InnoDB DEFAULT CHARSET=utf8mb4 COLLATE=utf8mb4_0900_ai_ci;
/*!40101 SET character_set_client = @saved_cs_client */;

--
-- Dumping data for table `django_celery_beat_crontabschedule`
--

LOCK TABLES `django_celery_beat_crontabschedule` WRITE;
/*!40000 ALTER TABLE `django_celery_beat_crontabschedule` DISABLE KEYS */;
/*!40000 ALTER TABLE `django_celery_beat_crontabschedule` ENABLE KEYS */;
UNLOCK TABLES;

--
-- Table structure for table `django_celery_beat_intervalschedule`
--

DROP TABLE IF EXISTS `django_celery_beat_intervalschedule`;
/*!40101 SET @saved_cs_client     = @@character_set_client */;
/*!50503 SET character_set_client = utf8mb4 */;
CREATE TABLE `django_celery_beat_intervalschedule` (
  `id` int NOT NULL AUTO_INCREMENT,
  `every` int NOT NULL,
  `period` varchar(24) NOT NULL,
  PRIMARY KEY (`id`)
) ENGINE=InnoDB DEFAULT CHARSET=utf8mb4 COLLATE=utf8mb4_0900_ai_ci;
/*!40101 SET character_set_client = @saved_cs_client */;

--
-- Dumping data for table `django_celery_beat_intervalschedule`
--

LOCK TABLES `django_celery_beat_intervalschedule` WRITE;
/*!40000 ALTER TABLE `django_celery_beat_intervalschedule` DISABLE KEYS */;
/*!40000 ALTER TABLE `django_celery_beat_intervalschedule` ENABLE KEYS */;
UNLOCK TABLES;

--
-- Table structure for table `django_celery_beat_periodictask`
--

DROP TABLE IF EXISTS `django_celery_beat_periodictask`;
/*!40101 SET @saved_cs_client     = @@character_set_client */;
/*!50503 SET character_set_client = utf8mb4 */;
CREATE TABLE `django_celery_beat_periodictask` (
  `id` int NOT NULL AUTO_INCREMENT,
  `name` varchar(200) NOT NULL,
  `task` varchar(200) NOT NULL,
  `args` longtext NOT NULL,
  `kwargs` longtext NOT NULL,
  `queue` varchar(200) DEFAULT NULL,
  `exchange` varchar(200) DEFAULT NULL,
  `routing_key` varchar(200) DEFAULT NULL,
  `expires` datetime(6) DEFAULT NULL,
  `enabled` tinyint(1) NOT NULL,
  `last_run_at` datetime(6) DEFAULT NULL,
  `total_run_count` int unsigned NOT NULL,
  `date_changed` datetime(6) NOT NULL,
  `description` longtext NOT NULL,
  `crontab_id` int DEFAULT NULL,
  `interval_id` int DEFAULT NULL,
  `solar_id` int DEFAULT NULL,
  `one_off` tinyint(1) NOT NULL,
  `start_time` datetime(6) DEFAULT NULL,
  `priority` int unsigned DEFAULT NULL,
  `headers` longtext NOT NULL DEFAULT (_utf8mb3'{}'),
  `clocked_id` int DEFAULT NULL,
  `expire_seconds` int unsigned DEFAULT NULL,
  PRIMARY KEY (`id`),
  UNIQUE KEY `name` (`name`),
  KEY `django_celery_beat_p_crontab_id_d3cba168_fk_django_ce` (`crontab_id`),
  KEY `django_celery_beat_p_interval_id_a8ca27da_fk_django_ce` (`interval_id`),
  KEY `django_celery_beat_p_solar_id_a87ce72c_fk_django_ce` (`solar_id`),
  KEY `django_celery_beat_p_clocked_id_47a69f82_fk_django_ce` (`clocked_id`),
  CONSTRAINT `django_celery_beat_p_clocked_id_47a69f82_fk_django_ce` FOREIGN KEY (`clocked_id`) REFERENCES `django_celery_beat_clockedschedule` (`id`),
  CONSTRAINT `django_celery_beat_p_crontab_id_d3cba168_fk_django_ce` FOREIGN KEY (`crontab_id`) REFERENCES `django_celery_beat_crontabschedule` (`id`),
  CONSTRAINT `django_celery_beat_p_interval_id_a8ca27da_fk_django_ce` FOREIGN KEY (`interval_id`) REFERENCES `django_celery_beat_intervalschedule` (`id`),
  CONSTRAINT `django_celery_beat_p_solar_id_a87ce72c_fk_django_ce` FOREIGN KEY (`solar_id`) REFERENCES `django_celery_beat_solarschedule` (`id`),
  CONSTRAINT `django_celery_beat_periodictask_chk_1` CHECK ((`total_run_count` >= 0)),
  CONSTRAINT `django_celery_beat_periodictask_chk_2` CHECK ((`priority` >= 0)),
  CONSTRAINT `django_celery_beat_periodictask_chk_3` CHECK ((`expire_seconds` >= 0))
) ENGINE=InnoDB DEFAULT CHARSET=utf8mb4 COLLATE=utf8mb4_0900_ai_ci;
/*!40101 SET character_set_client = @saved_cs_client */;

--
-- Dumping data for table `django_celery_beat_periodictask`
--

LOCK TABLES `django_celery_beat_periodictask` WRITE;
/*!40000 ALTER TABLE `django_celery_beat_periodictask` DISABLE KEYS */;
/*!40000 ALTER TABLE `django_celery_beat_periodictask` ENABLE KEYS */;
UNLOCK TABLES;

--
-- Table structure for table `django_celery_beat_periodictasks`
--

DROP TABLE IF EXISTS `django_celery_beat_periodictasks`;
/*!40101 SET @saved_cs_client     = @@character_set_client */;
/*!50503 SET character_set_client = utf8mb4 */;
CREATE TABLE `django_celery_beat_periodictasks` (
  `ident` smallint NOT NULL,
  `last_update` datetime(6) NOT NULL,
  PRIMARY KEY (`ident`)
) ENGINE=InnoDB DEFAULT CHARSET=utf8mb4 COLLATE=utf8mb4_0900_ai_ci;
/*!40101 SET character_set_client = @saved_cs_client */;

--
-- Dumping data for table `django_celery_beat_periodictasks`
--

LOCK TABLES `django_celery_beat_periodictasks` WRITE;
/*!40000 ALTER TABLE `django_celery_beat_periodictasks` DISABLE KEYS */;
/*!40000 ALTER TABLE `django_celery_beat_periodictasks` ENABLE KEYS */;
UNLOCK TABLES;

--
-- Table structure for table `django_celery_beat_solarschedule`
--

DROP TABLE IF EXISTS `django_celery_beat_solarschedule`;
/*!40101 SET @saved_cs_client     = @@character_set_client */;
/*!50503 SET character_set_client = utf8mb4 */;
CREATE TABLE `django_celery_beat_solarschedule` (
  `id` int NOT NULL AUTO_INCREMENT,
  `event` varchar(24) NOT NULL,
  `latitude` decimal(9,6) NOT NULL,
  `longitude` decimal(9,6) NOT NULL,
  PRIMARY KEY (`id`),
  UNIQUE KEY `django_celery_beat_solar_event_latitude_longitude_ba64999a_uniq` (`event`,`latitude`,`longitude`)
) ENGINE=InnoDB DEFAULT CHARSET=utf8mb4 COLLATE=utf8mb4_0900_ai_ci;
/*!40101 SET character_set_client = @saved_cs_client */;

--
-- Dumping data for table `django_celery_beat_solarschedule`
--

LOCK TABLES `django_celery_beat_solarschedule` WRITE;
/*!40000 ALTER TABLE `django_celery_beat_solarschedule` DISABLE KEYS */;
/*!40000 ALTER TABLE `django_celery_beat_solarschedule` ENABLE KEYS */;
UNLOCK TABLES;

--
-- Table structure for table `django_content_type`
--

DROP TABLE IF EXISTS `django_content_type`;
/*!40101 SET @saved_cs_client     = @@character_set_client */;
/*!50503 SET character_set_client = utf8mb4 */;
CREATE TABLE `django_content_type` (
  `id` int NOT NULL AUTO_INCREMENT,
  `app_label` varchar(100) NOT NULL,
  `model` varchar(100) NOT NULL,
  PRIMARY KEY (`id`),
  UNIQUE KEY `django_content_type_app_label_model_76bd3d3b_uniq` (`app_label`,`model`)
) ENGINE=InnoDB AUTO_INCREMENT=46 DEFAULT CHARSET=utf8mb4 COLLATE=utf8mb4_0900_ai_ci;
/*!40101 SET character_set_client = @saved_cs_client */;

--
-- Dumping data for table `django_content_type`
--

LOCK TABLES `django_content_type` WRITE;
/*!40000 ALTER TABLE `django_content_type` DISABLE KEYS */;
INSERT INTO `django_content_type` VALUES (1,'admin','logentry'),(3,'auth','group'),(2,'auth','permission'),(17,'Chat','chat'),(18,'Chat','message'),(12,'Content','category'),(13,'Content','comment'),(14,'Content','content'),(22,'Content','platform'),(15,'Content','rating'),(16,'Content','views'),(4,'contenttypes','contenttype'),(45,'django_celery_beat','clockedschedule'),(40,'django_celery_beat','crontabschedule'),(41,'django_celery_beat','intervalschedule'),(42,'django_celery_beat','periodictask'),(43,'django_celery_beat','periodictasks'),(44,'django_celery_beat','solarschedule'),(6,'easyaudit','crudevent'),(7,'easyaudit','loginevent'),(8,'easyaudit','requestevent'),(35,'Orders','balance'),(19,'Orders','brief'),(26,'Orders','cart'),(27,'Orders','cartitem'),(38,'Orders','fee'),(20,'Orders','order'),(37,'Orders','orderitem'),(21,'Orders','payment'),(39,'Orders','promocode'),(28,'Orders','purchase'),(36,'Orders','transaction'),(29,'Orders','withdrawal'),(30,'Reviews','review'),(32,'Services','category'),(33,'Services','content'),(31,'Services','service'),(34,'Services','servicevideo'),(5,'sessions','session'),(11,'Users','brand'),(10,'Users','creator'),(25,'Users','rating'),(23,'Users','service'),(24,'Users','servicevideo'),(9,'Users','user');
/*!40000 ALTER TABLE `django_content_type` ENABLE KEYS */;
UNLOCK TABLES;

--
-- Table structure for table `django_migrations`
--

DROP TABLE IF EXISTS `django_migrations`;
/*!40101 SET @saved_cs_client     = @@character_set_client */;
/*!50503 SET character_set_client = utf8mb4 */;
CREATE TABLE `django_migrations` (
  `id` bigint NOT NULL AUTO_INCREMENT,
  `app` varchar(255) NOT NULL,
  `name` varchar(255) NOT NULL,
  `applied` datetime(6) NOT NULL,
  PRIMARY KEY (`id`)
) ENGINE=InnoDB AUTO_INCREMENT=154 DEFAULT CHARSET=utf8mb4 COLLATE=utf8mb4_0900_ai_ci;
/*!40101 SET character_set_client = @saved_cs_client */;

--
-- Dumping data for table `django_migrations`
--

LOCK TABLES `django_migrations` WRITE;
/*!40000 ALTER TABLE `django_migrations` DISABLE KEYS */;
INSERT INTO `django_migrations` VALUES (1,'contenttypes','0001_initial','2024-12-14 20:31:44.802319'),(2,'contenttypes','0002_remove_content_type_name','2024-12-14 20:31:45.316626'),(3,'auth','0001_initial','2024-12-14 20:31:47.082727'),(4,'auth','0002_alter_permission_name_max_length','2024-12-14 20:31:47.579665'),(5,'auth','0003_alter_user_email_max_length','2024-12-14 20:31:47.626530'),(6,'auth','0004_alter_user_username_opts','2024-12-14 20:31:47.689848'),(7,'auth','0005_alter_user_last_login_null','2024-12-14 20:31:47.738221'),(8,'auth','0006_require_contenttypes_0002','2024-12-14 20:31:47.785454'),(9,'auth','0007_alter_validators_add_error_messages','2024-12-14 20:31:47.819292'),(10,'auth','0008_alter_user_username_max_length','2024-12-14 20:31:47.869453'),(11,'auth','0009_alter_user_last_name_max_length','2024-12-14 20:31:47.902080'),(12,'auth','0010_alter_group_name_max_length','2024-12-14 20:31:48.012165'),(13,'auth','0011_update_proxy_permissions','2024-12-14 20:31:48.035526'),(14,'auth','0012_alter_user_first_name_max_length','2024-12-14 20:31:48.090187'),(15,'Users','0001_initial','2024-12-14 20:31:51.491518'),(16,'Chat','0001_initial','2024-12-14 20:31:52.176699'),(17,'Chat','0002_initial','2024-12-14 20:31:53.444606'),(18,'Content','0001_initial','2024-12-14 20:31:54.824502'),(19,'Content','0002_initial','2024-12-14 20:31:57.662916'),(20,'Orders','0001_initial','2024-12-14 20:31:58.650508'),(21,'Orders','0002_initial','2024-12-14 20:32:00.813970'),(22,'admin','0001_initial','2024-12-14 20:32:01.801812'),(23,'admin','0002_logentry_remove_auto_add','2024-12-14 20:32:01.867812'),(24,'admin','0003_logentry_add_action_flag_choices','2024-12-14 20:32:01.936230'),(25,'easyaudit','0001_initial','2024-12-14 20:32:03.648817'),(26,'easyaudit','0002_auto_20170125_0759','2024-12-14 20:32:03.778554'),(27,'easyaudit','0003_auto_20170228_1505','2024-12-14 20:32:03.944688'),(28,'easyaudit','0004_auto_20170620_1354','2024-12-14 20:32:04.115693'),(29,'easyaudit','0005_auto_20170713_1155','2024-12-14 20:32:04.206264'),(30,'easyaudit','0006_auto_20171018_1242','2024-12-14 20:32:05.471988'),(31,'easyaudit','0007_auto_20180105_0838','2024-12-14 20:32:05.694464'),(32,'easyaudit','0008_auto_20180220_1908','2024-12-14 20:32:05.875995'),(33,'easyaudit','0009_auto_20180314_2225','2024-12-14 20:32:07.067760'),(34,'easyaudit','0010_repr_text','2024-12-14 20:32:07.504252'),(35,'easyaudit','0011_auto_20181101_1339','2024-12-14 20:32:08.185394'),(36,'easyaudit','0012_auto_20181018_0012','2024-12-14 20:32:08.835555'),(37,'easyaudit','0013_auto_20190723_0126','2024-12-14 20:32:09.389559'),(38,'easyaudit','0014_auto_20200513_0008','2024-12-14 20:32:09.860238'),(39,'easyaudit','0015_auto_20201019_1217','2024-12-14 20:32:10.315572'),(40,'easyaudit','0016_alter_crudevent_event_type','2024-12-14 20:32:10.403094'),(41,'easyaudit','0017_alter_requestevent_datetime','2024-12-14 20:32:10.551126'),(42,'sessions','0001_initial','2024-12-14 20:32:10.875384'),(43,'Orders','0003_brief_created_at','2024-12-15 09:41:17.357294'),(44,'Content','0003_rename_user_id_comment_user_and_more','2024-12-19 15:01:08.384590'),(45,'Content','0004_alter_content_category','2024-12-19 15:08:02.980885'),(46,'Content','0005_alter_content_category','2024-12-19 15:41:53.460282'),(47,'Content','0006_alter_comment_content_alter_content_creator_and_more','2024-12-19 15:59:18.175538'),(48,'Orders','0004_remove_payment_order_id_payment_order_and_more','2024-12-19 22:25:15.306494'),(49,'Chat','0003_alter_message_chat_id','2024-12-20 10:16:23.032311'),(50,'Orders','0005_alter_order_brief','2024-12-20 10:16:23.107887'),(51,'Chat','0004_alter_message_sender_id','2024-12-20 10:20:06.315952'),(52,'Chat','0005_alter_chat_brand','2024-12-20 10:24:57.552720'),(53,'Content','0007_alter_comment_user_alter_rating_user','2024-12-20 10:29:12.450957'),(54,'Orders','0006_alter_brief_brand_id_alter_brief_creator_id_and_more','2024-12-20 10:31:10.260767'),(55,'Content','0008_platform_remove_content_category_content_category','2024-12-25 22:47:21.274932'),(56,'Content','0009_content_platform','2024-12-26 22:30:29.594994'),(57,'Users','0002_service','2024-12-27 22:08:18.866232'),(58,'Users','0003_remove_service_call_to_action_number_and_more','2024-12-27 23:22:50.058675'),(59,'Users','0004_creator_avg_completion_rate_and_more','2024-12-27 23:35:45.068119'),(60,'Users','0005_remove_brand_company_name_remove_brand_description_and_more','2024-12-27 23:45:05.695473'),(61,'Users','0006_remove_creator_reviews','2024-12-28 11:28:29.067645'),(62,'Content','0010_rating_creator','2024-12-28 11:32:07.092013'),(63,'Content','0011_remove_content_video_file','2024-12-28 11:56:48.548631'),(64,'Users','0007_service_video_file','2024-12-28 11:56:48.771634'),(65,'Users','0008_user_country','2024-12-28 22:13:27.110027'),(66,'Content','0012_content_service','2024-12-28 22:13:28.022181'),(67,'easyaudit','0018_rename_crudevent_object_id_content_type_index','2024-12-28 22:13:28.373164'),(68,'easyaudit','0019_alter_crudevent_changed_fields_and_more','2024-12-28 22:13:33.399404'),(69,'easyaudit','0004_auto_20170620_1354_squashed_0019_alter_crudevent_changed_fields_and_more','2024-12-28 22:13:33.427462'),(70,'Content','0013_remove_content_platform_delete_platform','2024-12-28 22:28:28.215779'),(71,'Users','0009_brand_brand_name_brand_phone_number','2024-12-30 21:17:38.675609'),(72,'Content','0014_content_average_rating','2025-01-02 21:33:52.187024'),(73,'Users','0010_servicevideo','2025-01-02 22:39:28.156031'),(74,'Users','0011_remove_service_video_file','2025-01-02 22:40:32.153469'),(75,'Content','0015_delete_rating','2025-01-19 19:19:36.010060'),(76,'Users','0012_remove_creator_rating_remove_creator_video_links_and_more','2025-01-19 19:19:39.638083'),(77,'Orders','0007_rename_total_price_order_amount_remove_order_brief_and_more','2025-01-19 19:19:44.799359'),(78,'Orders','0008_alter_payment_options_remove_payment_payment_date_and_more','2025-01-19 19:24:06.001052'),(79,'Orders','0009_alter_withdrawal_creator','2025-01-19 20:05:14.630763'),(80,'Users','0013_rename_user_id_brand_user_and_more','2025-01-22 09:39:47.480774'),(81,'Users','0014_user_phone_number','2025-01-22 20:14:57.155098'),(82,'Content','0016_remove_content_category_remove_views_category_and_more','2025-01-23 17:23:36.155697'),(83,'Services','0001_initial','2025-01-23 17:23:39.263845'),(84,'Orders','0010_alter_cartitem_service_alter_order_service_and_more','2025-01-23 17:25:22.173776'),(85,'Reviews','0001_initial','2025-01-23 17:25:23.038818'),(86,'Reviews','0002_initial','2025-01-23 17:25:23.493984'),(87,'Users','0015_remove_service_creator_remove_servicevideo_service_and_more','2025-01-23 17:25:25.125987'),(88,'Reviews','0003_alter_review_rating','2025-01-23 17:38:28.512924'),(89,'Users','0016_remove_creator_average_rating','2025-01-24 10:13:21.461584'),(90,'Orders','0011_balance_transaction','2025-01-24 10:13:22.869586'),(91,'Reviews','0004_alter_review_brand_alter_review_creator_and_more','2025-01-24 10:16:01.172393'),(92,'Services','0002_remove_service_call_to_action_and_more','2025-01-24 15:22:18.149364'),(93,'Services','0003_alter_service_id','2025-01-24 16:11:09.825137'),(94,'Services','0004_alter_servicevideo_id','2025-01-24 16:11:34.081249'),(95,'Services','0005_remove_content_average_rating_content_platform_and_more','2025-01-24 20:09:48.771085'),(96,'Services','0006_content_is_portfolio_item','2025-01-25 19:51:37.749601'),(97,'Orders','0012_rename_amount_order_total_price_remove_order_service_and_more','2025-01-26 12:42:27.771019'),(98,'Orders','0013_alter_cart_brand_alter_cartitem_cart_and_more','2025-02-03 10:32:50.877757'),(99,'Orders','0014_remove_order_total_price_order_creator','2025-02-04 11:24:33.443830'),(100,'Orders','0015_cartitem_price','2025-02-04 18:36:28.171004'),(101,'Orders','0016_remove_balance_total_balance_and_more','2025-02-28 19:27:42.738365'),(102,'Orders','0017_remove_balance_total_balance_and_more','2025-03-06 22:40:12.125297'),(103,'Orders','0016_add_date_and_more','2025-03-07 22:44:32.561260'),(104,'Orders','0017_alter_account_details','2025-03-07 22:44:32.612566'),(105,'Orders','0018_remove_balance_total_balance_and_more','2025-03-07 22:45:02.268953'),(106,'Orders','0019_fee_promocode','2025-03-07 23:39:19.121596'),(107,'Orders','0020_alter_fee_id_alter_promocode_id','2025-03-07 23:39:45.563634'),(108,'Orders','0021_remove_order_promo_code_order_fee_and_more','2025-03-09 00:02:12.927491'),(110,'Orders','0022_remove_order_promo_code_remove_transaction_service','2025-03-09 00:16:44.803849'),(111,'Orders','0023_remove_order_promo_code','2025-03-09 00:16:57.234932'),(112,'Orders','0024_order_promo_code','2025-03-09 00:18:20.282521'),(113,'Orders','0025_transaction_service','2025-03-09 00:19:02.752805'),(114,'Orders','0026_orderitem_profit','2025-03-10 23:59:49.559004'),(115,'Orders','0027_remove_order_fee','2025-03-11 00:23:56.775968'),(116,'Orders','0028_order_fee','2025-03-11 00:24:24.101391'),(117,'Orders','0029_delete_purchase','2025-03-11 21:32:41.959034'),(118,'Orders','0030_rename_amount_payment_price','2025-03-13 23:22:01.110208'),(119,'Orders','0031_remove_payment_price','2025-03-13 23:33:36.482241'),(120,'Orders','0032_alter_transaction_transaction_type','2025-03-14 22:31:39.356959'),(121,'Orders','0033_alter_withdrawal_state','2025-03-14 22:39:03.994540'),(122,'Orders','0034_alter_withdrawal_state','2025-03-14 22:50:07.416167'),(123,'Orders','0035_alter_cart_brand','2025-03-15 22:41:14.673930'),(124,'Orders','0036_payment_card_cvc_payment_card_expiry_and_more','2025-03-17 22:14:52.857842'),(125,'Reviews','0005_alter_review_review','2025-03-20 21:55:41.008818'),(126,'Orders','0037_balance_total_balance','2025-03-22 11:13:59.925751'),(127,'Orders','0038_cart_fee_cart_promo_code_promocode_discount_type','2025-03-22 21:24:36.962523'),(128,'Orders','0039_remove_payment_card_cvc_remove_payment_card_expiry_and_more','2025-03-22 21:25:02.933340'),(129,'Orders','0040_alter_order_creator','2025-03-22 22:54:22.340465'),(130,'Orders','0041_remove_payment_payment_method_payment_amount_and_more','2025-03-23 11:51:34.669907'),(131,'django_celery_beat','0001_initial','2025-03-23 11:51:36.257909'),(132,'django_celery_beat','0002_auto_20161118_0346','2025-03-23 11:51:36.809251'),(133,'django_celery_beat','0003_auto_20161209_0049','2025-03-23 11:51:36.983247'),(134,'django_celery_beat','0004_auto_20170221_0000','2025-03-23 11:51:37.000243'),(135,'django_celery_beat','0005_add_solarschedule_events_choices','2025-03-23 11:51:37.025059'),(136,'django_celery_beat','0006_auto_20180322_0932','2025-03-23 11:51:37.904442'),(137,'django_celery_beat','0007_auto_20180521_0826','2025-03-23 11:51:38.247587'),(138,'django_celery_beat','0008_auto_20180914_1922','2025-03-23 11:51:38.362884'),(139,'django_celery_beat','0006_auto_20180210_1226','2025-03-23 11:51:38.447879'),(140,'django_celery_beat','0006_periodictask_priority','2025-03-23 11:51:38.929479'),(141,'django_celery_beat','0009_periodictask_headers','2025-03-23 11:51:39.348065'),(142,'django_celery_beat','0010_auto_20190429_0326','2025-03-23 11:51:40.061315'),(143,'django_celery_beat','0011_auto_20190508_0153','2025-03-23 11:51:40.598607'),(144,'django_celery_beat','0012_periodictask_expire_seconds','2025-03-23 11:51:41.426301'),(145,'django_celery_beat','0013_auto_20200609_0727','2025-03-23 11:51:41.491296'),(146,'django_celery_beat','0014_remove_clockedschedule_enabled','2025-03-23 11:51:41.626542'),(147,'django_celery_beat','0015_edit_solarschedule_events_choices','2025-03-23 11:51:41.646538'),(148,'django_celery_beat','0016_alter_crontabschedule_timezone','2025-03-23 11:51:41.716542'),(149,'django_celery_beat','0017_alter_crontabschedule_month_of_year','2025-03-23 11:51:41.757434'),(150,'django_celery_beat','0018_improve_crontab_helptext','2025-03-23 11:51:41.810437'),(151,'django_celery_beat','0019_alter_periodictasks_options','2025-03-23 11:51:41.845864'),(152,'Orders','0042_alter_cartitem_quantity','2025-03-26 13:02:55.533745'),(153,'Users','0017_alter_brand_register_date_and_more','2025-03-26 13:02:57.662424');
/*!40000 ALTER TABLE `django_migrations` ENABLE KEYS */;
UNLOCK TABLES;

--
-- Table structure for table `django_session`
--

DROP TABLE IF EXISTS `django_session`;
/*!40101 SET @saved_cs_client     = @@character_set_client */;
/*!50503 SET character_set_client = utf8mb4 */;
CREATE TABLE `django_session` (
  `session_key` varchar(40) NOT NULL,
  `session_data` longtext NOT NULL,
  `expire_date` datetime(6) NOT NULL,
  PRIMARY KEY (`session_key`),
  KEY `django_session_expire_date_a5c62663` (`expire_date`)
) ENGINE=InnoDB DEFAULT CHARSET=utf8mb4 COLLATE=utf8mb4_0900_ai_ci;
/*!40101 SET character_set_client = @saved_cs_client */;

--
-- Dumping data for table `django_session`
--

LOCK TABLES `django_session` WRITE;
/*!40000 ALTER TABLE `django_session` DISABLE KEYS */;
INSERT INTO `django_session` VALUES ('5y4e3nfem2uyr4pvcgbz0oquffxxacrk','.eJxVzMsOwiAQheF3YW0JMEAHl-59hoaZAVs1bdLLyvju2qQLXZ__Oy_V5W3tu20pczeIOquQCJOh0HA0tfE-YJOK2AY5FCZqwaBTp19GmR9l3K3c83ibNE_jOg-k90Qf66Kvk5Tn5Wj_Dvq89F8NBNExBY-lZcgIjJjBWS7WWPYcY0zUVhDjklSbgq22JmYP6LOIqPcH0tZBIw:1tZyj5:Yv4zAGf-TIp_XuXz_COlX8EqsymMEgXNOdROHAqR6Jc','2025-02-03 20:50:27.751665'),('8nq57fdam7p0ahs1g2lcbkkf38n7oo18','.eJxVzMsOwiAQheF3YW0JMEAHl-59hoaZAVs1bdLLyvju2qQLXZ__Oy_V5W3tu20pczeIOquQCJOh0HA0tfE-YJOK2AY5FCZqwaBTp19GmR9l3K3c83ibNE_jOg-k90Qf66Kvk5Tn5Wj_Dvq89F8NBNExBY-lZcgIjJjBWS7WWPYcY0zUVhDjklSbgq22JmYP6LOIqPcH0tZBIw:1tSN9B:VmP3wTh3xgVrvcpbXu9Ugnic48o3n3wjTlt1GTZhRCI','2025-01-13 21:17:57.739441'),('h49f3ts79cvdo28qvcw7lbqsp3igp48v','.eJxVzMsOwiAQheF3YW0JMEAHl-59hoaZAVs1bdLLyvju2qQLXZ__Oy_V5W3tu20pczeIOquQCJOh0HA0tfE-YJOK2AY5FCZqwaBTp19GmR9l3K3c83ibNE_jOg-k90Qf66Kvk5Tn5Wj_Dvq89F8NBNExBY-lZcgIjJjBWS7WWPYcY0zUVhDjklSbgq22JmYP6LOIqPcH0tZBIw:1trOgX:fMEENatnXXKHAhAe1by7ByOI4aRyGHEkVQLvEfSKJG8','2025-03-23 21:59:49.196066'),('sibzszlz5syij678kaykj11zm7w15f99','.eJxVjjkOwjAUBe_iGlt24uWbkp4zRP6LCYsSKUuFuDuJlALqNzN6b9WVdem7dZapu7M6q5ARssWgKdqqvQ-gs7DTQEEIMbUWGnX61bDQU4bd5UcZbqOhcVimO5odMcc6m-vI8roc7F-gL3O_2QlCwuKztA4iIPD2gyR562ITi02lNsQuOAkYsEagbJ0AM9V2J1l9vsf7QQY:1tMYvY:OH88DqmUSIx0GLFjKrQELOdEJJaaktxGkB5F0eS3NQc','2024-12-28 20:39:52.140190'),('tk2w73749qexlf5pxa4fpknnbvi0yxkn','.eJxVzMsOwiAQheF3YW0JMEAHl-59hoaZAVs1bdLLyvju2qQLXZ__Oy_V5W3tu20pczeIOquQCJOh0HA0tfE-YJOK2AY5FCZqwaBTp19GmR9l3K3c83ibNE_jOg-k90Qf66Kvk5Tn5Wj_Dvq89F8NBNExBY-lZcgIjJjBWS7WWPYcY0zUVhDjklSbgq22JmYP6LOIqPcH0tZBIw:1tfMBe:BV27j_hpTJK2Ej8gv9SRusIaVJe4J9oB5cgBAm7TAlM','2025-02-18 16:54:10.336589'),('x8c04fpcgi0sjqaseqfjayun65ri7m8d','.eJxVzMsOwiAQheF3YW0JMEAHl-59hoaZAVs1bdLLyvju2qQLXZ__Oy_V5W3tu20pczeIOquQCJOh0HA0tfE-YJOK2AY5FCZqwaBTp19GmR9l3K3c83ibNE_jOg-k90Qf66Kvk5Tn5Wj_Dvq89F8NBNExBY-lZcgIjJjBWS7WWPYcY0zUVhDjklSbgq22JmYP6LOIqPcH0tZBIw:1twi7n:nTmmOsxaR2MteYL5dB07w0Ovw4x_QDk63cxw11vLsdE','2025-04-07 13:45:55.032378');
/*!40000 ALTER TABLE `django_session` ENABLE KEYS */;
UNLOCK TABLES;

--
-- Table structure for table `easyaudit_crudevent`
--

DROP TABLE IF EXISTS `easyaudit_crudevent`;
/*!40101 SET @saved_cs_client     = @@character_set_client */;
/*!50503 SET character_set_client = utf8mb4 */;
CREATE TABLE `easyaudit_crudevent` (
  `id` int NOT NULL AUTO_INCREMENT,
  `event_type` smallint NOT NULL,
  `object_id` varchar(255) NOT NULL,
  `object_repr` longtext NOT NULL,
  `object_json_repr` longtext NOT NULL,
  `datetime` datetime(6) NOT NULL,
  `content_type_id` int NOT NULL,
  `user_id` char(32) DEFAULT NULL,
  `user_pk_as_string` varchar(255) NOT NULL,
  `changed_fields` longtext NOT NULL,
  PRIMARY KEY (`id`),
  KEY `easyaudit_crudevent_content_type_id_618ed0c6_fk_django_co` (`content_type_id`),
  KEY `easyaudit_crudevent_user_id_09177b54_fk_Users_user_id` (`user_id`),
  KEY `easyaudit_c_object__82020b_idx` (`object_id`,`content_type_id`)
) ENGINE=InnoDB AUTO_INCREMENT=156 DEFAULT CHARSET=utf8mb4 COLLATE=utf8mb4_0900_ai_ci;
/*!40101 SET character_set_client = @saved_cs_client */;

--
-- Dumping data for table `easyaudit_crudevent`
--

LOCK TABLES `easyaudit_crudevent` WRITE;
/*!40000 ALTER TABLE `easyaudit_crudevent` DISABLE KEYS */;
INSERT INTO `easyaudit_crudevent` VALUES (1,1,'59b890b5-c60f-4458-9ed1-8c5ecbb73082','ss (ss@domain.com)','[{\"model\": \"Users.user\", \"pk\": \"59b890b5-c60f-4458-9ed1-8c5ecbb73082\", \"fields\": {\"password\": \"pbkdf2_sha256$600000$iBYGBYwauogO698op8Mnli$qMUf9MBj5iUzuug/2bvhaQpgcdoNrYHrNUqujh7ZAWU=\", \"last_login\": null, \"is_superuser\": true, \"username\": \"ss\", \"is_staff\": true, \"is_active\": true, \"date_joined\": \"2024-12-14T20:39:12.429Z\", \"first_name\": \"Ss\", \"last_name\": \"Shb\", \"birth_date\": \"2002-01-01\", \"gender\": \"F\", \"email\": \"ss@domain.com\", \"user_type\": \"\", \"groups\": [], \"user_permissions\": []}}]','2024-12-14 20:39:13.407023',9,NULL,'',''),(2,2,'59b890b5-c60f-4458-9ed1-8c5ecbb73082','ss (ss@domain.com)','[{\"model\": \"Users.user\", \"pk\": \"59b890b5-c60f-4458-9ed1-8c5ecbb73082\", \"fields\": {\"password\": \"pbkdf2_sha256$600000$iBYGBYwauogO698op8Mnli$qMUf9MBj5iUzuug/2bvhaQpgcdoNrYHrNUqujh7ZAWU=\", \"last_login\": \"2024-12-14T20:39:51.497Z\", \"is_superuser\": true, \"username\": \"ss\", \"is_staff\": true, \"is_active\": true, \"date_joined\": \"2024-12-14T20:39:12.429Z\", \"first_name\": \"Ss\", \"last_name\": \"Shb\", \"birth_date\": \"2002-01-01\", \"gender\": \"F\", \"email\": \"ss@domain.com\", \"user_type\": \"\", \"groups\": [], \"user_permissions\": []}}]','2024-12-14 20:39:51.798039',9,'59b890b5c60f44589ed18c5ecbb73082','59b890b5-c60f-4458-9ed1-8c5ecbb73082','{\"last_login\": [\"None\", \"2024-12-14 20:39:51.497464\"]}'),(3,1,'5a2c59fc-4c4d-4a35-b893-6ebc022177d3','user1 (user1@domain.com)','[{\"model\": \"Users.user\", \"pk\": \"5a2c59fc-4c4d-4a35-b893-6ebc022177d3\", \"fields\": {\"password\": \"123ds*ds;,sd2dc\", \"last_login\": null, \"is_superuser\": false, \"username\": \"user1\", \"is_staff\": false, \"is_active\": true, \"date_joined\": \"2024-12-14T20:40:51Z\", \"first_name\": \"User\", \"last_name\": \"One\", \"birth_date\": \"2002-03-26\", \"gender\": \"M\", \"email\": \"user1@domain.com\", \"user_type\": \"creator\", \"groups\": [], \"user_permissions\": []}}]','2024-12-14 20:41:57.423974',9,'59b890b5c60f44589ed18c5ecbb73082','59b890b5-c60f-4458-9ed1-8c5ecbb73082',''),(4,1,'a8e97dec-2878-4c4c-8c7f-c08e2fd0eb1b','brand1 (brand@domain.com)','[{\"model\": \"Users.user\", \"pk\": \"a8e97dec-2878-4c4c-8c7f-c08e2fd0eb1b\", \"fields\": {\"password\": \"dsmn13oi-0dsd*\", \"last_login\": null, \"is_superuser\": false, \"username\": \"brand1\", \"is_staff\": false, \"is_active\": true, \"date_joined\": \"2024-12-14T20:42:03Z\", \"first_name\": \"Brand\", \"last_name\": \"One\", \"birth_date\": \"2002-01-01\", \"gender\": \"F\", \"email\": \"brand@domain.com\", \"user_type\": \"brand\", \"groups\": [], \"user_permissions\": []}}]','2024-12-14 20:42:45.464683',9,'59b890b5c60f44589ed18c5ecbb73082','59b890b5-c60f-4458-9ed1-8c5ecbb73082',''),(5,1,'25fc68c2-a0cc-43d6-aa04-6d434b2a48e1','ASA','[{\"model\": \"Users.brand\", \"pk\": \"25fc68c2-a0cc-43d6-aa04-6d434b2a48e1\", \"fields\": {\"user_id\": \"a8e97dec-2878-4c4c-8c7f-c08e2fd0eb1b\", \"company_name\": \"ASA\", \"industry\": \"Med\", \"description\": \"For your health\", \"created_at\": \"2024-12-14T20:43:25.462Z\"}}]','2024-12-14 20:43:25.496980',11,'59b890b5c60f44589ed18c5ecbb73082','59b890b5-c60f-4458-9ed1-8c5ecbb73082',''),(6,1,'24131587-0705-4b4d-ac7c-ddeffb84bdfa','user1','[{\"model\": \"Users.creator\", \"pk\": \"24131587-0705-4b4d-ac7c-ddeffb84bdfa\", \"fields\": {\"user_id\": \"5a2c59fc-4c4d-4a35-b893-6ebc022177d3\", \"bio\": \"I\'m good at eCommerce\", \"profile_pic\": \"https://web.telegram.org/\", \"video_links\": \"https://www.facebook.com/\", \"rating\": \"3.16\", \"created_at\": \"2024-12-14T20:47:12.511Z\", \"updated_at\": \"2024-12-14T20:47:12.511Z\"}}]','2024-12-14 20:47:12.617908',10,'59b890b5c60f44589ed18c5ecbb73082','59b890b5-c60f-4458-9ed1-8c5ecbb73082',''),(7,1,'a4cf29ea-93d8-47f4-b72a-2ee9b3a4a677','Digital Marketing','[{\"model\": \"Content.category\", \"pk\": \"a4cf29ea-93d8-47f4-b72a-2ee9b3a4a677\", \"fields\": {\"name\": \"Digital Marketing\", \"description\": \"Marketing\", \"created_at\": \"2024-12-14T20:47:50.827Z\", \"updated_at\": \"2024-12-14T20:47:50.827Z\"}}]','2024-12-14 20:47:50.891125',12,'59b890b5c60f44589ed18c5ecbb73082','59b890b5-c60f-4458-9ed1-8c5ecbb73082',''),(8,1,'0349e3d3-1e28-4f04-b898-9ed7e62f6294','Marketing','[{\"model\": \"Content.content\", \"pk\": \"0349e3d3-1e28-4f04-b898-9ed7e62f6294\", \"fields\": {\"creator_id\": \"24131587-0705-4b4d-ac7c-ddeffb84bdfa\", \"category_id\": \"a4cf29ea-93d8-47f4-b72a-2ee9b3a4a677\", \"title\": \"Marketing\", \"description\": \"DM\", \"video_file\": \"Content_Videos/lv_0_.mp4\", \"ugc_type\": \"U\", \"uploaded_at\": \"2024-12-14T20:49:31.072Z\", \"views_count\": 2}}]','2024-12-14 20:49:31.114770',14,'59b890b5c60f44589ed18c5ecbb73082','59b890b5-c60f-4458-9ed1-8c5ecbb73082',''),(9,1,'58e661b5-55e7-48a1-909f-83f3ff9540bb','Views object (58e661b5-55e7-48a1-909f-83f3ff9540bb)','[{\"model\": \"Content.views\", \"pk\": \"58e661b5-55e7-48a1-909f-83f3ff9540bb\", \"fields\": {\"user_id\": \"5a2c59fc-4c4d-4a35-b893-6ebc022177d3\", \"content\": \"0349e3d3-1e28-4f04-b898-9ed7e62f6294\", \"category\": \"a4cf29ea-93d8-47f4-b72a-2ee9b3a4a677\", \"views_count\": 4, \"viewed_at\": \"2024-12-14T20:50:02.074Z\"}}]','2024-12-14 20:50:02.226029',16,'59b890b5c60f44589ed18c5ecbb73082','59b890b5-c60f-4458-9ed1-8c5ecbb73082',''),(10,1,'4794e187-4127-445c-8176-8d4f0d989551','Chat 4794e187-4127-445c-8176-8d4f0d989551','[{\"model\": \"Chat.chat\", \"pk\": \"4794e187-4127-445c-8176-8d4f0d989551\", \"fields\": {\"brand\": \"25fc68c2-a0cc-43d6-aa04-6d434b2a48e1\", \"creator\": \"24131587-0705-4b4d-ac7c-ddeffb84bdfa\", \"created_at\": \"2024-12-14T20:50:14.821Z\"}}]','2024-12-14 20:50:15.022609',17,'59b890b5c60f44589ed18c5ecbb73082','59b890b5-c60f-4458-9ed1-8c5ecbb73082',''),(11,1,'4962032d-05d5-4bd2-889d-a523438fd9a4','Message 4962032d-05d5-4bd2-889d-a523438fd9a4','[{\"model\": \"Chat.message\", \"pk\": \"4962032d-05d5-4bd2-889d-a523438fd9a4\", \"fields\": {\"chat_id\": \"4794e187-4127-445c-8176-8d4f0d989551\", \"sender_id\": \"a8e97dec-2878-4c4c-8c7f-c08e2fd0eb1b\", \"message\": \"I want to work with you\", \"file\": \"\", \"created_at\": \"2024-12-14T20:50:41.703Z\"}}]','2024-12-14 20:50:41.753015',18,'59b890b5c60f44589ed18c5ecbb73082','59b890b5-c60f-4458-9ed1-8c5ecbb73082',''),(12,1,'853d8f54-1ee0-485e-a8e8-a7291d6964ad','Comment object (853d8f54-1ee0-485e-a8e8-a7291d6964ad)','[{\"model\": \"Content.comment\", \"pk\": \"853d8f54-1ee0-485e-a8e8-a7291d6964ad\", \"fields\": {\"user_id\": \"59b890b5-c60f-4458-9ed1-8c5ecbb73082\", \"content\": \"0349e3d3-1e28-4f04-b898-9ed7e62f6294\", \"comment\": \"It\'s very good\", \"created_at\": \"2024-12-15T10:18:42.168Z\"}}]','2024-12-15 10:18:42.237294',13,'59b890b5c60f44589ed18c5ecbb73082','59b890b5-c60f-4458-9ed1-8c5ecbb73082',''),(13,1,'dda28ff8-df65-4886-a36f-3e226f0bfe68','Rating object (dda28ff8-df65-4886-a36f-3e226f0bfe68)','[{\"model\": \"Content.rating\", \"pk\": \"dda28ff8-df65-4886-a36f-3e226f0bfe68\", \"fields\": {\"user_id\": \"59b890b5-c60f-4458-9ed1-8c5ecbb73082\", \"content\": \"0349e3d3-1e28-4f04-b898-9ed7e62f6294\", \"rating\": 4.0, \"review\": \"\", \"created_at\": \"2024-12-15T10:18:59.238Z\"}}]','2024-12-15 10:18:59.269283',15,'59b890b5c60f44589ed18c5ecbb73082','59b890b5-c60f-4458-9ed1-8c5ecbb73082',''),(14,1,'0d1c3350-79e0-40fb-a66e-c3bf4142397d','Views object (0d1c3350-79e0-40fb-a66e-c3bf4142397d)','[{\"model\": \"Content.views\", \"pk\": \"0d1c3350-79e0-40fb-a66e-c3bf4142397d\", \"fields\": {\"user_id\": \"59b890b5-c60f-4458-9ed1-8c5ecbb73082\", \"content\": \"0349e3d3-1e28-4f04-b898-9ed7e62f6294\", \"category\": \"a4cf29ea-93d8-47f4-b72a-2ee9b3a4a677\", \"views_count\": 5, \"viewed_at\": \"2024-12-15T10:19:15.967Z\"}}]','2024-12-15 10:19:16.000069',16,'59b890b5c60f44589ed18c5ecbb73082','59b890b5-c60f-4458-9ed1-8c5ecbb73082',''),(15,1,'eac800a8-3e7c-449e-929f-4ce1089004ee','Brief eac800a8-3e7c-449e-929f-4ce1089004ee - Budget: 1025.55','[{\"model\": \"Orders.brief\", \"pk\": \"eac800a8-3e7c-449e-929f-4ce1089004ee\", \"fields\": {\"brand_id\": \"25fc68c2-a0cc-43d6-aa04-6d434b2a48e1\", \"creator_id\": \"24131587-0705-4b4d-ac7c-ddeffb84bdfa\", \"content_requirements\": \"I need to market this new product very well.\", \"budget\": \"1025.55\", \"deadline\": \"2025-08-01T18:00:00Z\", \"created_at\": \"2024-12-15T10:20:57.667Z\"}}]','2024-12-15 10:20:57.719523',19,'59b890b5c60f44589ed18c5ecbb73082','59b890b5-c60f-4458-9ed1-8c5ecbb73082',''),(16,1,'e2b55dfb-92ad-4d15-a2a2-06c2f7b17c02','Order e2b55dfb-92ad-4d15-a2a2-06c2f7b17c02 - PENDING','[{\"model\": \"Orders.order\", \"pk\": \"e2b55dfb-92ad-4d15-a2a2-06c2f7b17c02\", \"fields\": {\"brand\": \"25fc68c2-a0cc-43d6-aa04-6d434b2a48e1\", \"brief\": \"eac800a8-3e7c-449e-929f-4ce1089004ee\", \"total_price\": \"1025.0\", \"status\": \"PENDING\", \"deadline\": \"2024-12-15T18:00:00Z\", \"created_at\": \"2024-12-15T10:21:37.497Z\"}}]','2024-12-15 10:21:37.513827',20,'59b890b5c60f44589ed18c5ecbb73082','59b890b5-c60f-4458-9ed1-8c5ecbb73082',''),(17,1,'cf6df80b-030d-4014-ab4d-e60519208127','Payment cf6df80b-030d-4014-ab4d-e60519208127 - SUCCESS','[{\"model\": \"Orders.payment\", \"pk\": \"cf6df80b-030d-4014-ab4d-e60519208127\", \"fields\": {\"order_id\": \"e2b55dfb-92ad-4d15-a2a2-06c2f7b17c02\", \"user_id\": \"59b890b5-c60f-4458-9ed1-8c5ecbb73082\", \"amount\": \"1000.0\", \"status\": \"SUCCESS\", \"payment_date\": \"2024-12-15T10:22:05Z\", \"created_at\": \"2024-12-15T10:22:06.802Z\"}}]','2024-12-15 10:22:06.834356',21,'59b890b5c60f44589ed18c5ecbb73082','59b890b5-c60f-4458-9ed1-8c5ecbb73082',''),(18,1,'293e46a5-5f82-42ee-83d6-717d7f850259','klm','[{\"model\": \"Content.content\", \"pk\": \"293e46a5-5f82-42ee-83d6-717d7f850259\", \"fields\": {\"creator_id\": \"24131587-0705-4b4d-ac7c-ddeffb84bdfa\", \"category_id\": \"a4cf29ea-93d8-47f4-b72a-2ee9b3a4a677\", \"title\": \"klm\", \"description\": \"mlkkl\", \"video_file\": \"Content_Videos/lv_0_.mp4\", \"ugc_type\": \"U\", \"uploaded_at\": \"2024-12-17T15:29:19.945Z\", \"views_count\": 3}}]','2024-12-17 15:29:20.027784',14,'59b890b5c60f44589ed18c5ecbb73082','59b890b5-c60f-4458-9ed1-8c5ecbb73082',''),(19,1,'08f96a0b-a445-4630-8c18-afd67617c48e','Payment 08f96a0b-a445-4630-8c18-afd67617c48e - SUCCESS','[{\"model\": \"Orders.payment\", \"pk\": \"08f96a0b-a445-4630-8c18-afd67617c48e\", \"fields\": {\"order\": \"e2b55dfb-92ad-4d15-a2a2-06c2f7b17c02\", \"user_id\": \"5a2c59fc-4c4d-4a35-b893-6ebc022177d3\", \"amount\": \"0.25\", \"status\": \"SUCCESS\", \"payment_date\": \"2024-12-19T22:52:04Z\", \"created_at\": \"2024-12-19T22:52:06.256Z\"}}]','2024-12-19 22:52:06.309184',21,'59b890b5c60f44589ed18c5ecbb73082','59b890b5-c60f-4458-9ed1-8c5ecbb73082',''),(20,1,'8b78b73a-44ce-445a-99d9-fcb73bc5b031','Chat 8b78b73a-44ce-445a-99d9-fcb73bc5b031','[{\"model\": \"Chat.chat\", \"pk\": \"8b78b73a-44ce-445a-99d9-fcb73bc5b031\", \"fields\": {\"brand\": \"25fc68c2-a0cc-43d6-aa04-6d434b2a48e1\", \"creator\": \"24131587-0705-4b4d-ac7c-ddeffb84bdfa\", \"created_at\": \"2024-12-20T10:17:27.259Z\"}}]','2024-12-20 10:17:27.292777',17,'59b890b5c60f44589ed18c5ecbb73082','59b890b5-c60f-4458-9ed1-8c5ecbb73082',''),(21,1,'fc8c762a-dbc9-4bd4-8d09-001c84146a67','Message fc8c762a-dbc9-4bd4-8d09-001c84146a67','[{\"model\": \"Chat.message\", \"pk\": \"fc8c762a-dbc9-4bd4-8d09-001c84146a67\", \"fields\": {\"chat_id\": \"8b78b73a-44ce-445a-99d9-fcb73bc5b031\", \"sender_id\": \"5a2c59fc-4c4d-4a35-b893-6ebc022177d3\", \"message\": \"jhjh\", \"file\": \"\", \"created_at\": \"2024-12-20T10:17:43.475Z\"}}]','2024-12-20 10:17:43.524108',18,'59b890b5c60f44589ed18c5ecbb73082','59b890b5-c60f-4458-9ed1-8c5ecbb73082',''),(22,1,'056910dc-82aa-476d-84fe-6151d3da29ff','Message 056910dc-82aa-476d-84fe-6151d3da29ff','[{\"model\": \"Chat.message\", \"pk\": \"056910dc-82aa-476d-84fe-6151d3da29ff\", \"fields\": {\"chat_id\": \"8b78b73a-44ce-445a-99d9-fcb73bc5b031\", \"sender_id\": \"59b890b5-c60f-4458-9ed1-8c5ecbb73082\", \"message\": \"nbgjhf\", \"file\": \"\", \"created_at\": \"2024-12-20T10:18:22.689Z\"}}]','2024-12-20 10:18:22.722468',18,'59b890b5c60f44589ed18c5ecbb73082','59b890b5-c60f-4458-9ed1-8c5ecbb73082',''),(23,1,'c2007f1d-dea1-4c28-a21a-a6cd3b561dfa','Message c2007f1d-dea1-4c28-a21a-a6cd3b561dfa','[{\"model\": \"Chat.message\", \"pk\": \"c2007f1d-dea1-4c28-a21a-a6cd3b561dfa\", \"fields\": {\"chat_id\": \"8b78b73a-44ce-445a-99d9-fcb73bc5b031\", \"sender_id\": \"a8e97dec-2878-4c4c-8c7f-c08e2fd0eb1b\", \"message\": \"gjhg\", \"file\": \"\", \"created_at\": \"2024-12-20T10:20:46.497Z\"}}]','2024-12-20 10:20:46.530762',18,'59b890b5c60f44589ed18c5ecbb73082','59b890b5-c60f-4458-9ed1-8c5ecbb73082',''),(24,1,'a5068979-3bce-4249-a16c-b55581f18c2c','Message a5068979-3bce-4249-a16c-b55581f18c2c','[{\"model\": \"Chat.message\", \"pk\": \"a5068979-3bce-4249-a16c-b55581f18c2c\", \"fields\": {\"chat_id\": \"4794e187-4127-445c-8176-8d4f0d989551\", \"sender_id\": \"5a2c59fc-4c4d-4a35-b893-6ebc022177d3\", \"message\": \"hgjg\", \"file\": \"chat_files/videos/document_6044060373307364848.mp4\", \"created_at\": \"2024-12-20T10:34:13.164Z\"}}]','2024-12-20 10:34:13.213913',18,'59b890b5c60f44589ed18c5ecbb73082','59b890b5-c60f-4458-9ed1-8c5ecbb73082',''),(25,1,'8759d93c-df27-42b7-a1dc-1f53b5447c25','Insta','[{\"model\": \"Content.platform\", \"pk\": \"8759d93c-df27-42b7-a1dc-1f53b5447c25\", \"fields\": {\"name\": \"Insta\"}}]','2024-12-26 22:29:21.804307',22,'59b890b5c60f44589ed18c5ecbb73082','59b890b5-c60f-4458-9ed1-8c5ecbb73082',''),(26,1,'1','Videoo by user1','[{\"model\": \"Users.service\", \"pk\": 1, \"fields\": {\"creator\": \"24131587-0705-4b4d-ac7c-ddeffb84bdfa\", \"service_name\": \"Videoo\", \"video_length\": 5, \"hooks_numbers\": 3, \"call_to_action_number\": 2, \"voice_over\": true, \"face_appearing\": false, \"created_at\": \"2024-12-27T22:13:46.241Z\", \"updated_at\": \"2024-12-27T22:13:46.241Z\"}}]','2024-12-27 22:13:46.321408',23,'59b890b5c60f44589ed18c5ecbb73082','59b890b5-c60f-4458-9ed1-8c5ecbb73082',''),(27,2,'59b890b5-c60f-4458-9ed1-8c5ecbb73082','ss (ss@domain.com)','[{\"model\": \"Users.user\", \"pk\": \"59b890b5-c60f-4458-9ed1-8c5ecbb73082\", \"fields\": {\"password\": \"pbkdf2_sha256$870000$YdR3cje8fj917p9xXB8Vs5$GInh5+jYzBhUJ3HcjhhdZILv1deVmnlYomJg/zVugGE=\", \"last_login\": \"2024-12-14T20:39:51.497Z\", \"is_superuser\": true, \"username\": \"ss\", \"is_staff\": true, \"is_active\": true, \"date_joined\": \"2024-12-14T20:39:12.429Z\", \"first_name\": \"Ss\", \"last_name\": \"Shb\", \"birth_date\": \"2002-01-01\", \"gender\": \"F\", \"country\": null, \"email\": \"ss@domain.com\", \"user_type\": \"\", \"groups\": [], \"user_permissions\": []}}]','2024-12-30 21:15:54.439544',9,NULL,'','{\"password\": [\"pbkdf2_sha256$600000$iBYGBYwauogO698op8Mnli$qMUf9MBj5iUzuug/2bvhaQpgcdoNrYHrNUqujh7ZAWU=\", \"pbkdf2_sha256$870000$YdR3cje8fj917p9xXB8Vs5$GInh5+jYzBhUJ3HcjhhdZILv1deVmnlYomJg/zVugGE=\"]}'),(28,2,'59b890b5-c60f-4458-9ed1-8c5ecbb73082','ss (ss@domain.com)','[{\"model\": \"Users.user\", \"pk\": \"59b890b5-c60f-4458-9ed1-8c5ecbb73082\", \"fields\": {\"password\": \"pbkdf2_sha256$870000$YdR3cje8fj917p9xXB8Vs5$GInh5+jYzBhUJ3HcjhhdZILv1deVmnlYomJg/zVugGE=\", \"last_login\": \"2024-12-30T21:17:57.291Z\", \"is_superuser\": true, \"username\": \"ss\", \"is_staff\": true, \"is_active\": true, \"date_joined\": \"2024-12-14T20:39:12.429Z\", \"first_name\": \"Ss\", \"last_name\": \"Shb\", \"birth_date\": \"2002-01-01\", \"gender\": \"F\", \"country\": null, \"email\": \"ss@domain.com\", \"user_type\": \"\", \"groups\": [], \"user_permissions\": []}}]','2024-12-30 21:17:57.425079',9,'59b890b5c60f44589ed18c5ecbb73082','59b890b5-c60f-4458-9ed1-8c5ecbb73082','{\"last_login\": [\"2024-12-14 20:39:51.497464\", \"2024-12-30 21:17:57.291777\"]}'),(29,1,'1','Video for Videoo (user1)','[{\"model\": \"Users.servicevideo\", \"pk\": 1, \"fields\": {\"service\": 1, \"video_file\": \"service_videos/Homepge_in_arabic.mp4\", \"description\": \"\", \"uploaded_at\": \"2025-01-03T20:09:20.299Z\"}}]','2025-01-03 20:09:20.458877',24,'59b890b5c60f44589ed18c5ecbb73082','59b890b5-c60f-4458-9ed1-8c5ecbb73082',''),(30,2,'59b890b5-c60f-4458-9ed1-8c5ecbb73082','ss (ss@domain.com)','[{\"model\": \"Users.user\", \"pk\": \"59b890b5-c60f-4458-9ed1-8c5ecbb73082\", \"fields\": {\"password\": \"pbkdf2_sha256$870000$YdR3cje8fj917p9xXB8Vs5$GInh5+jYzBhUJ3HcjhhdZILv1deVmnlYomJg/zVugGE=\", \"last_login\": \"2025-01-20T20:50:26.699Z\", \"is_superuser\": true, \"username\": \"ss\", \"is_staff\": true, \"is_active\": true, \"date_joined\": \"2024-12-14T20:39:12.429Z\", \"first_name\": \"Ss\", \"last_name\": \"Shb\", \"birth_date\": \"2002-01-01\", \"gender\": \"F\", \"country\": null, \"email\": \"ss@domain.com\", \"user_type\": \"\", \"groups\": [], \"user_permissions\": []}}]','2025-01-20 20:50:27.237733',9,'59b890b5c60f44589ed18c5ecbb73082','59b890b5-c60f-4458-9ed1-8c5ecbb73082','{\"last_login\": [\"2024-12-30 21:17:57.291777\", \"2025-01-20 20:50:26.699441\"]}'),(31,1,'ef0cfb50-5d34-4b7e-83e4-84c9c813761d','ss','[{\"model\": \"Users.brand\", \"pk\": \"ef0cfb50-5d34-4b7e-83e4-84c9c813761d\", \"fields\": {\"user_id\": \"59b890b5-c60f-4458-9ed1-8c5ecbb73082\", \"brand_name\": \"bb\", \"phone_number\": \"023446548\", \"about_me\": \"\", \"facebook_followers\": 0, \"instagram_followers\": 0, \"youtube_followers\": 0, \"tiktok_followers\": 0, \"snapchat_followers\": 0, \"order_number\": 0, \"avg_order_time\": 0, \"avg_response_speed\": \"\", \"last_seen\": \"2025-01-20T20:55:44.258Z\", \"register_date\": \"2024-12-27\", \"created_at\": \"2025-01-20T20:55:44.258Z\", \"updated_at\": \"2025-01-20T20:55:44.258Z\"}}]','2025-01-20 20:55:44.357052',11,'59b890b5c60f44589ed18c5ecbb73082','59b890b5-c60f-4458-9ed1-8c5ecbb73082',''),(32,1,'ee69a506-f2c9-482c-8740-b3625f272c2d','user11 (user11@domain.com)','[{\"model\": \"Users.user\", \"pk\": \"ee69a506-f2c9-482c-8740-b3625f272c2d\", \"fields\": {\"password\": \"pbkdf2_sha256$870000$uo0mNkIxF9Jf3ZExEbg0LH$ChAlrqFoBpoCwuHTb4/KfsAf+UpqnABTMxGPfcXzKsw=\", \"last_login\": null, \"is_superuser\": false, \"username\": \"user11\", \"is_staff\": false, \"is_active\": true, \"date_joined\": \"2025-01-22T09:40:48.910Z\", \"first_name\": \"Sd\", \"last_name\": \"Ds\", \"birth_date\": \"2000-01-22\", \"gender\": \"F\", \"country\": \"AU\", \"email\": \"user11@domain.com\", \"user_type\": \"creator\", \"groups\": [], \"user_permissions\": []}}]','2025-01-22 09:40:50.783963',9,'59b890b5c60f44589ed18c5ecbb73082','59b890b5-c60f-4458-9ed1-8c5ecbb73082',''),(33,1,'defb1c62-3813-4365-97f9-475f9f55d4a6','user11','[{\"model\": \"Users.creator\", \"pk\": \"defb1c62-3813-4365-97f9-475f9f55d4a6\", \"fields\": {\"user\": \"ee69a506-f2c9-482c-8740-b3625f272c2d\", \"bio\": null, \"profile_pic\": null, \"average_rating\": 0.0, \"facebook_followers\": 0, \"instagram_followers\": 0, \"youtube_followers\": 0, \"tiktok_followers\": 0, \"snapchat_followers\": 0, \"avg_completion_rate\": 0, \"avg_response_speed\": \"\", \"clients_number\": 0, \"services_number\": 0, \"last_seen\": \"2025-01-22T09:40:50.561Z\", \"register_date\": \"2025-01-22\", \"created_at\": \"2025-01-22T09:40:50.562Z\", \"updated_at\": \"2025-01-22T09:40:50.562Z\"}}]','2025-01-22 09:40:50.867980',10,'59b890b5c60f44589ed18c5ecbb73082','59b890b5-c60f-4458-9ed1-8c5ecbb73082',''),(34,2,'defb1c62-3813-4365-97f9-475f9f55d4a6','user11','[{\"model\": \"Users.creator\", \"pk\": \"defb1c62-3813-4365-97f9-475f9f55d4a6\", \"fields\": {\"user\": \"ee69a506-f2c9-482c-8740-b3625f272c2d\", \"bio\": null, \"profile_pic\": null, \"average_rating\": 0.0, \"facebook_followers\": 0, \"instagram_followers\": 0, \"youtube_followers\": 0, \"tiktok_followers\": 0, \"snapchat_followers\": 0, \"avg_completion_rate\": 0, \"avg_response_speed\": \"\", \"clients_number\": 0, \"services_number\": 0, \"last_seen\": \"2025-01-22T09:40:50.561Z\", \"register_date\": \"2025-01-22\", \"created_at\": \"2025-01-22T09:40:50.562Z\", \"updated_at\": \"2025-01-22T09:40:50.562Z\"}}]','2025-01-22 09:40:50.893473',10,'59b890b5c60f44589ed18c5ecbb73082','59b890b5-c60f-4458-9ed1-8c5ecbb73082','null'),(35,1,'69fbad56-d5bc-4012-8971-1c5f42d74578','brand11 (brand11@domain.com)','[{\"model\": \"Users.user\", \"pk\": \"69fbad56-d5bc-4012-8971-1c5f42d74578\", \"fields\": {\"password\": \"pbkdf2_sha256$870000$KbSRugXIuQPNyWSNPwakF8$9d3cKGm4rgibPLsgq43WWwR+5MnG2RZV1/pYY9w2eVQ=\", \"last_login\": null, \"is_superuser\": false, \"username\": \"brand11\", \"is_staff\": false, \"is_active\": true, \"date_joined\": \"2025-01-22T09:53:13.606Z\", \"first_name\": \"Bd\", \"last_name\": \"Db\", \"birth_date\": \"2000-01-22\", \"gender\": \"M\", \"country\": \"AU\", \"email\": \"brand11@domain.com\", \"user_type\": \"brand\", \"groups\": [], \"user_permissions\": []}}]','2025-01-22 09:53:15.403572',9,'59b890b5c60f44589ed18c5ecbb73082','59b890b5-c60f-4458-9ed1-8c5ecbb73082',''),(36,1,'20810014-12a9-409a-964c-f3e083af22bd','INSTA VIDEOS22 by user11','[{\"model\": \"Services.service\", \"pk\": \"20810014-12a9-409a-964c-f3e083af22bd\", \"fields\": {\"creator\": \"defb1c62-3813-4365-97f9-475f9f55d4a6\", \"service_name\": \"INSTA VIDEOS22\", \"platform\": \"Instagram\", \"video_length\": 4, \"hooks_numbers\": 2, \"call_to_action_number\": 1, \"voice_over\": true, \"face_appearing\": true, \"price\": \"150.00\", \"created_at\": \"2025-01-24T16:49:08.608Z\", \"updated_at\": \"2025-01-24T16:49:08.608Z\"}}]','2025-01-24 16:49:08.665950',31,'ee69a506f2c9482c8740b3625f272c2d','ee69a506-f2c9-482c-8740-b3625f272c2d',''),(37,1,'ce8c1ab8-63a8-45f9-b541-3719b13ff023','Video for INSTA VIDEOS22 (user11)','[{\"model\": \"Services.servicevideo\", \"pk\": \"ce8c1ab8-63a8-45f9-b541-3719b13ff023\", \"fields\": {\"service\": \"20810014-12a9-409a-964c-f3e083af22bd\", \"video_file\": \"service_videos/document_6044060373307364848.mp4\", \"description\": \"\", \"uploaded_at\": \"2025-01-24T16:49:42.786Z\"}}]','2025-01-24 16:49:42.829204',34,'ee69a506f2c9482c8740b3625f272c2d','ee69a506-f2c9-482c-8740-b3625f272c2d',''),(38,1,'fb644a14-793e-443d-bc69-5678d376387f','INSTA VIDEOS22 by user11','[{\"model\": \"Services.service\", \"pk\": \"fb644a14-793e-443d-bc69-5678d376387f\", \"fields\": {\"creator\": \"defb1c62-3813-4365-97f9-475f9f55d4a6\", \"service_name\": \"INSTA VIDEOS22\", \"platform\": \"Instagram\", \"video_length\": 4, \"hooks_numbers\": 2, \"call_to_action_number\": 1, \"voice_over\": true, \"face_appearing\": true, \"price\": \"150.00\", \"created_at\": \"2025-01-24T17:12:00.223Z\", \"updated_at\": \"2025-01-24T17:12:00.223Z\"}}]','2025-01-24 17:12:00.341748',31,'ee69a506f2c9482c8740b3625f272c2d','ee69a506-f2c9-482c-8740-b3625f272c2d',''),(39,3,'fb644a14-793e-443d-bc69-5678d376387f','INSTA VIDEOS22 by user11','[{\"model\": \"Services.service\", \"pk\": \"fb644a14-793e-443d-bc69-5678d376387f\", \"fields\": {\"creator\": \"defb1c62-3813-4365-97f9-475f9f55d4a6\", \"service_name\": \"INSTA VIDEOS22\", \"platform\": \"Instagram\", \"video_length\": 4, \"hooks_numbers\": 2, \"call_to_action_number\": 1, \"voice_over\": true, \"face_appearing\": true, \"price\": \"150.00\", \"created_at\": \"2025-01-24T17:12:00.223Z\", \"updated_at\": \"2025-01-24T17:12:00.223Z\"}}]','2025-01-24 17:12:49.112690',31,'59b890b5c60f44589ed18c5ecbb73082','59b890b5-c60f-4458-9ed1-8c5ecbb73082',''),(40,1,'ed821788-de0d-49aa-b43a-16c63456c2ad','Videoo by user1','[{\"model\": \"Services.service\", \"pk\": \"ed821788-de0d-49aa-b43a-16c63456c2ad\", \"fields\": {\"creator\": \"24131587-0705-4b4d-ac7c-ddeffb84bdfa\", \"service_name\": \"Videoo\", \"platform\": \"Youtube\", \"video_length\": 3, \"hooks_numbers\": 1, \"call_to_action_number\": 2, \"voice_over\": false, \"face_appearing\": true, \"price\": \"150.0\", \"created_at\": \"2025-01-24T17:13:38.848Z\", \"updated_at\": \"2025-01-24T17:13:38.848Z\"}}]','2025-01-24 17:13:38.932483',31,'59b890b5c60f44589ed18c5ecbb73082','59b890b5-c60f-4458-9ed1-8c5ecbb73082',''),(41,1,'f67d40a3-4334-4ed4-814a-006d7204cfd7','INSTA VIDEOS22 by user11','[{\"model\": \"Services.service\", \"pk\": \"f67d40a3-4334-4ed4-814a-006d7204cfd7\", \"fields\": {\"creator\": \"defb1c62-3813-4365-97f9-475f9f55d4a6\", \"service_name\": \"INSTA VIDEOS22\", \"platform\": \"Instagram\", \"video_length\": 4, \"hooks_numbers\": 2, \"call_to_action_number\": 1, \"voice_over\": true, \"face_appearing\": true, \"price\": \"150.00\", \"created_at\": \"2025-01-24T17:13:51.203Z\", \"updated_at\": \"2025-01-24T17:13:51.203Z\"}}]','2025-01-24 17:13:51.237292',31,'ee69a506f2c9482c8740b3625f272c2d','ee69a506-f2c9-482c-8740-b3625f272c2d',''),(42,1,'73df3196-0a01-4bbc-ac49-4fa276dc5507','INSTA VIDEOS22 by user11','[{\"model\": \"Services.service\", \"pk\": \"73df3196-0a01-4bbc-ac49-4fa276dc5507\", \"fields\": {\"creator\": \"defb1c62-3813-4365-97f9-475f9f55d4a6\", \"service_name\": \"INSTA VIDEOS22\", \"platform\": \"Instagram\", \"video_length\": 4, \"hooks_numbers\": 2, \"call_to_action_number\": 1, \"voice_over\": true, \"face_appearing\": true, \"price\": \"150.00\", \"created_at\": \"2025-01-24T17:15:35.815Z\", \"updated_at\": \"2025-01-24T17:15:35.815Z\"}}]','2025-01-24 17:15:35.862607',31,'ee69a506f2c9482c8740b3625f272c2d','ee69a506-f2c9-482c-8740-b3625f272c2d',''),(43,1,'557c0430-9438-475f-84d0-aa1005a7f3aa','INSTA VIDEOS22 by user11','[{\"model\": \"Services.service\", \"pk\": \"557c0430-9438-475f-84d0-aa1005a7f3aa\", \"fields\": {\"creator\": \"defb1c62-3813-4365-97f9-475f9f55d4a6\", \"service_name\": \"INSTA VIDEOS22\", \"platform\": \"Instagram\", \"video_length\": 4, \"hooks_numbers\": 2, \"call_to_action_number\": 1, \"voice_over\": true, \"face_appearing\": true, \"price\": \"150.00\", \"created_at\": \"2025-01-24T17:16:51.420Z\", \"updated_at\": \"2025-01-24T17:16:51.420Z\"}}]','2025-01-24 17:16:51.444853',31,'ee69a506f2c9482c8740b3625f272c2d','ee69a506-f2c9-482c-8740-b3625f272c2d',''),(44,1,'0c12818a-6da9-4bee-a043-819d3dc5791b','Video for Videoo (user1)','[{\"model\": \"Services.servicevideo\", \"pk\": \"0c12818a-6da9-4bee-a043-819d3dc5791b\", \"fields\": {\"service\": \"ed821788-de0d-49aa-b43a-16c63456c2ad\", \"video_file\": \"service_videos/document_6044060373307364848_ovrEMzZ.mp4\", \"description\": \"\", \"uploaded_at\": \"2025-01-24T17:17:32.933Z\"}}]','2025-01-24 17:17:32.979134',34,'59b890b5c60f44589ed18c5ecbb73082','59b890b5-c60f-4458-9ed1-8c5ecbb73082',''),(45,3,'73df3196-0a01-4bbc-ac49-4fa276dc5507','INSTA VIDEOS22 by user11','[{\"model\": \"Services.service\", \"pk\": \"73df3196-0a01-4bbc-ac49-4fa276dc5507\", \"fields\": {\"creator\": \"defb1c62-3813-4365-97f9-475f9f55d4a6\", \"service_name\": \"INSTA VIDEOS22\", \"platform\": \"Instagram\", \"video_length\": 4, \"hooks_numbers\": 2, \"call_to_action_number\": 1, \"voice_over\": true, \"face_appearing\": true, \"price\": \"150.00\", \"created_at\": \"2025-01-24T17:15:35.815Z\", \"updated_at\": \"2025-01-24T17:15:35.815Z\"}}]','2025-01-24 17:18:07.183421',31,'59b890b5c60f44589ed18c5ecbb73082','59b890b5-c60f-4458-9ed1-8c5ecbb73082',''),(46,3,'557c0430-9438-475f-84d0-aa1005a7f3aa','INSTA VIDEOS22 by user11','[{\"model\": \"Services.service\", \"pk\": \"557c0430-9438-475f-84d0-aa1005a7f3aa\", \"fields\": {\"creator\": \"defb1c62-3813-4365-97f9-475f9f55d4a6\", \"service_name\": \"INSTA VIDEOS22\", \"platform\": \"Instagram\", \"video_length\": 4, \"hooks_numbers\": 2, \"call_to_action_number\": 1, \"voice_over\": true, \"face_appearing\": true, \"price\": \"150.00\", \"created_at\": \"2025-01-24T17:16:51.420Z\", \"updated_at\": \"2025-01-24T17:16:51.420Z\"}}]','2025-01-24 17:18:07.230121',31,'59b890b5c60f44589ed18c5ecbb73082','59b890b5-c60f-4458-9ed1-8c5ecbb73082',''),(47,1,'78a4e74a-b96f-4483-b690-c252a7459acd','programming','[{\"model\": \"Services.category\", \"pk\": \"78a4e74a-b96f-4483-b690-c252a7459acd\", \"fields\": {\"name\": \"programming\", \"description\": \"prog\", \"created_at\": \"2025-01-25T16:21:25.154Z\", \"updated_at\": \"2025-01-25T16:21:25.154Z\"}}]','2025-01-25 16:21:25.261743',32,'59b890b5c60f44589ed18c5ecbb73082','59b890b5-c60f-4458-9ed1-8c5ecbb73082',''),(48,1,'28aab4ca-fe8d-4708-8348-93819a652225','CC','[{\"model\": \"Services.content\", \"pk\": \"28aab4ca-fe8d-4708-8348-93819a652225\", \"fields\": {\"creator\": \"defb1c62-3813-4365-97f9-475f9f55d4a6\", \"service\": \"20810014-12a9-409a-964c-f3e083af22bd\", \"platform\": \"Youtube\", \"title\": \"CC\", \"description\": \"prog py\", \"ugc_type\": \"T\", \"uploaded_at\": \"2025-01-25T16:22:20.260Z\", \"views_count\": 3, \"category\": []}}]','2025-01-25 16:22:20.318069',33,'59b890b5c60f44589ed18c5ecbb73082','59b890b5-c60f-4458-9ed1-8c5ecbb73082',''),(49,6,'28aab4ca-fe8d-4708-8348-93819a652225','CC','[{\"model\": \"Services.content\", \"pk\": \"28aab4ca-fe8d-4708-8348-93819a652225\", \"fields\": {\"creator\": \"defb1c62-3813-4365-97f9-475f9f55d4a6\", \"service\": \"20810014-12a9-409a-964c-f3e083af22bd\", \"platform\": \"Youtube\", \"title\": \"CC\", \"description\": \"prog py\", \"ugc_type\": \"T\", \"uploaded_at\": \"2025-01-25T16:22:20.260Z\", \"views_count\": 3, \"category\": [\"78a4e74a-b96f-4483-b690-c252a7459acd\"]}}]','2025-01-25 16:22:21.206618',33,'59b890b5c60f44589ed18c5ecbb73082','59b890b5-c60f-4458-9ed1-8c5ecbb73082','{\"category\": [\"78a4e74a-b96f-4483-b690-c252a7459acd\"]}'),(50,1,'35487d7c-df9d-4e22-b83a-6bd02accb76f','cook','[{\"model\": \"Services.category\", \"pk\": \"35487d7c-df9d-4e22-b83a-6bd02accb76f\", \"fields\": {\"name\": \"cook\", \"description\": \"cooking\", \"created_at\": \"2025-01-25T16:22:51.056Z\", \"updated_at\": \"2025-01-25T16:22:51.056Z\"}}]','2025-01-25 16:22:51.120830',32,'59b890b5c60f44589ed18c5ecbb73082','59b890b5-c60f-4458-9ed1-8c5ecbb73082',''),(51,1,'84535139-8161-4a0e-adb7-d734b5d9082b','CCKK','[{\"model\": \"Services.content\", \"pk\": \"84535139-8161-4a0e-adb7-d734b5d9082b\", \"fields\": {\"creator\": \"defb1c62-3813-4365-97f9-475f9f55d4a6\", \"service\": \"f67d40a3-4334-4ed4-814a-006d7204cfd7\", \"platform\": \"Instagram\", \"title\": \"CCKK\", \"description\": \"cooking insta\", \"ugc_type\": \"U\", \"uploaded_at\": \"2025-01-25T16:23:35.557Z\", \"views_count\": 1, \"category\": []}}]','2025-01-25 16:23:35.619029',33,'59b890b5c60f44589ed18c5ecbb73082','59b890b5-c60f-4458-9ed1-8c5ecbb73082',''),(52,6,'84535139-8161-4a0e-adb7-d734b5d9082b','CCKK','[{\"model\": \"Services.content\", \"pk\": \"84535139-8161-4a0e-adb7-d734b5d9082b\", \"fields\": {\"creator\": \"defb1c62-3813-4365-97f9-475f9f55d4a6\", \"service\": \"f67d40a3-4334-4ed4-814a-006d7204cfd7\", \"platform\": \"Instagram\", \"title\": \"CCKK\", \"description\": \"cooking insta\", \"ugc_type\": \"U\", \"uploaded_at\": \"2025-01-25T16:23:35.557Z\", \"views_count\": 1, \"category\": [\"35487d7c-df9d-4e22-b83a-6bd02accb76f\"]}}]','2025-01-25 16:23:35.646024',33,'59b890b5c60f44589ed18c5ecbb73082','59b890b5-c60f-4458-9ed1-8c5ecbb73082','{\"category\": [\"35487d7c-df9d-4e22-b83a-6bd02accb76f\"]}'),(53,2,'59b890b5-c60f-4458-9ed1-8c5ecbb73082','ss (ss@domain.com)','[{\"model\": \"Users.user\", \"pk\": \"59b890b5-c60f-4458-9ed1-8c5ecbb73082\", \"fields\": {\"password\": \"pbkdf2_sha256$870000$YdR3cje8fj917p9xXB8Vs5$GInh5+jYzBhUJ3HcjhhdZILv1deVmnlYomJg/zVugGE=\", \"last_login\": \"2025-02-04T16:54:09.237Z\", \"is_superuser\": true, \"username\": \"ss\", \"is_staff\": true, \"is_active\": true, \"date_joined\": \"2024-12-14T20:39:12.429Z\", \"first_name\": \"Ss\", \"last_name\": \"Shb\", \"birth_date\": \"2002-01-01\", \"gender\": \"F\", \"country\": null, \"email\": \"ss@domain.com\", \"user_type\": \"\", \"phone_number\": null, \"groups\": [], \"user_permissions\": []}}]','2025-02-04 16:54:09.720410',9,'59b890b5c60f44589ed18c5ecbb73082','59b890b5-c60f-4458-9ed1-8c5ecbb73082','{\"last_login\": [\"2025-01-20 20:50:26.699441\", \"2025-02-04 16:54:09.237159\"]}'),(54,2,'ef0cfb50-5d34-4b7e-83e4-84c9c813761d','bb','[{\"model\": \"Users.brand\", \"pk\": \"ef0cfb50-5d34-4b7e-83e4-84c9c813761d\", \"fields\": {\"user\": \"59b890b5-c60f-4458-9ed1-8c5ecbb73082\", \"brand_name\": \"bb\", \"phone_number\": \"023446548\", \"about_me\": \"\", \"facebook_followers\": 0, \"instagram_followers\": 0, \"youtube_followers\": 0, \"tiktok_followers\": 0, \"snapchat_followers\": 0, \"order_number\": 0, \"avg_order_time\": 0, \"avg_response_speed\": \"\", \"last_seen\": \"2025-01-20T20:55:44.258Z\", \"register_date\": \"2024-12-27\", \"created_at\": \"2025-01-20T20:55:44.258Z\", \"updated_at\": \"2025-01-20T20:55:44.258Z\"}}]','2025-02-04 16:54:09.874411',11,'59b890b5c60f44589ed18c5ecbb73082','59b890b5-c60f-4458-9ed1-8c5ecbb73082','null'),(55,1,'95a454c3-db11-4087-8466-8212eb3f58a9','Order #95a454c3-db11-4087-8466-8212eb3f58a9 - bb','[{\"model\": \"Orders.order\", \"pk\": \"95a454c3-db11-4087-8466-8212eb3f58a9\", \"fields\": {\"brand\": \"ef0cfb50-5d34-4b7e-83e4-84c9c813761d\", \"creator\": \"defb1c62-3813-4365-97f9-475f9f55d4a6\", \"status\": \"delivered\", \"created_at\": \"2025-02-04T17:11:47.284Z\", \"promo_code\": \"saf4\"}}]','2025-02-04 17:11:47.332958',20,'59b890b5c60f44589ed18c5ecbb73082','59b890b5-c60f-4458-9ed1-8c5ecbb73082',''),(56,1,'91adc92b-9dfb-4800-bc42-8f1829d6faf8','Item in Order #95a454c3-db11-4087-8466-8212eb3f58a9 - bb','[{\"model\": \"Orders.orderitem\", \"pk\": \"91adc92b-9dfb-4800-bc42-8f1829d6faf8\", \"fields\": {\"order\": \"95a454c3-db11-4087-8466-8212eb3f58a9\", \"service\": \"f67d40a3-4334-4ed4-814a-006d7204cfd7\", \"quantity\": 2, \"price\": \"150.0\"}}]','2025-02-04 17:12:18.831167',37,'59b890b5c60f44589ed18c5ecbb73082','59b890b5-c60f-4458-9ed1-8c5ecbb73082',''),(57,1,'24ea6181-ac39-44c9-8ad9-b6dfa2a0d1a8','Order #24ea6181-ac39-44c9-8ad9-b6dfa2a0d1a8 - sb','[{\"model\": \"Orders.order\", \"pk\": \"24ea6181-ac39-44c9-8ad9-b6dfa2a0d1a8\", \"fields\": {\"brand\": \"25fc68c2-a0cc-43d6-aa04-6d434b2a48e1\", \"creator\": \"defb1c62-3813-4365-97f9-475f9f55d4a6\", \"status\": \"in_progress\", \"created_at\": \"2025-02-04T17:13:39.731Z\", \"promo_code\": \"kj25\"}}]','2025-02-04 17:13:39.766718',20,'59b890b5c60f44589ed18c5ecbb73082','59b890b5-c60f-4458-9ed1-8c5ecbb73082',''),(58,1,'75c31f8d-e770-4b4c-ad2d-e3b8e4e396af','INSTA VIDEOS22 - user11 (DELIVERED)','[{\"model\": \"Orders.purchase\", \"pk\": \"75c31f8d-e770-4b4c-ad2d-e3b8e4e396af\", \"fields\": {\"brand\": \"ef0cfb50-5d34-4b7e-83e4-84c9c813761d\", \"service\": \"20810014-12a9-409a-964c-f3e083af22bd\", \"creator\": \"defb1c62-3813-4365-97f9-475f9f55d4a6\", \"profit\": \"0.05\", \"status\": \"DELIVERED\", \"date\": \"2025-02-04T17:14:56Z\"}}]','2025-02-04 17:16:18.009486',28,'59b890b5c60f44589ed18c5ecbb73082','59b890b5-c60f-4458-9ed1-8c5ecbb73082',''),(59,2,'1848f9f9-0f1d-4d95-9295-935d27fe4fe4','bb','[{\"model\": \"Users.brand\", \"pk\": \"1848f9f9-0f1d-4d95-9295-935d27fe4fe4\", \"fields\": {\"user\": \"69fbad56-d5bc-4012-8971-1c5f42d74578\", \"brand_name\": \"bb\", \"phone_number\": \"0540465146\", \"about_me\": \"\", \"facebook_followers\": 0, \"instagram_followers\": 0, \"youtube_followers\": 0, \"tiktok_followers\": 0, \"snapchat_followers\": 0, \"order_number\": 0, \"avg_order_time\": 0, \"avg_response_speed\": \"2\", \"last_seen\": \"2025-01-22T09:53:15.329Z\", \"register_date\": \"2024-12-27\", \"created_at\": \"2025-01-22T09:53:15.303Z\", \"updated_at\": \"2025-01-22T09:53:15.329Z\"}}]','2025-02-04 17:22:47.949015',11,'59b890b5c60f44589ed18c5ecbb73082','59b890b5-c60f-4458-9ed1-8c5ecbb73082','{\"brand_name\": [\"\", \"bb\"], \"phone_number\": [\"\", \"0540465146\"], \"avg_response_speed\": [\"\", \"2\"]}'),(60,1,'0847255a-e014-4409-a004-092ed7170e52','Item in Order #24ea6181-ac39-44c9-8ad9-b6dfa2a0d1a8 - sb','[{\"model\": \"Orders.orderitem\", \"pk\": \"0847255a-e014-4409-a004-092ed7170e52\", \"fields\": {\"order\": \"24ea6181-ac39-44c9-8ad9-b6dfa2a0d1a8\", \"service\": \"f67d40a3-4334-4ed4-814a-006d7204cfd7\", \"quantity\": 2, \"price\": \"150.00\"}}]','2025-02-04 17:24:20.370687',37,'69fbad56d5bc401289711c5f42d74578','69fbad56-d5bc-4012-8971-1c5f42d74578',''),(61,1,'8c65ab82-660d-4da2-8b58-38ed7213a7e9','Item in Order #24ea6181-ac39-44c9-8ad9-b6dfa2a0d1a8 - sb','[{\"model\": \"Orders.orderitem\", \"pk\": \"8c65ab82-660d-4da2-8b58-38ed7213a7e9\", \"fields\": {\"order\": \"24ea6181-ac39-44c9-8ad9-b6dfa2a0d1a8\", \"service\": \"f67d40a3-4334-4ed4-814a-006d7204cfd7\", \"quantity\": 2, \"price\": \"150.00\"}}]','2025-02-04 17:24:26.967818',37,'69fbad56d5bc401289711c5f42d74578','69fbad56-d5bc-4012-8971-1c5f42d74578',''),(62,1,'f7ec6eda-d0e5-4217-86ba-baf4b2fe466d','Order #f7ec6eda-d0e5-4217-86ba-baf4b2fe466d - bb','[{\"model\": \"Orders.order\", \"pk\": \"f7ec6eda-d0e5-4217-86ba-baf4b2fe466d\", \"fields\": {\"brand\": \"1848f9f9-0f1d-4d95-9295-935d27fe4fe4\", \"creator\": \"24131587-0705-4b4d-ac7c-ddeffb84bdfa\", \"status\": \"delivered\", \"created_at\": \"2025-02-04T18:05:07.841Z\", \"promo_code\": \"khsdef25\"}}]','2025-02-04 18:05:07.970470',20,'59b890b5c60f44589ed18c5ecbb73082','59b890b5-c60f-4458-9ed1-8c5ecbb73082',''),(63,3,'95a454c3-db11-4087-8466-8212eb3f58a9','Order #95a454c3-db11-4087-8466-8212eb3f58a9 - bb','[{\"model\": \"Orders.order\", \"pk\": \"95a454c3-db11-4087-8466-8212eb3f58a9\", \"fields\": {\"brand\": \"ef0cfb50-5d34-4b7e-83e4-84c9c813761d\", \"creator\": \"defb1c62-3813-4365-97f9-475f9f55d4a6\", \"status\": \"delivered\", \"created_at\": \"2025-02-04T17:11:47.284Z\", \"promo_code\": \"saf4\"}}]','2025-02-04 18:06:13.841426',20,'59b890b5c60f44589ed18c5ecbb73082','59b890b5-c60f-4458-9ed1-8c5ecbb73082',''),(64,1,'ce60e5d9-97cb-4bd6-9cf8-73101d95ba51','Item in Order #f7ec6eda-d0e5-4217-86ba-baf4b2fe466d - bb','[{\"model\": \"Orders.orderitem\", \"pk\": \"ce60e5d9-97cb-4bd6-9cf8-73101d95ba51\", \"fields\": {\"order\": \"f7ec6eda-d0e5-4217-86ba-baf4b2fe466d\", \"service\": \"20810014-12a9-409a-964c-f3e083af22bd\", \"quantity\": 2, \"price\": \"150.0\"}}]','2025-02-04 18:06:33.610489',37,'59b890b5c60f44589ed18c5ecbb73082','59b890b5-c60f-4458-9ed1-8c5ecbb73082',''),(65,1,'376edd6f-1cb0-43fb-a81a-82f6a955465c','Order #376edd6f-1cb0-43fb-a81a-82f6a955465c - bb','[{\"model\": \"Orders.order\", \"pk\": \"376edd6f-1cb0-43fb-a81a-82f6a955465c\", \"fields\": {\"brand\": \"1848f9f9-0f1d-4d95-9295-935d27fe4fe4\", \"creator\": \"24131587-0705-4b4d-ac7c-ddeffb84bdfa\", \"status\": \"in_progress\", \"created_at\": \"2025-02-04T18:11:20.099Z\", \"promo_code\": \"nsdfl5\"}}]','2025-02-04 18:11:20.149751',20,'59b890b5c60f44589ed18c5ecbb73082','59b890b5-c60f-4458-9ed1-8c5ecbb73082',''),(66,1,'f94cc317-6739-4d76-b4e4-e22fa0ae5e71','Item in Order #f7ec6eda-d0e5-4217-86ba-baf4b2fe466d - bb','[{\"model\": \"Orders.orderitem\", \"pk\": \"f94cc317-6739-4d76-b4e4-e22fa0ae5e71\", \"fields\": {\"order\": \"f7ec6eda-d0e5-4217-86ba-baf4b2fe466d\", \"service\": \"ed821788-de0d-49aa-b43a-16c63456c2ad\", \"quantity\": 1, \"price\": \"150.0\"}}]','2025-02-04 18:14:14.404684',37,'59b890b5c60f44589ed18c5ecbb73082','59b890b5-c60f-4458-9ed1-8c5ecbb73082',''),(67,1,'44ce30f6-c83a-409f-9aa7-f7174cec02b9','Item in Order #376edd6f-1cb0-43fb-a81a-82f6a955465c - bb','[{\"model\": \"Orders.orderitem\", \"pk\": \"44ce30f6-c83a-409f-9aa7-f7174cec02b9\", \"fields\": {\"order\": \"376edd6f-1cb0-43fb-a81a-82f6a955465c\", \"service\": \"ed821788-de0d-49aa-b43a-16c63456c2ad\", \"quantity\": 1, \"price\": \"150.0\"}}]','2025-02-04 18:14:41.679674',37,'59b890b5c60f44589ed18c5ecbb73082','59b890b5-c60f-4458-9ed1-8c5ecbb73082',''),(68,1,'4fdc5ff8-df49-4317-ad33-9c2ceeed4113','Cart of brand11','[{\"model\": \"Orders.cart\", \"pk\": \"4fdc5ff8-df49-4317-ad33-9c2ceeed4113\", \"fields\": {\"brand\": \"1848f9f9-0f1d-4d95-9295-935d27fe4fe4\", \"created_at\": \"2025-02-04T21:37:55.919Z\", \"updated_at\": \"2025-02-04T21:37:55.919Z\"}}]','2025-02-04 21:37:56.001902',26,'59b890b5c60f44589ed18c5ecbb73082','59b890b5-c60f-4458-9ed1-8c5ecbb73082',''),(69,1,'680806ba-55b9-4a0c-8ee4-c6b765c641bd','Cart of brand11','[{\"model\": \"Orders.cart\", \"pk\": \"680806ba-55b9-4a0c-8ee4-c6b765c641bd\", \"fields\": {\"brand\": \"1848f9f9-0f1d-4d95-9295-935d27fe4fe4\", \"created_at\": \"2025-02-04T21:38:05.305Z\", \"updated_at\": \"2025-02-04T21:38:05.305Z\"}}]','2025-02-04 21:38:05.356001',26,'59b890b5c60f44589ed18c5ecbb73082','59b890b5-c60f-4458-9ed1-8c5ecbb73082',''),(70,1,'3166233e-c8d4-41fd-8883-836fb9c02681','3 x INSTA VIDEOS22','[{\"model\": \"Orders.cartitem\", \"pk\": \"3166233e-c8d4-41fd-8883-836fb9c02681\", \"fields\": {\"cart\": \"4fdc5ff8-df49-4317-ad33-9c2ceeed4113\", \"service\": \"20810014-12a9-409a-964c-f3e083af22bd\", \"quantity\": 3, \"price\": \"150.0\"}}]','2025-02-04 21:38:25.808070',27,'59b890b5c60f44589ed18c5ecbb73082','59b890b5-c60f-4458-9ed1-8c5ecbb73082',''),(71,1,'22335b22-36ec-4bf9-8ed8-4d59e77d7c34','1 x INSTA VIDEOS22','[{\"model\": \"Orders.cartitem\", \"pk\": \"22335b22-36ec-4bf9-8ed8-4d59e77d7c34\", \"fields\": {\"cart\": \"680806ba-55b9-4a0c-8ee4-c6b765c641bd\", \"service\": \"f67d40a3-4334-4ed4-814a-006d7204cfd7\", \"quantity\": 1, \"price\": \"150.0\"}}]','2025-02-04 21:38:41.366568',27,'59b890b5c60f44589ed18c5ecbb73082','59b890b5-c60f-4458-9ed1-8c5ecbb73082',''),(72,1,'7cf70a0f-8a58-4c45-b428-6970079a45f2','Payment 7cf70a0f-8a58-4c45-b428-6970079a45f2 - PENDING','[{\"model\": \"Orders.payment\", \"pk\": \"7cf70a0f-8a58-4c45-b428-6970079a45f2\", \"fields\": {\"order\": \"f7ec6eda-d0e5-4217-86ba-baf4b2fe466d\", \"brand\": \"1848f9f9-0f1d-4d95-9295-935d27fe4fe4\", \"amount\": \"1.2\", \"payment_method\": \"PAYPAL\", \"payment_status\": \"PENDING\", \"created_at\": \"2025-02-05T20:47:42.610Z\"}}]','2025-02-05 20:47:42.762241',21,'59b890b5c60f44589ed18c5ecbb73082','59b890b5-c60f-4458-9ed1-8c5ecbb73082',''),(73,1,'9f0b528c-ad90-414a-a2f9-775e7dcbe953','Balance object (9f0b528c-ad90-414a-a2f9-775e7dcbe953)','[{\"model\": \"Orders.balance\", \"pk\": \"9f0b528c-ad90-414a-a2f9-775e7dcbe953\", \"fields\": {\"creator\": \"defb1c62-3813-4365-97f9-475f9f55d4a6\", \"withdrawable_balance\": 0, \"pending_balance\": 0}}]','2025-03-06 22:50:23.670145',35,'ee69a506f2c9482c8740b3625f272c2d','ee69a506-f2c9-482c-8740-b3625f272c2d',''),(74,2,'59b890b5-c60f-4458-9ed1-8c5ecbb73082','ss (ss@domain.com)','[{\"model\": \"Users.user\", \"pk\": \"59b890b5-c60f-4458-9ed1-8c5ecbb73082\", \"fields\": {\"password\": \"pbkdf2_sha256$870000$YdR3cje8fj917p9xXB8Vs5$GInh5+jYzBhUJ3HcjhhdZILv1deVmnlYomJg/zVugGE=\", \"last_login\": \"2025-03-09T21:59:48.063Z\", \"is_superuser\": true, \"username\": \"ss\", \"is_staff\": true, \"is_active\": true, \"date_joined\": \"2024-12-14T20:39:12.429Z\", \"first_name\": \"Ss\", \"last_name\": \"Shb\", \"birth_date\": \"2002-01-01\", \"gender\": \"F\", \"country\": null, \"email\": \"ss@domain.com\", \"user_type\": \"\", \"phone_number\": null, \"groups\": [], \"user_permissions\": []}}]','2025-03-09 21:59:48.513613',9,'59b890b5c60f44589ed18c5ecbb73082','59b890b5-c60f-4458-9ed1-8c5ecbb73082','{\"last_login\": [\"2025-02-04 16:54:09.237159\", \"2025-03-09 21:59:48.063021\"]}'),(75,2,'ef0cfb50-5d34-4b7e-83e4-84c9c813761d','bb','[{\"model\": \"Users.brand\", \"pk\": \"ef0cfb50-5d34-4b7e-83e4-84c9c813761d\", \"fields\": {\"user\": \"59b890b5-c60f-4458-9ed1-8c5ecbb73082\", \"brand_name\": \"bb\", \"phone_number\": \"023446548\", \"about_me\": \"\", \"facebook_followers\": 0, \"instagram_followers\": 0, \"youtube_followers\": 0, \"tiktok_followers\": 0, \"snapchat_followers\": 0, \"order_number\": 0, \"avg_order_time\": 0, \"avg_response_speed\": \"\", \"last_seen\": \"2025-02-04T16:54:09.917Z\", \"register_date\": \"2024-12-27\", \"created_at\": \"2025-01-20T20:55:44.258Z\", \"updated_at\": \"2025-02-04T16:54:09.917Z\"}}]','2025-03-09 21:59:48.689434',11,'59b890b5c60f44589ed18c5ecbb73082','59b890b5-c60f-4458-9ed1-8c5ecbb73082','null'),(76,1,'06608f67-2ee5-421a-b0a5-9c5662a2cce7','SS','[{\"model\": \"Orders.fee\", \"pk\": \"06608f67-2ee5-421a-b0a5-9c5662a2cce7\", \"fields\": {\"name\": \"SS\", \"amount\": \"100.00\"}}]','2025-03-11 00:28:27.049680',38,'59b890b5c60f44589ed18c5ecbb73082','59b890b5-c60f-4458-9ed1-8c5ecbb73082',''),(77,1,'379dd3fc-b4d4-454e-9ebd-9cf995eec5cb','SH@','[{\"model\": \"Orders.promocode\", \"pk\": \"379dd3fc-b4d4-454e-9ebd-9cf995eec5cb\", \"fields\": {\"code\": \"SH@\", \"discount_amount\": \"10.0\", \"is_active\": true}}]','2025-03-11 00:29:04.661977',39,'59b890b5c60f44589ed18c5ecbb73082','59b890b5-c60f-4458-9ed1-8c5ecbb73082',''),(78,1,'6fd9cb9d-3955-4b15-a159-ac9738e399fc','Order #6fd9cb9d-3955-4b15-a159-ac9738e399fc - bb','[{\"model\": \"Orders.order\", \"pk\": \"6fd9cb9d-3955-4b15-a159-ac9738e399fc\", \"fields\": {\"brand\": \"ef0cfb50-5d34-4b7e-83e4-84c9c813761d\", \"creator\": \"defb1c62-3813-4365-97f9-475f9f55d4a6\", \"status\": \"in_progress\", \"created_at\": \"2025-03-11T00:29:25.860Z\", \"promo_code\": \"379dd3fc-b4d4-454e-9ebd-9cf995eec5cb\", \"fee\": \"06608f67-2ee5-421a-b0a5-9c5662a2cce7\"}}]','2025-03-11 00:29:25.887568',20,'59b890b5c60f44589ed18c5ecbb73082','59b890b5-c60f-4458-9ed1-8c5ecbb73082',''),(79,1,'03c457b4-3314-4ed3-979d-8cd801106777','Item in Order #6fd9cb9d-3955-4b15-a159-ac9738e399fc - bb','[{\"model\": \"Orders.orderitem\", \"pk\": \"03c457b4-3314-4ed3-979d-8cd801106777\", \"fields\": {\"order\": \"6fd9cb9d-3955-4b15-a159-ac9738e399fc\", \"service\": \"20810014-12a9-409a-964c-f3e083af22bd\", \"quantity\": 2, \"price\": \"150.0\", \"profit\": \"100\"}}]','2025-03-11 00:31:20.653792',37,'59b890b5c60f44589ed18c5ecbb73082','59b890b5-c60f-4458-9ed1-8c5ecbb73082',''),(80,1,'f6745412-5e2e-4ef9-b1d4-84bb89834312','Item in Order #6fd9cb9d-3955-4b15-a159-ac9738e399fc - bb','[{\"model\": \"Orders.orderitem\", \"pk\": \"f6745412-5e2e-4ef9-b1d4-84bb89834312\", \"fields\": {\"order\": \"6fd9cb9d-3955-4b15-a159-ac9738e399fc\", \"service\": \"f67d40a3-4334-4ed4-814a-006d7204cfd7\", \"quantity\": 1, \"price\": \"150.0\", \"profit\": \"200\"}}]','2025-03-11 00:31:45.776095',37,'59b890b5c60f44589ed18c5ecbb73082','59b890b5-c60f-4458-9ed1-8c5ecbb73082',''),(81,1,'47eed9eb-8322-4ecc-ae5d-47658983399c','Payment 47eed9eb-8322-4ecc-ae5d-47658983399c - SUCCESS','[{\"model\": \"Orders.payment\", \"pk\": \"47eed9eb-8322-4ecc-ae5d-47658983399c\", \"fields\": {\"order\": \"6fd9cb9d-3955-4b15-a159-ac9738e399fc\", \"brand\": \"ef0cfb50-5d34-4b7e-83e4-84c9c813761d\", \"amount\": \"15.0\", \"payment_method\": \"PAYPAL\", \"payment_status\": \"SUCCESS\", \"created_at\": \"2025-03-13T22:28:24.774Z\"}}]','2025-03-13 22:28:25.045544',21,'59b890b5c60f44589ed18c5ecbb73082','59b890b5-c60f-4458-9ed1-8c5ecbb73082',''),(82,2,'9f0b528c-ad90-414a-a2f9-775e7dcbe953','Balance object (9f0b528c-ad90-414a-a2f9-775e7dcbe953)','[{\"model\": \"Orders.balance\", \"pk\": \"9f0b528c-ad90-414a-a2f9-775e7dcbe953\", \"fields\": {\"creator\": \"defb1c62-3813-4365-97f9-475f9f55d4a6\", \"withdrawable_balance\": 5, \"pending_balance\": 3}}]','2025-03-13 22:43:25.574017',35,'59b890b5c60f44589ed18c5ecbb73082','59b890b5-c60f-4458-9ed1-8c5ecbb73082','{\"withdrawable_balance\": [\"0\", \"5\"], \"pending_balance\": [\"0\", \"3\"]}'),(83,1,'3898ee45-7659-47db-b3e0-4b85f7d004e4','Transaction object (3898ee45-7659-47db-b3e0-4b85f7d004e4)','[{\"model\": \"Orders.transaction\", \"pk\": \"3898ee45-7659-47db-b3e0-4b85f7d004e4\", \"fields\": {\"creator\": \"defb1c62-3813-4365-97f9-475f9f55d4a6\", \"amount\": 2, \"transaction_type\": \"withdraw\", \"date\": \"2025-03-14\", \"service\": \"f67d40a3-4334-4ed4-814a-006d7204cfd7\", \"current_balance\": \"150.0\"}}]','2025-03-13 22:44:05.085376',36,'59b890b5c60f44589ed18c5ecbb73082','59b890b5-c60f-4458-9ed1-8c5ecbb73082',''),(84,3,'7cf70a0f-8a58-4c45-b428-6970079a45f2','Payment 7cf70a0f-8a58-4c45-b428-6970079a45f2 - PENDING','[{\"model\": \"Orders.payment\", \"pk\": \"7cf70a0f-8a58-4c45-b428-6970079a45f2\", \"fields\": {\"order\": \"f7ec6eda-d0e5-4217-86ba-baf4b2fe466d\", \"brand\": \"1848f9f9-0f1d-4d95-9295-935d27fe4fe4\", \"payment_method\": \"PAYPAL\", \"payment_status\": \"PENDING\", \"created_at\": \"2025-02-05T20:47:42.610Z\"}}]','2025-03-13 23:56:12.530171',21,'59b890b5c60f44589ed18c5ecbb73082','59b890b5-c60f-4458-9ed1-8c5ecbb73082',''),(85,3,'47eed9eb-8322-4ecc-ae5d-47658983399c','Payment 47eed9eb-8322-4ecc-ae5d-47658983399c - SUCCESS','[{\"model\": \"Orders.payment\", \"pk\": \"47eed9eb-8322-4ecc-ae5d-47658983399c\", \"fields\": {\"order\": \"6fd9cb9d-3955-4b15-a159-ac9738e399fc\", \"brand\": \"ef0cfb50-5d34-4b7e-83e4-84c9c813761d\", \"payment_method\": \"PAYPAL\", \"payment_status\": \"SUCCESS\", \"created_at\": \"2025-03-13T22:28:24.774Z\"}}]','2025-03-13 23:56:12.578146',21,'59b890b5c60f44589ed18c5ecbb73082','59b890b5-c60f-4458-9ed1-8c5ecbb73082',''),(86,3,'08f96a0b-a445-4630-8c18-afd67617c48e','Payment 08f96a0b-a445-4630-8c18-afd67617c48e - PENDING','[{\"model\": \"Orders.payment\", \"pk\": \"08f96a0b-a445-4630-8c18-afd67617c48e\", \"fields\": {\"order\": \"e2b55dfb-92ad-4d15-a2a2-06c2f7b17c02\", \"brand\": \"25fc68c2-a0cc-43d6-aa04-6d434b2a48e1\", \"payment_method\": \"PAYPAL\", \"payment_status\": \"PENDING\", \"created_at\": \"2024-12-19T22:52:06.256Z\"}}]','2025-03-13 23:56:12.632152',21,'59b890b5c60f44589ed18c5ecbb73082','59b890b5-c60f-4458-9ed1-8c5ecbb73082',''),(87,1,'2694fc25-67ca-49a9-9f73-1ce61211d51c','Payment 2694fc25-67ca-49a9-9f73-1ce61211d51c - PENDING','[{\"model\": \"Orders.payment\", \"pk\": \"2694fc25-67ca-49a9-9f73-1ce61211d51c\", \"fields\": {\"order\": \"6fd9cb9d-3955-4b15-a159-ac9738e399fc\", \"brand\": \"ef0cfb50-5d34-4b7e-83e4-84c9c813761d\", \"payment_method\": \"CREDITCARD\", \"payment_status\": \"PENDING\", \"created_at\": \"2025-03-13T23:56:27.064Z\"}}]','2025-03-13 23:56:27.104800',21,'59b890b5c60f44589ed18c5ecbb73082','59b890b5-c60f-4458-9ed1-8c5ecbb73082',''),(88,1,'e10963ad-a016-4ebc-929d-1ddd9b4d8f90','Rating 3.0 by bb for user11','[{\"model\": \"Reviews.review\", \"pk\": \"e10963ad-a016-4ebc-929d-1ddd9b4d8f90\", \"fields\": {\"brand\": \"ef0cfb50-5d34-4b7e-83e4-84c9c813761d\", \"creator\": \"defb1c62-3813-4365-97f9-475f9f55d4a6\", \"service_video\": \"ce8c1ab8-63a8-45f9-b541-3719b13ff023\", \"rating\": 3.0, \"review\": \"\", \"created_at\": \"2025-03-14T23:49:46.106Z\"}}]','2025-03-14 23:49:46.205525',30,'59b890b5c60f44589ed18c5ecbb73082','59b890b5-c60f-4458-9ed1-8c5ecbb73082',''),(89,1,'aa682dbd-2a83-4e92-aea1-8d45a797bac8','Cart of ss','[{\"model\": \"Orders.cart\", \"pk\": \"aa682dbd-2a83-4e92-aea1-8d45a797bac8\", \"fields\": {\"brand\": \"ef0cfb50-5d34-4b7e-83e4-84c9c813761d\", \"created_at\": \"2025-03-15T22:18:24.480Z\", \"updated_at\": \"2025-03-15T22:18:24.480Z\"}}]','2025-03-15 22:18:24.649291',26,'59b890b5c60f44589ed18c5ecbb73082','59b890b5-c60f-4458-9ed1-8c5ecbb73082',''),(90,1,'b8d80f53-2b25-4be8-91dd-0535c04387f6','2 x Videoo','[{\"model\": \"Orders.cartitem\", \"pk\": \"b8d80f53-2b25-4be8-91dd-0535c04387f6\", \"fields\": {\"cart\": \"4fdc5ff8-df49-4317-ad33-9c2ceeed4113\", \"service\": \"ed821788-de0d-49aa-b43a-16c63456c2ad\", \"quantity\": 2, \"price\": \"200.0\"}}]','2025-03-15 22:44:43.371737',27,'59b890b5c60f44589ed18c5ecbb73082','59b890b5-c60f-4458-9ed1-8c5ecbb73082',''),(91,3,'2694fc25-67ca-49a9-9f73-1ce61211d51c','Payment 2694fc25-67ca-49a9-9f73-1ce61211d51c - PENDING','[{\"model\": \"Orders.payment\", \"pk\": \"2694fc25-67ca-49a9-9f73-1ce61211d51c\", \"fields\": {\"order\": \"6fd9cb9d-3955-4b15-a159-ac9738e399fc\", \"brand\": \"ef0cfb50-5d34-4b7e-83e4-84c9c813761d\", \"payment_method\": \"CREDITCARD\", \"payment_status\": \"PENDING\", \"created_at\": \"2025-03-13T23:56:27.064Z\", \"card_holder_name\": null, \"card_number\": null, \"card_expiry\": null, \"card_cvc\": null}}]','2025-03-17 22:18:01.298267',21,'59b890b5c60f44589ed18c5ecbb73082','59b890b5-c60f-4458-9ed1-8c5ecbb73082',''),(92,1,'c27fb5d1-46f4-4994-abb6-759c06014961','Payment c27fb5d1-46f4-4994-abb6-759c06014961 - SUCCESS','[{\"model\": \"Orders.payment\", \"pk\": \"c27fb5d1-46f4-4994-abb6-759c06014961\", \"fields\": {\"order\": \"6fd9cb9d-3955-4b15-a159-ac9738e399fc\", \"brand\": \"ef0cfb50-5d34-4b7e-83e4-84c9c813761d\", \"payment_method\": \"CREDITCARD\", \"payment_status\": \"SUCCESS\", \"created_at\": \"2025-03-17T22:18:48.147Z\", \"card_holder_name\": \"sss\", \"card_number\": \"2115345\", \"card_expiry\": null, \"card_cvc\": \"2215\"}}]','2025-03-17 22:18:48.195668',21,'59b890b5c60f44589ed18c5ecbb73082','59b890b5-c60f-4458-9ed1-8c5ecbb73082',''),(93,1,'3a8cb2e3-8659-473d-97a8-8d6be017d66d','YOUTUBE by user11','[{\"model\": \"Services.service\", \"pk\": \"3a8cb2e3-8659-473d-97a8-8d6be017d66d\", \"fields\": {\"creator\": \"defb1c62-3813-4365-97f9-475f9f55d4a6\", \"service_name\": \"YOUTUBE\", \"platform\": \"Youtube\", \"video_length\": 3, \"hooks_numbers\": 1, \"call_to_action_number\": 2, \"voice_over\": true, \"face_appearing\": true, \"price\": \"150.00\", \"created_at\": \"2025-03-17T23:44:42.090Z\", \"updated_at\": \"2025-03-17T23:44:42.090Z\"}}]','2025-03-17 23:44:42.135750',31,'ee69a506f2c9482c8740b3625f272c2d','ee69a506-f2c9-482c-8740-b3625f272c2d',''),(94,1,'d7f87e85-0108-48aa-a826-b784aa17c785','Video for YOUTUBE (user11)','[{\"model\": \"Services.servicevideo\", \"pk\": \"d7f87e85-0108-48aa-a826-b784aa17c785\", \"fields\": {\"service\": \"3a8cb2e3-8659-473d-97a8-8d6be017d66d\", \"video_file\": \"service_videos/document_6044060373307364848_PaO26pb.mp4\", \"description\": \"\", \"uploaded_at\": \"2025-03-17T23:52:01.195Z\"}}]','2025-03-17 23:52:01.221341',34,'ee69a506f2c9482c8740b3625f272c2d','ee69a506-f2c9-482c-8740-b3625f272c2d',''),(95,1,'4aa5e879-8d3b-4fcb-b52e-4843a745ea3d','2 x YOUTUBE','[{\"model\": \"Orders.cartitem\", \"pk\": \"4aa5e879-8d3b-4fcb-b52e-4843a745ea3d\", \"fields\": {\"cart\": \"aa682dbd-2a83-4e92-aea1-8d45a797bac8\", \"service\": \"3a8cb2e3-8659-473d-97a8-8d6be017d66d\", \"quantity\": 2, \"price\": \"150.00\"}}]','2025-03-20 23:12:40.835351',27,'59b890b5c60f44589ed18c5ecbb73082','59b890b5-c60f-4458-9ed1-8c5ecbb73082',''),(96,2,'4aa5e879-8d3b-4fcb-b52e-4843a745ea3d','4 x YOUTUBE','[{\"model\": \"Orders.cartitem\", \"pk\": \"4aa5e879-8d3b-4fcb-b52e-4843a745ea3d\", \"fields\": {\"cart\": \"aa682dbd-2a83-4e92-aea1-8d45a797bac8\", \"service\": \"3a8cb2e3-8659-473d-97a8-8d6be017d66d\", \"quantity\": 4, \"price\": \"150.00\"}}]','2025-03-20 23:15:36.725486',27,'59b890b5c60f44589ed18c5ecbb73082','59b890b5-c60f-4458-9ed1-8c5ecbb73082','{\"quantity\": [\"2\", \"4\"]}'),(97,1,'80da5d15-1251-436f-8e14-1dad88e3df3f','user12 (user12@domain.com)','[{\"model\": \"Users.user\", \"pk\": \"80da5d15-1251-436f-8e14-1dad88e3df3f\", \"fields\": {\"password\": \"pbkdf2_sha256$870000$QKgqZjZ6WTsScSdhVjJ3Wn$iHwyBe4eYenKOJeHMqjjFRWvTNxbgu6wwFLUhIU836s=\", \"last_login\": null, \"is_superuser\": false, \"username\": \"user12\", \"is_staff\": false, \"is_active\": true, \"date_joined\": \"2025-03-22T22:02:57.938Z\", \"first_name\": \"User\", \"last_name\": \"12\", \"birth_date\": \"2000-01-22\", \"gender\": \"F\", \"country\": \"AM\", \"email\": \"user12@domain.com\", \"user_type\": \"creator\", \"phone_number\": null, \"groups\": [], \"user_permissions\": []}}]','2025-03-22 22:02:59.868853',9,'59b890b5c60f44589ed18c5ecbb73082','59b890b5-c60f-4458-9ed1-8c5ecbb73082',''),(98,1,'f298468e-c3e6-40ec-9396-b06197d3790a','user12','[{\"model\": \"Users.creator\", \"pk\": \"f298468e-c3e6-40ec-9396-b06197d3790a\", \"fields\": {\"user\": \"80da5d15-1251-436f-8e14-1dad88e3df3f\", \"bio\": null, \"profile_pic\": null, \"facebook_followers\": 0, \"instagram_followers\": 0, \"youtube_followers\": 0, \"tiktok_followers\": 0, \"snapchat_followers\": 0, \"avg_completion_rate\": 0, \"avg_response_speed\": \"\", \"clients_number\": 0, \"services_number\": 0, \"last_seen\": \"2025-03-22T22:02:59.615Z\", \"register_date\": \"2025-03-23\", \"created_at\": \"2025-03-22T22:02:59.615Z\", \"updated_at\": \"2025-03-22T22:02:59.615Z\"}}]','2025-03-22 22:02:59.981848',10,'59b890b5c60f44589ed18c5ecbb73082','59b890b5-c60f-4458-9ed1-8c5ecbb73082',''),(99,1,'f8a481cb-43aa-421e-ba63-15a68b0d4617','Balance object (f8a481cb-43aa-421e-ba63-15a68b0d4617)','[{\"model\": \"Orders.balance\", \"pk\": \"f8a481cb-43aa-421e-ba63-15a68b0d4617\", \"fields\": {\"creator\": \"f298468e-c3e6-40ec-9396-b06197d3790a\", \"withdrawable_balance\": 0, \"pending_balance\": 0, \"total_balance\": 0.0}}]','2025-03-22 22:03:00.055843',35,'59b890b5c60f44589ed18c5ecbb73082','59b890b5-c60f-4458-9ed1-8c5ecbb73082',''),(100,2,'f298468e-c3e6-40ec-9396-b06197d3790a','user12','[{\"model\": \"Users.creator\", \"pk\": \"f298468e-c3e6-40ec-9396-b06197d3790a\", \"fields\": {\"user\": \"80da5d15-1251-436f-8e14-1dad88e3df3f\", \"bio\": null, \"profile_pic\": null, \"facebook_followers\": 0, \"instagram_followers\": 0, \"youtube_followers\": 0, \"tiktok_followers\": 0, \"snapchat_followers\": 0, \"avg_completion_rate\": 0, \"avg_response_speed\": \"\", \"clients_number\": 0, \"services_number\": 0, \"last_seen\": \"2025-03-22T22:02:59.615Z\", \"register_date\": \"2025-03-23\", \"created_at\": \"2025-03-22T22:02:59.615Z\", \"updated_at\": \"2025-03-22T22:02:59.615Z\"}}]','2025-03-22 22:03:00.076844',10,'59b890b5c60f44589ed18c5ecbb73082','59b890b5-c60f-4458-9ed1-8c5ecbb73082','null'),(101,1,'cf088972-9f17-4a82-a27f-b50a426a62b7','brand12 (brand12@domain.com)','[{\"model\": \"Users.user\", \"pk\": \"cf088972-9f17-4a82-a27f-b50a426a62b7\", \"fields\": {\"password\": \"pbkdf2_sha256$870000$ZjwexIXcKjWsNKAebFJkUT$VOSkFLXHHctnndp+qy7BrnmnlCNSZMOorl23AASnk64=\", \"last_login\": null, \"is_superuser\": false, \"username\": \"brand12\", \"is_staff\": false, \"is_active\": true, \"date_joined\": \"2025-03-22T22:04:08.266Z\", \"first_name\": \"Brand\", \"last_name\": \"12\", \"birth_date\": \"2002-03-26\", \"gender\": \"F\", \"country\": \"AU\", \"email\": \"brand12@domain.com\", \"user_type\": \"brand\", \"phone_number\": null, \"groups\": [], \"user_permissions\": []}}]','2025-03-22 22:04:10.053151',9,'59b890b5c60f44589ed18c5ecbb73082','59b890b5-c60f-4458-9ed1-8c5ecbb73082',''),(102,2,'59b890b5-c60f-4458-9ed1-8c5ecbb73082','ss (ss@domain.com)','[{\"model\": \"Users.user\", \"pk\": \"59b890b5-c60f-4458-9ed1-8c5ecbb73082\", \"fields\": {\"password\": \"pbkdf2_sha256$870000$YdR3cje8fj917p9xXB8Vs5$GInh5+jYzBhUJ3HcjhhdZILv1deVmnlYomJg/zVugGE=\", \"last_login\": \"2025-03-24T13:36:08.226Z\", \"is_superuser\": true, \"username\": \"ss\", \"is_staff\": true, \"is_active\": true, \"date_joined\": \"2024-12-14T20:39:12.429Z\", \"first_name\": \"Ss\", \"last_name\": \"Shb\", \"birth_date\": \"2002-01-01\", \"gender\": \"F\", \"country\": null, \"email\": \"ss@domain.com\", \"user_type\": \"\", \"phone_number\": null, \"groups\": [], \"user_permissions\": []}}]','2025-03-24 13:36:08.827617',9,'59b890b5c60f44589ed18c5ecbb73082','59b890b5-c60f-4458-9ed1-8c5ecbb73082','{\"last_login\": [\"2025-03-09 21:59:48.063021\", \"2025-03-24 13:36:08.226130\"]}'),(103,2,'ef0cfb50-5d34-4b7e-83e4-84c9c813761d','bb','[{\"model\": \"Users.brand\", \"pk\": \"ef0cfb50-5d34-4b7e-83e4-84c9c813761d\", \"fields\": {\"user\": \"59b890b5-c60f-4458-9ed1-8c5ecbb73082\", \"brand_name\": \"bb\", \"phone_number\": \"023446548\", \"about_me\": \"\", \"facebook_followers\": 0, \"instagram_followers\": 0, \"youtube_followers\": 0, \"tiktok_followers\": 0, \"snapchat_followers\": 0, \"order_number\": 0, \"avg_order_time\": 0, \"avg_response_speed\": \"\", \"last_seen\": \"2025-03-09T21:59:48.712Z\", \"register_date\": \"2024-12-27\", \"created_at\": \"2025-01-20T20:55:44.258Z\", \"updated_at\": \"2025-03-09T21:59:48.712Z\"}}]','2025-03-24 13:36:09.024897',11,'59b890b5c60f44589ed18c5ecbb73082','59b890b5-c60f-4458-9ed1-8c5ecbb73082','null'),(104,2,'59b890b5-c60f-4458-9ed1-8c5ecbb73082','ss (ss@domain.com)','[{\"model\": \"Users.user\", \"pk\": \"59b890b5-c60f-4458-9ed1-8c5ecbb73082\", \"fields\": {\"password\": \"pbkdf2_sha256$870000$YdR3cje8fj917p9xXB8Vs5$GInh5+jYzBhUJ3HcjhhdZILv1deVmnlYomJg/zVugGE=\", \"last_login\": \"2025-03-24T13:45:54.632Z\", \"is_superuser\": true, \"username\": \"ss\", \"is_staff\": true, \"is_active\": true, \"date_joined\": \"2024-12-14T20:39:12.429Z\", \"first_name\": \"Ss\", \"last_name\": \"Shb\", \"birth_date\": \"2002-01-01\", \"gender\": \"F\", \"country\": null, \"email\": \"ss@domain.com\", \"user_type\": \"\", \"phone_number\": null, \"groups\": [], \"user_permissions\": []}}]','2025-03-24 13:45:54.681237',9,'59b890b5c60f44589ed18c5ecbb73082','59b890b5-c60f-4458-9ed1-8c5ecbb73082','{\"last_login\": [\"2025-03-24 13:36:08.226130\", \"2025-03-24 13:45:54.632147\"]}'),(105,2,'ef0cfb50-5d34-4b7e-83e4-84c9c813761d','bb','[{\"model\": \"Users.brand\", \"pk\": \"ef0cfb50-5d34-4b7e-83e4-84c9c813761d\", \"fields\": {\"user\": \"59b890b5-c60f-4458-9ed1-8c5ecbb73082\", \"brand_name\": \"bb\", \"phone_number\": \"023446548\", \"about_me\": \"\", \"facebook_followers\": 0, \"instagram_followers\": 0, \"youtube_followers\": 0, \"tiktok_followers\": 0, \"snapchat_followers\": 0, \"order_number\": 0, \"avg_order_time\": 0, \"avg_response_speed\": \"\", \"last_seen\": \"2025-03-24T13:36:09.061Z\", \"register_date\": \"2024-12-27\", \"created_at\": \"2025-01-20T20:55:44.258Z\", \"updated_at\": \"2025-03-24T13:36:09.061Z\"}}]','2025-03-24 13:45:54.764665',11,'59b890b5c60f44589ed18c5ecbb73082','59b890b5-c60f-4458-9ed1-8c5ecbb73082','null'),(106,2,'3166233e-c8d4-41fd-8883-836fb9c02681','4 x INSTA VIDEOS22','[{\"model\": \"Orders.cartitem\", \"pk\": \"3166233e-c8d4-41fd-8883-836fb9c02681\", \"fields\": {\"cart\": \"4fdc5ff8-df49-4317-ad33-9c2ceeed4113\", \"service\": \"20810014-12a9-409a-964c-f3e083af22bd\", \"quantity\": 4, \"price\": \"150.00\"}}]','2025-03-24 14:02:47.779223',27,'69fbad56d5bc401289711c5f42d74578','69fbad56-d5bc-4012-8971-1c5f42d74578','{\"quantity\": [\"3\", \"4\"]}'),(107,3,'fc8c762a-dbc9-4bd4-8d09-001c84146a67','Message fc8c762a-dbc9-4bd4-8d09-001c84146a67','[{\"model\": \"Chat.message\", \"pk\": \"fc8c762a-dbc9-4bd4-8d09-001c84146a67\", \"fields\": {\"chat_id\": \"8b78b73a-44ce-445a-99d9-fcb73bc5b031\", \"sender_id\": \"5a2c59fc-4c4d-4a35-b893-6ebc022177d3\", \"message\": \"jhjh\", \"file\": \"\", \"created_at\": \"2024-12-20T10:17:43.475Z\"}}]','2025-03-24 14:24:52.699497',18,'59b890b5c60f44589ed18c5ecbb73082','59b890b5-c60f-4458-9ed1-8c5ecbb73082',''),(108,3,'c2007f1d-dea1-4c28-a21a-a6cd3b561dfa','Message c2007f1d-dea1-4c28-a21a-a6cd3b561dfa','[{\"model\": \"Chat.message\", \"pk\": \"c2007f1d-dea1-4c28-a21a-a6cd3b561dfa\", \"fields\": {\"chat_id\": \"8b78b73a-44ce-445a-99d9-fcb73bc5b031\", \"sender_id\": \"a8e97dec-2878-4c4c-8c7f-c08e2fd0eb1b\", \"message\": \"gjhg\", \"file\": \"\", \"created_at\": \"2024-12-20T10:20:46.497Z\"}}]','2025-03-24 14:24:52.715443',18,'59b890b5c60f44589ed18c5ecbb73082','59b890b5-c60f-4458-9ed1-8c5ecbb73082',''),(109,3,'a5068979-3bce-4249-a16c-b55581f18c2c','Message a5068979-3bce-4249-a16c-b55581f18c2c','[{\"model\": \"Chat.message\", \"pk\": \"a5068979-3bce-4249-a16c-b55581f18c2c\", \"fields\": {\"chat_id\": \"4794e187-4127-445c-8176-8d4f0d989551\", \"sender_id\": \"5a2c59fc-4c4d-4a35-b893-6ebc022177d3\", \"message\": \"hgjg\", \"file\": \"chat_files/videos/document_6044060373307364848.mp4\", \"created_at\": \"2024-12-20T10:34:13.164Z\"}}]','2025-03-24 14:24:52.782096',18,'59b890b5c60f44589ed18c5ecbb73082','59b890b5-c60f-4458-9ed1-8c5ecbb73082',''),(110,3,'4962032d-05d5-4bd2-889d-a523438fd9a4','Message 4962032d-05d5-4bd2-889d-a523438fd9a4','[{\"model\": \"Chat.message\", \"pk\": \"4962032d-05d5-4bd2-889d-a523438fd9a4\", \"fields\": {\"chat_id\": \"4794e187-4127-445c-8176-8d4f0d989551\", \"sender_id\": \"a8e97dec-2878-4c4c-8c7f-c08e2fd0eb1b\", \"message\": \"I want to work with you\", \"file\": \"\", \"created_at\": \"2024-12-14T20:50:41.703Z\"}}]','2025-03-24 14:24:52.800936',18,'59b890b5c60f44589ed18c5ecbb73082','59b890b5-c60f-4458-9ed1-8c5ecbb73082',''),(111,3,'056910dc-82aa-476d-84fe-6151d3da29ff','Message 056910dc-82aa-476d-84fe-6151d3da29ff','[{\"model\": \"Chat.message\", \"pk\": \"056910dc-82aa-476d-84fe-6151d3da29ff\", \"fields\": {\"chat_id\": \"8b78b73a-44ce-445a-99d9-fcb73bc5b031\", \"sender_id\": \"59b890b5-c60f-4458-9ed1-8c5ecbb73082\", \"message\": \"nbgjhf\", \"file\": \"\", \"created_at\": \"2024-12-20T10:18:22.689Z\"}}]','2025-03-24 14:24:52.833292',18,'59b890b5c60f44589ed18c5ecbb73082','59b890b5-c60f-4458-9ed1-8c5ecbb73082',''),(112,3,'eac800a8-3e7c-449e-929f-4ce1089004ee','Brief eac800a8-3e7c-449e-929f-4ce1089004ee - Budget: 1025.55','[{\"model\": \"Orders.brief\", \"pk\": \"eac800a8-3e7c-449e-929f-4ce1089004ee\", \"fields\": {\"brand_id\": \"25fc68c2-a0cc-43d6-aa04-6d434b2a48e1\", \"creator_id\": \"24131587-0705-4b4d-ac7c-ddeffb84bdfa\", \"content_requirements\": \"I need to market this new product very well.\", \"budget\": \"1025.55\", \"deadline\": \"2025-08-01T18:00:00Z\", \"created_at\": \"2024-12-15T10:20:57.667Z\"}}]','2025-03-24 14:24:52.851997',19,'59b890b5c60f44589ed18c5ecbb73082','59b890b5-c60f-4458-9ed1-8c5ecbb73082',''),(113,3,'8b78b73a-44ce-445a-99d9-fcb73bc5b031','Chat 8b78b73a-44ce-445a-99d9-fcb73bc5b031','[{\"model\": \"Chat.chat\", \"pk\": \"8b78b73a-44ce-445a-99d9-fcb73bc5b031\", \"fields\": {\"brand\": \"25fc68c2-a0cc-43d6-aa04-6d434b2a48e1\", \"creator\": \"24131587-0705-4b4d-ac7c-ddeffb84bdfa\", \"created_at\": \"2024-12-20T10:17:27.259Z\"}}]','2025-03-24 14:24:52.907310',17,'59b890b5c60f44589ed18c5ecbb73082','59b890b5-c60f-4458-9ed1-8c5ecbb73082',''),(114,3,'4794e187-4127-445c-8176-8d4f0d989551','Chat 4794e187-4127-445c-8176-8d4f0d989551','[{\"model\": \"Chat.chat\", \"pk\": \"4794e187-4127-445c-8176-8d4f0d989551\", \"fields\": {\"brand\": \"25fc68c2-a0cc-43d6-aa04-6d434b2a48e1\", \"creator\": \"24131587-0705-4b4d-ac7c-ddeffb84bdfa\", \"created_at\": \"2024-12-14T20:50:14.821Z\"}}]','2025-03-24 14:24:52.933956',17,'59b890b5c60f44589ed18c5ecbb73082','59b890b5-c60f-4458-9ed1-8c5ecbb73082',''),(115,3,'25fc68c2-a0cc-43d6-aa04-6d434b2a48e1','sb','[{\"model\": \"Users.brand\", \"pk\": \"25fc68c2-a0cc-43d6-aa04-6d434b2a48e1\", \"fields\": {\"user\": \"a8e97dec-2878-4c4c-8c7f-c08e2fd0eb1b\", \"brand_name\": \"sb\", \"phone_number\": \"0939949117\", \"about_me\": \"\", \"facebook_followers\": 0, \"instagram_followers\": 0, \"youtube_followers\": 0, \"tiktok_followers\": 0, \"snapchat_followers\": 0, \"order_number\": 0, \"avg_order_time\": 0, \"avg_response_speed\": \"\", \"last_seen\": \"2024-12-27T23:45:02.221Z\", \"register_date\": \"2024-12-27\", \"created_at\": \"2024-12-14T20:43:25.462Z\", \"updated_at\": \"2024-12-27T23:45:04.862Z\"}}]','2025-03-24 14:24:52.966105',11,'59b890b5c60f44589ed18c5ecbb73082','59b890b5-c60f-4458-9ed1-8c5ecbb73082',''),(116,2,'ef0cfb50-5d34-4b7e-83e4-84c9c813761d','ss','[{\"model\": \"Users.brand\", \"pk\": \"ef0cfb50-5d34-4b7e-83e4-84c9c813761d\", \"fields\": {\"user\": \"59b890b5-c60f-4458-9ed1-8c5ecbb73082\", \"brand_name\": \"ss\", \"phone_number\": \"023446548\", \"about_me\": \"\", \"facebook_followers\": 0, \"instagram_followers\": 0, \"youtube_followers\": 0, \"tiktok_followers\": 0, \"snapchat_followers\": 0, \"order_number\": 0, \"avg_order_time\": 0, \"avg_response_speed\": \"\", \"last_seen\": \"2025-03-24T13:45:54.796Z\", \"register_date\": \"2024-12-27\", \"created_at\": \"2025-01-20T20:55:44.258Z\", \"updated_at\": \"2025-03-24T13:45:54.796Z\"}}]','2025-03-24 21:04:18.986055',11,'59b890b5c60f44589ed18c5ecbb73082','59b890b5-c60f-4458-9ed1-8c5ecbb73082','{\"brand_name\": [\"bb\", \"ss\"]}'),(117,2,'6fd9cb9d-3955-4b15-a159-ac9738e399fc','Order #6fd9cb9d-3955-4b15-a159-ac9738e399fc - ss','[{\"model\": \"Orders.order\", \"pk\": \"6fd9cb9d-3955-4b15-a159-ac9738e399fc\", \"fields\": {\"brand\": \"ef0cfb50-5d34-4b7e-83e4-84c9c813761d\", \"creator\": \"defb1c62-3813-4365-97f9-475f9f55d4a6\", \"status\": \"in_progress\", \"created_at\": \"2025-03-11T00:29:25.860Z\", \"promo_code\": \"379dd3fc-b4d4-454e-9ebd-9cf995eec5cb\", \"fee\": \"06608f67-2ee5-421a-b0a5-9c5662a2cce7\"}}]','2025-03-25 21:47:24.322613',20,'59b890b5c60f44589ed18c5ecbb73082','59b890b5-c60f-4458-9ed1-8c5ecbb73082','null'),(118,2,'6fd9cb9d-3955-4b15-a159-ac9738e399fc','Order #6fd9cb9d-3955-4b15-a159-ac9738e399fc - ss','[{\"model\": \"Orders.order\", \"pk\": \"6fd9cb9d-3955-4b15-a159-ac9738e399fc\", \"fields\": {\"brand\": \"ef0cfb50-5d34-4b7e-83e4-84c9c813761d\", \"creator\": \"defb1c62-3813-4365-97f9-475f9f55d4a6\", \"status\": \"in_progress\", \"created_at\": \"2025-03-11T00:29:25.860Z\", \"promo_code\": \"379dd3fc-b4d4-454e-9ebd-9cf995eec5cb\", \"fee\": \"06608f67-2ee5-421a-b0a5-9c5662a2cce7\"}}]','2025-03-25 21:47:40.213478',20,'59b890b5c60f44589ed18c5ecbb73082','59b890b5-c60f-4458-9ed1-8c5ecbb73082','null'),(119,2,'6fd9cb9d-3955-4b15-a159-ac9738e399fc','Order #6fd9cb9d-3955-4b15-a159-ac9738e399fc - ss','[{\"model\": \"Orders.order\", \"pk\": \"6fd9cb9d-3955-4b15-a159-ac9738e399fc\", \"fields\": {\"brand\": \"ef0cfb50-5d34-4b7e-83e4-84c9c813761d\", \"creator\": \"defb1c62-3813-4365-97f9-475f9f55d4a6\", \"status\": \"delivered\", \"created_at\": \"2025-03-11T00:29:25.860Z\", \"promo_code\": \"379dd3fc-b4d4-454e-9ebd-9cf995eec5cb\", \"fee\": \"06608f67-2ee5-421a-b0a5-9c5662a2cce7\"}}]','2025-03-25 21:59:43.226891',20,'59b890b5c60f44589ed18c5ecbb73082','59b890b5-c60f-4458-9ed1-8c5ecbb73082','{\"status\": [\"in_progress\", \"delivered\"]}'),(120,2,'032d4e03-9795-469a-b827-b72b47678c50','b12','[{\"model\": \"Users.brand\", \"pk\": \"032d4e03-9795-469a-b827-b72b47678c50\", \"fields\": {\"user\": \"cf088972-9f17-4a82-a27f-b50a426a62b7\", \"brand_name\": \"b12\", \"phone_number\": \"0540465146\", \"about_me\": \"\", \"facebook_followers\": 0, \"instagram_followers\": 0, \"youtube_followers\": 0, \"tiktok_followers\": 0, \"snapchat_followers\": 0, \"order_number\": 0, \"avg_order_time\": 0, \"avg_response_speed\": \"\", \"last_seen\": \"2025-03-22T22:04:09.921Z\", \"register_date\": \"2024-12-27T00:00:00Z\", \"created_at\": \"2025-03-22T22:04:09.883Z\", \"updated_at\": \"2025-03-22T22:04:09.921Z\"}}]','2025-03-26 20:00:49.199667',11,'59b890b5c60f44589ed18c5ecbb73082','59b890b5-c60f-4458-9ed1-8c5ecbb73082','{\"brand_name\": [\"\", \"b12\"], \"phone_number\": [\"\", \"0540465146\"]}'),(121,1,'2214325b-0d39-4cfa-9ac2-ceef3f43d3f3','Cart of brand12','[{\"model\": \"Orders.cart\", \"pk\": \"2214325b-0d39-4cfa-9ac2-ceef3f43d3f3\", \"fields\": {\"brand\": \"032d4e03-9795-469a-b827-b72b47678c50\", \"created_at\": \"2025-03-26T20:01:06.181Z\", \"updated_at\": \"2025-03-26T20:01:06.181Z\", \"promo_code\": \"379dd3fc-b4d4-454e-9ebd-9cf995eec5cb\", \"fee\": null}}]','2025-03-26 20:01:06.198141',26,'59b890b5c60f44589ed18c5ecbb73082','59b890b5-c60f-4458-9ed1-8c5ecbb73082',''),(122,2,'2214325b-0d39-4cfa-9ac2-ceef3f43d3f3','Cart of brand12','[{\"model\": \"Orders.cart\", \"pk\": \"2214325b-0d39-4cfa-9ac2-ceef3f43d3f3\", \"fields\": {\"brand\": \"032d4e03-9795-469a-b827-b72b47678c50\", \"created_at\": \"2025-03-26T20:01:06.181Z\", \"updated_at\": \"2025-03-26T20:01:06.181Z\", \"promo_code\": \"379dd3fc-b4d4-454e-9ebd-9cf995eec5cb\", \"fee\": null}}]','2025-03-26 20:01:11.131286',26,'59b890b5c60f44589ed18c5ecbb73082','59b890b5-c60f-4458-9ed1-8c5ecbb73082','null'),(123,1,'e7a8d3a4-e833-495e-a9b1-662a26198377','4 x YOUTUBE','[{\"model\": \"Orders.cartitem\", \"pk\": \"e7a8d3a4-e833-495e-a9b1-662a26198377\", \"fields\": {\"cart\": \"2214325b-0d39-4cfa-9ac2-ceef3f43d3f3\", \"service\": \"3a8cb2e3-8659-473d-97a8-8d6be017d66d\", \"quantity\": 4, \"price\": \"200\"}}]','2025-03-26 20:01:44.763497',27,'59b890b5c60f44589ed18c5ecbb73082','59b890b5-c60f-4458-9ed1-8c5ecbb73082',''),(124,1,'ab63b52f-9abf-4a4e-907a-6e9e133b74d8','Order #ab63b52f-9abf-4a4e-907a-6e9e133b74d8 - b12','[{\"model\": \"Orders.order\", \"pk\": \"ab63b52f-9abf-4a4e-907a-6e9e133b74d8\", \"fields\": {\"brand\": \"032d4e03-9795-469a-b827-b72b47678c50\", \"creator\": null, \"status\": \"in_progress\", \"created_at\": \"2025-03-26T20:05:39.299Z\", \"promo_code\": null, \"fee\": null}}]','2025-03-26 20:05:39.413072',20,'cf0889729f174a82a27fb50a426a62b7','cf088972-9f17-4a82-a27f-b50a426a62b7',''),(125,1,'ab5679a4-87d3-4645-b8af-f20b48d29cf7','5 x INSTA VIDEOS22','[{\"model\": \"Orders.cartitem\", \"pk\": \"ab5679a4-87d3-4645-b8af-f20b48d29cf7\", \"fields\": {\"cart\": \"2214325b-0d39-4cfa-9ac2-ceef3f43d3f3\", \"service\": \"f67d40a3-4334-4ed4-814a-006d7204cfd7\", \"quantity\": 5, \"price\": \"100\"}}]','2025-03-26 20:14:14.553572',27,'59b890b5c60f44589ed18c5ecbb73082','59b890b5-c60f-4458-9ed1-8c5ecbb73082',''),(126,1,'c31da476-b4e4-4c89-9d29-d0537c665d64','Order #c31da476-b4e4-4c89-9d29-d0537c665d64 - b12','[{\"model\": \"Orders.order\", \"pk\": \"c31da476-b4e4-4c89-9d29-d0537c665d64\", \"fields\": {\"brand\": \"032d4e03-9795-469a-b827-b72b47678c50\", \"creator\": null, \"status\": \"in_progress\", \"created_at\": \"2025-03-26T20:14:58.255Z\", \"promo_code\": null, \"fee\": null}}]','2025-03-26 20:14:58.329693',20,'cf0889729f174a82a27fb50a426a62b7','cf088972-9f17-4a82-a27f-b50a426a62b7',''),(127,3,'ab63b52f-9abf-4a4e-907a-6e9e133b74d8','Order #ab63b52f-9abf-4a4e-907a-6e9e133b74d8 - b12','[{\"model\": \"Orders.order\", \"pk\": \"ab63b52f-9abf-4a4e-907a-6e9e133b74d8\", \"fields\": {\"brand\": \"032d4e03-9795-469a-b827-b72b47678c50\", \"creator\": null, \"status\": \"in_progress\", \"created_at\": \"2025-03-26T20:05:39.299Z\", \"promo_code\": null, \"fee\": null}}]','2025-03-26 20:17:25.175287',20,'59b890b5c60f44589ed18c5ecbb73082','59b890b5-c60f-4458-9ed1-8c5ecbb73082',''),(128,1,'0fac80e1-2add-4138-a037-15a093f1293e','Order #0fac80e1-2add-4138-a037-15a093f1293e - b12','[{\"model\": \"Orders.order\", \"pk\": \"0fac80e1-2add-4138-a037-15a093f1293e\", \"fields\": {\"brand\": \"032d4e03-9795-469a-b827-b72b47678c50\", \"creator\": null, \"status\": \"in_progress\", \"created_at\": \"2025-03-26T20:21:54.225Z\", \"promo_code\": null, \"fee\": null}}]','2025-03-26 20:21:54.299175',20,'cf0889729f174a82a27fb50a426a62b7','cf088972-9f17-4a82-a27f-b50a426a62b7',''),(129,3,'e7a8d3a4-e833-495e-a9b1-662a26198377','4 x YOUTUBE','[{\"model\": \"Orders.cartitem\", \"pk\": \"e7a8d3a4-e833-495e-a9b1-662a26198377\", \"fields\": {\"cart\": \"2214325b-0d39-4cfa-9ac2-ceef3f43d3f3\", \"service\": \"3a8cb2e3-8659-473d-97a8-8d6be017d66d\", \"quantity\": 4, \"price\": \"200.00\"}}]','2025-03-26 20:21:54.342062',27,'cf0889729f174a82a27fb50a426a62b7','cf088972-9f17-4a82-a27f-b50a426a62b7',''),(130,3,'ab5679a4-87d3-4645-b8af-f20b48d29cf7','5 x INSTA VIDEOS22','[{\"model\": \"Orders.cartitem\", \"pk\": \"ab5679a4-87d3-4645-b8af-f20b48d29cf7\", \"fields\": {\"cart\": \"2214325b-0d39-4cfa-9ac2-ceef3f43d3f3\", \"service\": \"f67d40a3-4334-4ed4-814a-006d7204cfd7\", \"quantity\": 5, \"price\": \"100.00\"}}]','2025-03-26 20:21:54.410272',27,'cf0889729f174a82a27fb50a426a62b7','cf088972-9f17-4a82-a27f-b50a426a62b7',''),(131,3,'2214325b-0d39-4cfa-9ac2-ceef3f43d3f3','Cart of brand12','[{\"model\": \"Orders.cart\", \"pk\": \"2214325b-0d39-4cfa-9ac2-ceef3f43d3f3\", \"fields\": {\"brand\": \"032d4e03-9795-469a-b827-b72b47678c50\", \"created_at\": \"2025-03-26T20:01:06.181Z\", \"updated_at\": \"2025-03-26T20:01:11.113Z\", \"promo_code\": \"379dd3fc-b4d4-454e-9ebd-9cf995eec5cb\", \"fee\": null}}]','2025-03-26 20:21:54.460613',26,'cf0889729f174a82a27fb50a426a62b7','cf088972-9f17-4a82-a27f-b50a426a62b7',''),(132,3,'0fac80e1-2add-4138-a037-15a093f1293e','Order #0fac80e1-2add-4138-a037-15a093f1293e - b12','[{\"model\": \"Orders.order\", \"pk\": \"0fac80e1-2add-4138-a037-15a093f1293e\", \"fields\": {\"brand\": \"032d4e03-9795-469a-b827-b72b47678c50\", \"creator\": null, \"status\": \"in_progress\", \"created_at\": \"2025-03-26T20:21:54.225Z\", \"promo_code\": null, \"fee\": null}}]','2025-03-26 20:28:56.405426',20,'59b890b5c60f44589ed18c5ecbb73082','59b890b5-c60f-4458-9ed1-8c5ecbb73082',''),(133,3,'c31da476-b4e4-4c89-9d29-d0537c665d64','Order #c31da476-b4e4-4c89-9d29-d0537c665d64 - b12','[{\"model\": \"Orders.order\", \"pk\": \"c31da476-b4e4-4c89-9d29-d0537c665d64\", \"fields\": {\"brand\": \"032d4e03-9795-469a-b827-b72b47678c50\", \"creator\": null, \"status\": \"in_progress\", \"created_at\": \"2025-03-26T20:14:58.255Z\", \"promo_code\": null, \"fee\": null}}]','2025-03-26 20:29:21.075782',20,'59b890b5c60f44589ed18c5ecbb73082','59b890b5-c60f-4458-9ed1-8c5ecbb73082',''),(134,1,'7fe60c72-2550-440d-938d-3edaae38d387','Cart of brand12','[{\"model\": \"Orders.cart\", \"pk\": \"7fe60c72-2550-440d-938d-3edaae38d387\", \"fields\": {\"brand\": \"032d4e03-9795-469a-b827-b72b47678c50\", \"created_at\": \"2025-03-26T20:29:31.417Z\", \"updated_at\": \"2025-03-26T20:29:31.417Z\", \"promo_code\": \"379dd3fc-b4d4-454e-9ebd-9cf995eec5cb\", \"fee\": null}}]','2025-03-26 20:29:31.508652',26,'59b890b5c60f44589ed18c5ecbb73082','59b890b5-c60f-4458-9ed1-8c5ecbb73082',''),(135,1,'dd4b232c-a64b-43d4-97ee-9703fac28072','4 x INSTA VIDEOS22','[{\"model\": \"Orders.cartitem\", \"pk\": \"dd4b232c-a64b-43d4-97ee-9703fac28072\", \"fields\": {\"cart\": \"7fe60c72-2550-440d-938d-3edaae38d387\", \"service\": \"20810014-12a9-409a-964c-f3e083af22bd\", \"quantity\": 4, \"price\": \"100.0\"}}]','2025-03-26 20:29:51.233310',27,'59b890b5c60f44589ed18c5ecbb73082','59b890b5-c60f-4458-9ed1-8c5ecbb73082',''),(136,1,'1392bcac-925b-44a2-91db-f9b212fcfc8c','5 x YOUTUBE','[{\"model\": \"Orders.cartitem\", \"pk\": \"1392bcac-925b-44a2-91db-f9b212fcfc8c\", \"fields\": {\"cart\": \"7fe60c72-2550-440d-938d-3edaae38d387\", \"service\": \"3a8cb2e3-8659-473d-97a8-8d6be017d66d\", \"quantity\": 5, \"price\": \"200.0\"}}]','2025-03-26 20:30:08.082240',27,'59b890b5c60f44589ed18c5ecbb73082','59b890b5-c60f-4458-9ed1-8c5ecbb73082',''),(137,1,'86bd1af8-8bc5-4d48-8620-61291d7ad8d6','Order #86bd1af8-8bc5-4d48-8620-61291d7ad8d6 - b12','[{\"model\": \"Orders.order\", \"pk\": \"86bd1af8-8bc5-4d48-8620-61291d7ad8d6\", \"fields\": {\"brand\": \"032d4e03-9795-469a-b827-b72b47678c50\", \"creator\": null, \"status\": \"in_progress\", \"created_at\": \"2025-03-26T20:30:36.630Z\", \"promo_code\": null, \"fee\": null}}]','2025-03-26 20:30:36.710185',20,'cf0889729f174a82a27fb50a426a62b7','cf088972-9f17-4a82-a27f-b50a426a62b7',''),(138,3,'dd4b232c-a64b-43d4-97ee-9703fac28072','4 x INSTA VIDEOS22','[{\"model\": \"Orders.cartitem\", \"pk\": \"dd4b232c-a64b-43d4-97ee-9703fac28072\", \"fields\": {\"cart\": \"7fe60c72-2550-440d-938d-3edaae38d387\", \"service\": \"20810014-12a9-409a-964c-f3e083af22bd\", \"quantity\": 4, \"price\": \"100.00\"}}]','2025-03-26 20:30:36.752868',27,'cf0889729f174a82a27fb50a426a62b7','cf088972-9f17-4a82-a27f-b50a426a62b7',''),(139,3,'1392bcac-925b-44a2-91db-f9b212fcfc8c','5 x YOUTUBE','[{\"model\": \"Orders.cartitem\", \"pk\": \"1392bcac-925b-44a2-91db-f9b212fcfc8c\", \"fields\": {\"cart\": \"7fe60c72-2550-440d-938d-3edaae38d387\", \"service\": \"3a8cb2e3-8659-473d-97a8-8d6be017d66d\", \"quantity\": 5, \"price\": \"200.00\"}}]','2025-03-26 20:30:36.778440',27,'cf0889729f174a82a27fb50a426a62b7','cf088972-9f17-4a82-a27f-b50a426a62b7',''),(140,3,'7fe60c72-2550-440d-938d-3edaae38d387','Cart of brand12','[{\"model\": \"Orders.cart\", \"pk\": \"7fe60c72-2550-440d-938d-3edaae38d387\", \"fields\": {\"brand\": \"032d4e03-9795-469a-b827-b72b47678c50\", \"created_at\": \"2025-03-26T20:29:31.417Z\", \"updated_at\": \"2025-03-26T20:29:31.417Z\", \"promo_code\": \"379dd3fc-b4d4-454e-9ebd-9cf995eec5cb\", \"fee\": null}}]','2025-03-26 20:30:36.828683',26,'cf0889729f174a82a27fb50a426a62b7','cf088972-9f17-4a82-a27f-b50a426a62b7',''),(141,2,'cf088972-9f17-4a82-a27f-b50a426a62b7','brand12 (brand12@domain.com)','[{\"model\": \"Users.user\", \"pk\": \"cf088972-9f17-4a82-a27f-b50a426a62b7\", \"fields\": {\"password\": \"pbkdf2_sha256$870000$ZjwexIXcKjWsNKAebFJkUT$VOSkFLXHHctnndp+qy7BrnmnlCNSZMOorl23AASnk64=\", \"last_login\": null, \"is_superuser\": false, \"username\": \"brand12\", \"is_staff\": true, \"is_active\": true, \"date_joined\": \"2025-03-22T22:04:08Z\", \"first_name\": \"Brand\", \"last_name\": \"12\", \"birth_date\": \"2002-03-26\", \"gender\": \"F\", \"country\": \"AU\", \"email\": \"brand12@domain.com\", \"user_type\": \"brand\", \"phone_number\": null, \"groups\": [], \"user_permissions\": []}}]','2025-03-26 20:53:12.126018',9,'59b890b5c60f44589ed18c5ecbb73082','59b890b5-c60f-4458-9ed1-8c5ecbb73082','{\"is_staff\": [\"False\", \"True\"], \"date_joined\": [\"2025-03-22 22:04:08.266705\", \"2025-03-22 22:04:08\"]}'),(142,2,'032d4e03-9795-469a-b827-b72b47678c50','b12','[{\"model\": \"Users.brand\", \"pk\": \"032d4e03-9795-469a-b827-b72b47678c50\", \"fields\": {\"user\": \"cf088972-9f17-4a82-a27f-b50a426a62b7\", \"brand_name\": \"b12\", \"phone_number\": \"0540465146\", \"about_me\": \"\", \"facebook_followers\": 0, \"instagram_followers\": 0, \"youtube_followers\": 0, \"tiktok_followers\": 0, \"snapchat_followers\": 0, \"order_number\": 0, \"avg_order_time\": 0, \"avg_response_speed\": \"\", \"last_seen\": \"2025-03-26T20:00:49.149Z\", \"register_date\": \"2024-12-27T00:00:00Z\", \"created_at\": \"2025-03-22T22:04:09.883Z\", \"updated_at\": \"2025-03-26T20:00:49.149Z\"}}]','2025-03-26 20:53:12.174286',11,'59b890b5c60f44589ed18c5ecbb73082','59b890b5-c60f-4458-9ed1-8c5ecbb73082','null'),(143,3,'86bd1af8-8bc5-4d48-8620-61291d7ad8d6','Order #86bd1af8-8bc5-4d48-8620-61291d7ad8d6 - b12','[{\"model\": \"Orders.order\", \"pk\": \"86bd1af8-8bc5-4d48-8620-61291d7ad8d6\", \"fields\": {\"brand\": \"032d4e03-9795-469a-b827-b72b47678c50\", \"creator\": null, \"status\": \"in_progress\", \"created_at\": \"2025-03-26T20:30:36.630Z\", \"promo_code\": null, \"fee\": null}}]','2025-03-26 22:22:55.607987',20,'59b890b5c60f44589ed18c5ecbb73082','59b890b5-c60f-4458-9ed1-8c5ecbb73082',''),(144,1,'cdd61b1d-fe10-462c-87a1-3177ed7229e6','Cart of brand12','[{\"model\": \"Orders.cart\", \"pk\": \"cdd61b1d-fe10-462c-87a1-3177ed7229e6\", \"fields\": {\"brand\": \"032d4e03-9795-469a-b827-b72b47678c50\", \"created_at\": \"2025-03-26T22:23:47.623Z\", \"updated_at\": \"2025-03-26T22:23:47.623Z\", \"promo_code\": \"379dd3fc-b4d4-454e-9ebd-9cf995eec5cb\", \"fee\": \"06608f67-2ee5-421a-b0a5-9c5662a2cce7\"}}]','2025-03-26 22:23:47.674940',26,'59b890b5c60f44589ed18c5ecbb73082','59b890b5-c60f-4458-9ed1-8c5ecbb73082',''),(145,1,'7a64c187-24a1-44c5-a5f4-474de1dfa469','5 x INSTA VIDEOS22','[{\"model\": \"Orders.cartitem\", \"pk\": \"7a64c187-24a1-44c5-a5f4-474de1dfa469\", \"fields\": {\"cart\": \"cdd61b1d-fe10-462c-87a1-3177ed7229e6\", \"service\": \"20810014-12a9-409a-964c-f3e083af22bd\", \"quantity\": 5, \"price\": \"150.0\"}}]','2025-03-26 22:24:06.186737',27,'59b890b5c60f44589ed18c5ecbb73082','59b890b5-c60f-4458-9ed1-8c5ecbb73082',''),(146,1,'e623cafd-1245-4e91-a3f8-28278f043d38','5 x YOUTUBE','[{\"model\": \"Orders.cartitem\", \"pk\": \"e623cafd-1245-4e91-a3f8-28278f043d38\", \"fields\": {\"cart\": \"cdd61b1d-fe10-462c-87a1-3177ed7229e6\", \"service\": \"3a8cb2e3-8659-473d-97a8-8d6be017d66d\", \"quantity\": 5, \"price\": \"100.0\"}}]','2025-03-26 22:24:21.934401',27,'59b890b5c60f44589ed18c5ecbb73082','59b890b5-c60f-4458-9ed1-8c5ecbb73082',''),(147,2,'cf088972-9f17-4a82-a27f-b50a426a62b7','brand12 (brand12@domain.com)','[{\"model\": \"Users.user\", \"pk\": \"cf088972-9f17-4a82-a27f-b50a426a62b7\", \"fields\": {\"password\": \"pbkdf2_sha256$870000$ZjwexIXcKjWsNKAebFJkUT$VOSkFLXHHctnndp+qy7BrnmnlCNSZMOorl23AASnk64=\", \"last_login\": null, \"is_superuser\": false, \"username\": \"brand12\", \"is_staff\": false, \"is_active\": true, \"date_joined\": \"2025-03-22T22:04:08Z\", \"first_name\": \"Brand\", \"last_name\": \"12\", \"birth_date\": \"2002-03-26\", \"gender\": \"F\", \"country\": \"AU\", \"email\": \"brand12@domain.com\", \"user_type\": \"brand\", \"phone_number\": null, \"groups\": [], \"user_permissions\": []}}]','2025-03-26 22:26:05.349305',9,'59b890b5c60f44589ed18c5ecbb73082','59b890b5-c60f-4458-9ed1-8c5ecbb73082','{\"is_staff\": [\"True\", \"False\"]}'),(148,2,'032d4e03-9795-469a-b827-b72b47678c50','b12','[{\"model\": \"Users.brand\", \"pk\": \"032d4e03-9795-469a-b827-b72b47678c50\", \"fields\": {\"user\": \"cf088972-9f17-4a82-a27f-b50a426a62b7\", \"brand_name\": \"b12\", \"phone_number\": \"0540465146\", \"about_me\": \"\", \"facebook_followers\": 0, \"instagram_followers\": 0, \"youtube_followers\": 0, \"tiktok_followers\": 0, \"snapchat_followers\": 0, \"order_number\": 0, \"avg_order_time\": 0, \"avg_response_speed\": \"\", \"last_seen\": \"2025-03-26T20:53:12.058Z\", \"register_date\": \"2024-12-27T00:00:00Z\", \"created_at\": \"2025-03-22T22:04:09.883Z\", \"updated_at\": \"2025-03-26T20:53:12.058Z\"}}]','2025-03-26 22:26:05.385307',11,'59b890b5c60f44589ed18c5ecbb73082','59b890b5-c60f-4458-9ed1-8c5ecbb73082','null'),(149,1,'65f27e71-7e28-4e78-b9a4-dcd6192b87a3','Order #65f27e71-7e28-4e78-b9a4-dcd6192b87a3 - b12','[{\"model\": \"Orders.order\", \"pk\": \"65f27e71-7e28-4e78-b9a4-dcd6192b87a3\", \"fields\": {\"brand\": \"032d4e03-9795-469a-b827-b72b47678c50\", \"creator\": null, \"status\": \"in_progress\", \"created_at\": \"2025-03-26T22:35:10.953Z\", \"promo_code\": \"379dd3fc-b4d4-454e-9ebd-9cf995eec5cb\", \"fee\": \"06608f67-2ee5-421a-b0a5-9c5662a2cce7\"}}]','2025-03-26 22:35:11.117711',20,'cf0889729f174a82a27fb50a426a62b7','cf088972-9f17-4a82-a27f-b50a426a62b7',''),(150,3,'e623cafd-1245-4e91-a3f8-28278f043d38','5 x YOUTUBE','[{\"model\": \"Orders.cartitem\", \"pk\": \"e623cafd-1245-4e91-a3f8-28278f043d38\", \"fields\": {\"cart\": \"cdd61b1d-fe10-462c-87a1-3177ed7229e6\", \"service\": \"3a8cb2e3-8659-473d-97a8-8d6be017d66d\", \"quantity\": 5, \"price\": \"100.00\"}}]','2025-03-26 22:35:11.152711',27,'cf0889729f174a82a27fb50a426a62b7','cf088972-9f17-4a82-a27f-b50a426a62b7',''),(151,3,'7a64c187-24a1-44c5-a5f4-474de1dfa469','5 x INSTA VIDEOS22','[{\"model\": \"Orders.cartitem\", \"pk\": \"7a64c187-24a1-44c5-a5f4-474de1dfa469\", \"fields\": {\"cart\": \"cdd61b1d-fe10-462c-87a1-3177ed7229e6\", \"service\": \"20810014-12a9-409a-964c-f3e083af22bd\", \"quantity\": 5, \"price\": \"150.00\"}}]','2025-03-26 22:35:11.193709',27,'cf0889729f174a82a27fb50a426a62b7','cf088972-9f17-4a82-a27f-b50a426a62b7',''),(152,2,'cdd61b1d-fe10-462c-87a1-3177ed7229e6','Cart of brand12','[{\"model\": \"Orders.cart\", \"pk\": \"cdd61b1d-fe10-462c-87a1-3177ed7229e6\", \"fields\": {\"brand\": \"032d4e03-9795-469a-b827-b72b47678c50\", \"created_at\": \"2025-03-26T22:23:47.623Z\", \"updated_at\": \"2025-03-26T22:23:47.623Z\", \"promo_code\": null, \"fee\": null}}]','2025-03-26 22:35:11.239720',26,'cf0889729f174a82a27fb50a426a62b7','cf088972-9f17-4a82-a27f-b50a426a62b7','{\"promo_code\": [\" #SH@ - 10.00\", \"None\"], \"fee\": [\"100.00\", \"None\"]}'),(153,2,'cf088972-9f17-4a82-a27f-b50a426a62b7','brand12 (brand12@domain.com)','[{\"model\": \"Users.user\", \"pk\": \"cf088972-9f17-4a82-a27f-b50a426a62b7\", \"fields\": {\"password\": \"pbkdf2_sha256$870000$ZjwexIXcKjWsNKAebFJkUT$VOSkFLXHHctnndp+qy7BrnmnlCNSZMOorl23AASnk64=\", \"last_login\": null, \"is_superuser\": false, \"username\": \"brand12\", \"is_staff\": true, \"is_active\": true, \"date_joined\": \"2025-03-22T22:04:08Z\", \"first_name\": \"Brand\", \"last_name\": \"12\", \"birth_date\": \"2002-03-26\", \"gender\": \"F\", \"country\": \"AU\", \"email\": \"brand12@domain.com\", \"user_type\": \"brand\", \"phone_number\": null, \"groups\": [], \"user_permissions\": []}}]','2025-03-26 22:48:04.178358',9,'59b890b5c60f44589ed18c5ecbb73082','59b890b5-c60f-4458-9ed1-8c5ecbb73082','{\"is_staff\": [\"False\", \"True\"]}'),(154,2,'032d4e03-9795-469a-b827-b72b47678c50','b12','[{\"model\": \"Users.brand\", \"pk\": \"032d4e03-9795-469a-b827-b72b47678c50\", \"fields\": {\"user\": \"cf088972-9f17-4a82-a27f-b50a426a62b7\", \"brand_name\": \"b12\", \"phone_number\": \"0540465146\", \"about_me\": \"\", \"facebook_followers\": 0, \"instagram_followers\": 0, \"youtube_followers\": 0, \"tiktok_followers\": 0, \"snapchat_followers\": 0, \"order_number\": 0, \"avg_order_time\": 0, \"avg_response_speed\": \"\", \"last_seen\": \"2025-03-26T22:26:05.257Z\", \"register_date\": \"2024-12-27T00:00:00Z\", \"created_at\": \"2025-03-22T22:04:09.883Z\", \"updated_at\": \"2025-03-26T22:26:05.257Z\"}}]','2025-03-26 22:48:04.209982',11,'59b890b5c60f44589ed18c5ecbb73082','59b890b5-c60f-4458-9ed1-8c5ecbb73082','null'),(155,2,'04a700d3-1e41-418d-a2c0-4ddba8130870','Item in Order #65f27e71-7e28-4e78-b9a4-dcd6192b87a3 - b12','[{\"model\": \"Orders.orderitem\", \"pk\": \"04a700d3-1e41-418d-a2c0-4ddba8130870\", \"fields\": {\"order\": \"65f27e71-7e28-4e78-b9a4-dcd6192b87a3\", \"service\": \"3a8cb2e3-8659-473d-97a8-8d6be017d66d\", \"quantity\": 6, \"price\": \"100.00\", \"profit\": \"400.00\"}}]','2025-03-26 23:04:22.780486',37,'cf0889729f174a82a27fb50a426a62b7','cf088972-9f17-4a82-a27f-b50a426a62b7','{\"quantity\": [\"5\", \"6\"]}');
/*!40000 ALTER TABLE `easyaudit_crudevent` ENABLE KEYS */;
UNLOCK TABLES;

--
-- Table structure for table `easyaudit_loginevent`
--

DROP TABLE IF EXISTS `easyaudit_loginevent`;
/*!40101 SET @saved_cs_client     = @@character_set_client */;
/*!50503 SET character_set_client = utf8mb4 */;
CREATE TABLE `easyaudit_loginevent` (
  `id` int NOT NULL AUTO_INCREMENT,
  `login_type` smallint NOT NULL,
  `username` varchar(255) NOT NULL,
  `datetime` datetime(6) NOT NULL,
  `user_id` char(32) DEFAULT NULL,
  `remote_ip` varchar(50) NOT NULL,
  PRIMARY KEY (`id`),
  KEY `easyaudit_loginevent_user_id_f47fcbfb_fk_Users_user_id` (`user_id`),
  KEY `easyaudit_loginevent_remote_ip_52fb5c3c` (`remote_ip`)
) ENGINE=InnoDB AUTO_INCREMENT=10 DEFAULT CHARSET=utf8mb4 COLLATE=utf8mb4_0900_ai_ci;
/*!40101 SET character_set_client = @saved_cs_client */;

--
-- Dumping data for table `easyaudit_loginevent`
--

LOCK TABLES `easyaudit_loginevent` WRITE;
/*!40000 ALTER TABLE `easyaudit_loginevent` DISABLE KEYS */;
INSERT INTO `easyaudit_loginevent` VALUES (1,0,'ss','2024-12-14 20:39:51.889201','59b890b5c60f44589ed18c5ecbb73082','127.0.0.1'),(2,0,'ss','2024-12-30 21:17:57.523632','59b890b5c60f44589ed18c5ecbb73082','127.0.0.1'),(3,0,'ss','2025-01-20 20:50:27.479737','59b890b5c60f44589ed18c5ecbb73082','127.0.0.1'),(4,0,'ss','2025-02-04 16:54:10.023426','59b890b5c60f44589ed18c5ecbb73082','127.0.0.1'),(5,2,'brand11','2025-02-05 09:21:04.936772',NULL,'127.0.0.1'),(6,0,'ss','2025-03-09 21:59:48.756659','59b890b5c60f44589ed18c5ecbb73082','127.0.0.1'),(7,0,'ss','2025-03-24 13:36:09.102883','59b890b5c60f44589ed18c5ecbb73082','127.0.0.1'),(8,1,'ss','2025-03-24 13:38:39.893028','59b890b5c60f44589ed18c5ecbb73082','127.0.0.1'),(9,0,'ss','2025-03-24 13:45:54.813423','59b890b5c60f44589ed18c5ecbb73082','127.0.0.1');
/*!40000 ALTER TABLE `easyaudit_loginevent` ENABLE KEYS */;
UNLOCK TABLES;

--
-- Table structure for table `easyaudit_requestevent`
--

DROP TABLE IF EXISTS `easyaudit_requestevent`;
/*!40101 SET @saved_cs_client     = @@character_set_client */;
/*!50503 SET character_set_client = utf8mb4 */;
CREATE TABLE `easyaudit_requestevent` (
  `id` int NOT NULL AUTO_INCREMENT,
  `url` varchar(254) NOT NULL,
  `method` varchar(20) NOT NULL,
  `query_string` longtext NOT NULL,
  `remote_ip` varchar(50) NOT NULL,
  `datetime` datetime(6) NOT NULL,
  `user_id` char(32) DEFAULT NULL,
  PRIMARY KEY (`id`),
  KEY `easyaudit_requestevent_user_id_da412f45_fk_Users_user_id` (`user_id`),
  KEY `easyaudit_requestevent_method_83a0c884` (`method`),
  KEY `easyaudit_requestevent_remote_ip_d43af9b2` (`remote_ip`),
  KEY `easyaudit_requestevent_url_37d1b8c4` (`url`),
  KEY `easyaudit_requestevent_datetime_8ce2b5a3` (`datetime`)
) ENGINE=InnoDB AUTO_INCREMENT=1201 DEFAULT CHARSET=utf8mb4 COLLATE=utf8mb4_0900_ai_ci;
/*!40101 SET character_set_client = @saved_cs_client */;

--
-- Dumping data for table `easyaudit_requestevent`
--

LOCK TABLES `easyaudit_requestevent` WRITE;
/*!40000 ALTER TABLE `easyaudit_requestevent` DISABLE KEYS */;
INSERT INTO `easyaudit_requestevent` VALUES (1,'/','GET','','127.0.0.1','2024-12-14 20:39:32.565594',NULL),(2,'/admin','GET','','127.0.0.1','2024-12-14 20:39:43.164621',NULL),(3,'/Content_Videos/lv_0_.mp4','GET','','127.0.0.1','2024-12-14 20:49:42.487980','59b890b5c60f44589ed18c5ecbb73082'),(4,'/','GET','','127.0.0.1','2024-12-14 20:51:19.459657','59b890b5c60f44589ed18c5ecbb73082'),(5,'/chat/chats','GET','','127.0.0.1','2024-12-14 20:52:34.312977','59b890b5c60f44589ed18c5ecbb73082'),(6,'/chat/chats/','GET','','127.0.0.1','2024-12-14 20:52:35.127277','59b890b5c60f44589ed18c5ecbb73082'),(7,'/chat/messages/','GET','','127.0.0.1','2024-12-14 20:52:47.294063','59b890b5c60f44589ed18c5ecbb73082'),(8,'/content/content/','GET','','127.0.0.1','2024-12-14 20:53:13.976965','59b890b5c60f44589ed18c5ecbb73082'),(9,'/content/categories/','GET','','127.0.0.1','2024-12-14 20:53:20.643339','59b890b5c60f44589ed18c5ecbb73082'),(10,'/order/orders/','GET','','127.0.0.1','2024-12-14 20:53:41.524211','59b890b5c60f44589ed18c5ecbb73082'),(11,'/order/payments/','GET','','127.0.0.1','2024-12-14 20:53:53.209303','59b890b5c60f44589ed18c5ecbb73082'),(12,'/','GET','','127.0.0.1','2024-12-15 10:17:45.135656','59b890b5c60f44589ed18c5ecbb73082'),(13,'/admin','GET','','127.0.0.1','2024-12-15 10:17:50.169299','59b890b5c60f44589ed18c5ecbb73082'),(14,'/','GET','','127.0.0.1','2024-12-15 10:22:25.148499','59b890b5c60f44589ed18c5ecbb73082'),(15,'/chat/messages/','GET','','127.0.0.1','2024-12-15 10:22:50.232437','59b890b5c60f44589ed18c5ecbb73082'),(16,'/chat/chats/','GET','','127.0.0.1','2024-12-15 10:23:04.383385','59b890b5c60f44589ed18c5ecbb73082'),(17,'/','GET','','127.0.0.1','2024-12-15 10:23:14.797992','59b890b5c60f44589ed18c5ecbb73082'),(18,'/content/categories/','GET','','127.0.0.1','2024-12-15 10:23:34.042138','59b890b5c60f44589ed18c5ecbb73082'),(19,'/content/content/','GET','','127.0.0.1','2024-12-15 10:23:41.450312','59b890b5c60f44589ed18c5ecbb73082'),(20,'/Content_Videos/lv_0_.mp4','GET','','127.0.0.1','2024-12-15 10:23:45.323883','59b890b5c60f44589ed18c5ecbb73082'),(21,'/Content_Videos/lv_0_.mp4','GET','','127.0.0.1','2024-12-15 10:23:45.442156','59b890b5c60f44589ed18c5ecbb73082'),(22,'/content/views/','GET','','127.0.0.1','2024-12-15 10:24:01.649724','59b890b5c60f44589ed18c5ecbb73082'),(23,'/content/views/58e661b5-55e7-48a1-909f-83f3ff9540bb/','GET','','127.0.0.1','2024-12-15 10:24:30.314263','59b890b5c60f44589ed18c5ecbb73082'),(24,'/content/ratings/','GET','','127.0.0.1','2024-12-15 10:24:52.246833','59b890b5c60f44589ed18c5ecbb73082'),(25,'/content/comments/','GET','','127.0.0.1','2024-12-15 10:24:59.196801','59b890b5c60f44589ed18c5ecbb73082'),(26,'/content/','GET','','127.0.0.1','2024-12-15 10:25:04.689308','59b890b5c60f44589ed18c5ecbb73082'),(27,'/content/views//','GET','','127.0.0.1','2024-12-15 10:25:08.808745','59b890b5c60f44589ed18c5ecbb73082'),(28,'/content/ratings//','GET','','127.0.0.1','2024-12-15 10:25:16.232713','59b890b5c60f44589ed18c5ecbb73082'),(29,'/content/views//','GET','','127.0.0.1','2024-12-15 10:25:21.232646','59b890b5c60f44589ed18c5ecbb73082'),(30,'/content/views//','GET','','127.0.0.1','2024-12-15 10:25:25.654503','59b890b5c60f44589ed18c5ecbb73082'),(31,'/content/comments//','GET','','127.0.0.1','2024-12-15 10:25:31.318721','59b890b5c60f44589ed18c5ecbb73082'),(32,'/content/comments/853d8f54-1ee0-485e-a8e8-a7291d6964ad/','GET','','127.0.0.1','2024-12-15 10:25:41.794902','59b890b5c60f44589ed18c5ecbb73082'),(33,'/content/comments/853d8f54-1ee0-485e-a8e8-a7291d6964ad//','GET','','127.0.0.1','2024-12-15 10:25:47.425458','59b890b5c60f44589ed18c5ecbb73082'),(34,'/content/','GET','','127.0.0.1','2024-12-15 10:26:25.439385','59b890b5c60f44589ed18c5ecbb73082'),(35,'/content/views/','GET','','127.0.0.1','2024-12-15 10:26:30.105285','59b890b5c60f44589ed18c5ecbb73082'),(36,'/content/views/58e661b5-55e7-48a1-909f-83f3ff9540bb','GET','','127.0.0.1','2024-12-15 10:26:41.874356','59b890b5c60f44589ed18c5ecbb73082'),(37,'/content/views/58e661b5-55e7-48a1-909f-83f3ff9540bb/','GET','','127.0.0.1','2024-12-15 10:26:58.484024','59b890b5c60f44589ed18c5ecbb73082'),(38,'/','GET','','127.0.0.1','2024-12-17 15:28:04.673895','59b890b5c60f44589ed18c5ecbb73082'),(39,'/','GET','','127.0.0.1','2024-12-17 15:28:06.095823','59b890b5c60f44589ed18c5ecbb73082'),(40,'/admin','GET','','127.0.0.1','2024-12-17 15:28:13.606335','59b890b5c60f44589ed18c5ecbb73082'),(41,'/','GET','','127.0.0.1','2024-12-17 22:48:09.286697','59b890b5c60f44589ed18c5ecbb73082'),(42,'/content/content/','GET','','127.0.0.1','2024-12-17 22:48:20.017892','59b890b5c60f44589ed18c5ecbb73082'),(43,'/content/co','GET','','127.0.0.1','2024-12-17 22:48:26.130312','59b890b5c60f44589ed18c5ecbb73082'),(44,'/','GET','','127.0.0.1','2024-12-18 23:25:26.402820','59b890b5c60f44589ed18c5ecbb73082'),(45,'/content/content/','GET','','127.0.0.1','2024-12-18 23:25:42.641496','59b890b5c60f44589ed18c5ecbb73082'),(46,'/content/content/','GET','','127.0.0.1','2024-12-18 23:26:45.261851','59b890b5c60f44589ed18c5ecbb73082'),(47,'/content/content/','GET','','127.0.0.1','2024-12-18 23:27:10.145229','59b890b5c60f44589ed18c5ecbb73082'),(48,'/content/categories/','GET','','127.0.0.1','2024-12-18 23:27:26.245895','59b890b5c60f44589ed18c5ecbb73082'),(49,'/content/views/','GET','','127.0.0.1','2024-12-18 23:27:42.252651','59b890b5c60f44589ed18c5ecbb73082'),(50,'/content/views/0d1c3350-79e0-40fb-a66e-c3bf4142397d/','GET','','127.0.0.1','2024-12-18 23:28:05.481833','59b890b5c60f44589ed18c5ecbb73082'),(51,'/content/views/0d1c3350-79e0-40fb-a66e-c3bf4142397d','GET','','127.0.0.1','2024-12-18 23:34:22.121492','59b890b5c60f44589ed18c5ecbb73082'),(52,'/content/views/0d1c3350-79e0-40fb-a66e-c3bf4142397d/','GET','','127.0.0.1','2024-12-18 23:34:22.303506','59b890b5c60f44589ed18c5ecbb73082'),(53,'/content/ratings','GET','','127.0.0.1','2024-12-18 23:37:11.605373','59b890b5c60f44589ed18c5ecbb73082'),(54,'/content/ratings/','GET','','127.0.0.1','2024-12-18 23:37:11.849382','59b890b5c60f44589ed18c5ecbb73082'),(55,'/content/ratings/dda28ff8-df65-4886-a36f-3e226f0bfe68/','GET','','127.0.0.1','2024-12-18 23:37:21.820036','59b890b5c60f44589ed18c5ecbb73082'),(56,'/content/comments','GET','','127.0.0.1','2024-12-18 23:37:32.686990','59b890b5c60f44589ed18c5ecbb73082'),(57,'/content/comments/','GET','','127.0.0.1','2024-12-18 23:37:32.812987','59b890b5c60f44589ed18c5ecbb73082'),(58,'/content/comments/853d8f54-1ee0-485e-a8e8-a7291d6964ad/','GET','','127.0.0.1','2024-12-18 23:37:44.365002','59b890b5c60f44589ed18c5ecbb73082'),(59,'/content/comments/853d8f54-1ee0-485e-a8e8-a7291d6964ad/','GET','','127.0.0.1','2024-12-18 23:54:27.902921','59b890b5c60f44589ed18c5ecbb73082'),(60,'/content/views/0d1c3350-79e0-40fb-a66e-c3bf4142397d/','GET','','127.0.0.1','2024-12-18 23:54:46.222805','59b890b5c60f44589ed18c5ecbb73082'),(61,'/auth/JWT','GET','','127.0.0.1','2024-12-18 23:55:05.916237','59b890b5c60f44589ed18c5ecbb73082'),(62,'/auth/JWT/create','GET','','127.0.0.1','2024-12-18 23:55:13.945399','59b890b5c60f44589ed18c5ecbb73082'),(63,'/','GET','','127.0.0.1','2024-12-19 15:08:56.673739','59b890b5c60f44589ed18c5ecbb73082'),(64,'/','GET','','127.0.0.1','2024-12-19 15:59:31.391966','59b890b5c60f44589ed18c5ecbb73082'),(65,'/','GET','','127.0.0.1','2024-12-19 20:48:13.082311','59b890b5c60f44589ed18c5ecbb73082'),(66,'/','GET','','127.0.0.1','2024-12-19 22:50:48.722139','59b890b5c60f44589ed18c5ecbb73082'),(67,'/','GET','','127.0.0.1','2024-12-20 10:16:58.120883','59b890b5c60f44589ed18c5ecbb73082'),(68,'/','GET','','127.0.0.1','2024-12-20 22:42:19.020260','59b890b5c60f44589ed18c5ecbb73082'),(69,'/','GET','','127.0.0.1','2024-12-21 20:13:50.710011','59b890b5c60f44589ed18c5ecbb73082'),(70,'/','GET','','127.0.0.1','2024-12-21 20:13:51.930549','59b890b5c60f44589ed18c5ecbb73082'),(71,'/Content/','GET','','127.0.0.1','2024-12-21 20:15:41.214852','59b890b5c60f44589ed18c5ecbb73082'),(72,'/content/','GET','','127.0.0.1','2024-12-21 20:15:57.481962','59b890b5c60f44589ed18c5ecbb73082'),(73,'/content/categories/','GET','','127.0.0.1','2024-12-21 20:16:03.752440','59b890b5c60f44589ed18c5ecbb73082'),(74,'/content/content/','GET','','127.0.0.1','2024-12-21 20:16:09.396053','59b890b5c60f44589ed18c5ecbb73082'),(75,'/content/content/','GET','','127.0.0.1','2024-12-21 20:22:11.092403','59b890b5c60f44589ed18c5ecbb73082'),(76,'/content/views/','GET','','127.0.0.1','2024-12-21 20:22:27.871908','59b890b5c60f44589ed18c5ecbb73082'),(77,'/content/ratings/','GET','','127.0.0.1','2024-12-21 20:22:30.355165','59b890b5c60f44589ed18c5ecbb73082'),(78,'/content/comments/','GET','','127.0.0.1','2024-12-21 20:22:33.172078','59b890b5c60f44589ed18c5ecbb73082'),(79,'/chat','GET','','127.0.0.1','2024-12-21 20:22:59.805531','59b890b5c60f44589ed18c5ecbb73082'),(80,'/chat/','GET','','127.0.0.1','2024-12-21 20:22:59.940212','59b890b5c60f44589ed18c5ecbb73082'),(81,'/chat/chats/','GET','','127.0.0.1','2024-12-21 20:23:01.871901','59b890b5c60f44589ed18c5ecbb73082'),(82,'/chat/messages/','GET','','127.0.0.1','2024-12-21 20:23:04.103991','59b890b5c60f44589ed18c5ecbb73082'),(83,'/order/','GET','','127.0.0.1','2024-12-21 20:23:11.454822','59b890b5c60f44589ed18c5ecbb73082'),(84,'/order/orders/','GET','','127.0.0.1','2024-12-21 20:23:13.802692','59b890b5c60f44589ed18c5ecbb73082'),(85,'/order/payments/','GET','','127.0.0.1','2024-12-21 20:23:16.437509','59b890b5c60f44589ed18c5ecbb73082'),(86,'/auth/create','GET','','127.0.0.1','2024-12-21 20:27:45.670949','59b890b5c60f44589ed18c5ecbb73082'),(87,'/auth/jwt/create/','GET','','127.0.0.1','2024-12-21 20:28:04.553846','59b890b5c60f44589ed18c5ecbb73082'),(88,'/auth/jwt/create/','POST','','127.0.0.1','2024-12-21 20:28:43.391037','59b890b5c60f44589ed18c5ecbb73082'),(89,'/order','GET','','127.0.0.1','2024-12-21 20:29:38.429380','59b890b5c60f44589ed18c5ecbb73082'),(90,'/order/','GET','','127.0.0.1','2024-12-21 20:29:38.569574','59b890b5c60f44589ed18c5ecbb73082'),(91,'/order/orders/','GET','','127.0.0.1','2024-12-21 20:29:40.694727','59b890b5c60f44589ed18c5ecbb73082'),(92,'/order/payments/','GET','','127.0.0.1','2024-12-21 20:29:50.127532','59b890b5c60f44589ed18c5ecbb73082'),(93,'/order/','GET','','127.0.0.1','2024-12-21 20:31:24.624220','59b890b5c60f44589ed18c5ecbb73082'),(94,'/order/orders/','GET','','127.0.0.1','2024-12-21 20:31:27.121440','59b890b5c60f44589ed18c5ecbb73082'),(95,'/order/payments/','GET','','127.0.0.1','2024-12-21 20:31:36.988715','59b890b5c60f44589ed18c5ecbb73082'),(96,'/order/payments/','GET','format=json','127.0.0.1','2024-12-21 20:31:50.028696','59b890b5c60f44589ed18c5ecbb73082'),(97,'/order/orders/','GET','','127.0.0.1','2024-12-21 20:36:13.571955','59b890b5c60f44589ed18c5ecbb73082'),(98,'/order/payments/','GET','','127.0.0.1','2024-12-21 20:37:00.064855','59b890b5c60f44589ed18c5ecbb73082'),(99,'/order/','GET','','127.0.0.1','2024-12-21 20:37:56.698484','59b890b5c60f44589ed18c5ecbb73082'),(100,'/order/briefs/','GET','','127.0.0.1','2024-12-21 20:38:10.031242','59b890b5c60f44589ed18c5ecbb73082'),(101,'/content/','GET','','127.0.0.1','2024-12-21 22:07:26.964077','59b890b5c60f44589ed18c5ecbb73082'),(102,'/content/content/','GET','','127.0.0.1','2024-12-21 22:07:31.894796','59b890b5c60f44589ed18c5ecbb73082'),(103,'/content/content/','GET','','127.0.0.1','2024-12-21 22:08:40.665328','59b890b5c60f44589ed18c5ecbb73082'),(104,'/','GET','','127.0.0.1','2024-12-21 22:16:36.700355','59b890b5c60f44589ed18c5ecbb73082'),(105,'/content/content/','GET','','127.0.0.1','2024-12-21 22:16:42.753416','59b890b5c60f44589ed18c5ecbb73082'),(106,'/content/content/','GET','','127.0.0.1','2024-12-21 22:20:26.873072','59b890b5c60f44589ed18c5ecbb73082'),(107,'/content/content/','GET','','127.0.0.1','2024-12-21 22:20:55.720685','59b890b5c60f44589ed18c5ecbb73082'),(108,'/content/content/a4cf29ea-93d8-47f4-b72a-2ee9b3a4a677/','GET','','127.0.0.1','2024-12-21 22:21:11.455776','59b890b5c60f44589ed18c5ecbb73082'),(109,'/content/content/','GET','category=a4cf29ea-93d8-47f4-b72a-2ee9b3a4a677/','127.0.0.1','2024-12-21 22:21:56.310911','59b890b5c60f44589ed18c5ecbb73082'),(110,'/content/content/','GET','category=a4cf29ea-93d8-47f4-b72a-2ee9b3a4a677','127.0.0.1','2024-12-21 22:22:09.095219','59b890b5c60f44589ed18c5ecbb73082'),(111,'/content/content/','GET','category=a4cf29ea-93d8-47f4-b72a-2ee9b3a4a677','127.0.0.1','2024-12-21 22:24:05.828275','59b890b5c60f44589ed18c5ecbb73082'),(112,'/content/content/','GET','category__name=Digital%20Marketing','127.0.0.1','2024-12-21 22:24:54.801590','59b890b5c60f44589ed18c5ecbb73082'),(113,'/','GET','','127.0.0.1','2024-12-26 20:43:27.741731','59b890b5c60f44589ed18c5ecbb73082'),(114,'/content/','GET','','127.0.0.1','2024-12-26 20:45:56.201321','59b890b5c60f44589ed18c5ecbb73082'),(115,'/content/categories/','GET','','127.0.0.1','2024-12-26 20:45:58.617693','59b890b5c60f44589ed18c5ecbb73082'),(116,'/content/content/','GET','','127.0.0.1','2024-12-26 20:46:07.062074','59b890b5c60f44589ed18c5ecbb73082'),(117,'/content/content/','GET','','127.0.0.1','2024-12-26 20:46:55.331319','59b890b5c60f44589ed18c5ecbb73082'),(118,'/content/content/','GET','','127.0.0.1','2024-12-26 20:47:23.680132','59b890b5c60f44589ed18c5ecbb73082'),(119,'/content/content/','GET','','127.0.0.1','2024-12-26 20:49:17.190101','59b890b5c60f44589ed18c5ecbb73082'),(120,'/','GET','','127.0.0.1','2024-12-26 22:28:43.176069','59b890b5c60f44589ed18c5ecbb73082'),(121,'/','GET','','127.0.0.1','2024-12-27 22:12:54.593122','59b890b5c60f44589ed18c5ecbb73082'),(122,'/','GET','','127.0.0.1','2024-12-27 22:46:58.316904','59b890b5c60f44589ed18c5ecbb73082'),(123,'/auth/users','GET','','127.0.0.1','2024-12-27 22:47:13.725921','59b890b5c60f44589ed18c5ecbb73082'),(124,'/auth/users/','GET','','127.0.0.1','2024-12-27 22:47:13.889923','59b890b5c60f44589ed18c5ecbb73082'),(125,'/auth/jwt/create/','GET','','127.0.0.1','2024-12-27 22:47:33.017918','59b890b5c60f44589ed18c5ecbb73082'),(126,'/auth/jwt/create/','POST','','127.0.0.1','2024-12-27 22:47:43.477090','59b890b5c60f44589ed18c5ecbb73082'),(127,'/auth/jwt/create/','GET','','127.0.0.1','2024-12-27 22:48:19.348752','59b890b5c60f44589ed18c5ecbb73082'),(128,'/auth/users/','GET','','127.0.0.1','2024-12-27 22:48:20.315189','59b890b5c60f44589ed18c5ecbb73082'),(129,'/auth/brands/','GET','','127.0.0.1','2024-12-27 22:48:34.792397','59b890b5c60f44589ed18c5ecbb73082'),(130,'/auth/users/','GET','','127.0.0.1','2024-12-27 22:48:53.404165','59b890b5c60f44589ed18c5ecbb73082'),(131,'/sers/','GET','','127.0.0.1','2024-12-27 22:48:56.819797','59b890b5c60f44589ed18c5ecbb73082'),(132,'/auth/d','GET','','127.0.0.1','2024-12-27 22:49:07.276953','59b890b5c60f44589ed18c5ecbb73082'),(133,'/users/','GET','','127.0.0.1','2024-12-27 22:49:25.288993','59b890b5c60f44589ed18c5ecbb73082'),(134,'/users/','GET','','127.0.0.1','2024-12-27 22:50:46.060692','59b890b5c60f44589ed18c5ecbb73082'),(135,'/auth/users/','GET','','127.0.0.1','2024-12-27 22:50:53.213543','59b890b5c60f44589ed18c5ecbb73082'),(136,'/auth/brands/','GET','','127.0.0.1','2024-12-27 22:51:07.292399','59b890b5c60f44589ed18c5ecbb73082'),(137,'/auth/brands/','GET','','127.0.0.1','2024-12-27 22:52:25.458367','59b890b5c60f44589ed18c5ecbb73082'),(138,'/users/brands/','GET','','127.0.0.1','2024-12-27 22:53:34.087989','59b890b5c60f44589ed18c5ecbb73082'),(139,'/users/services/','GET','','127.0.0.1','2024-12-27 22:54:43.332061','59b890b5c60f44589ed18c5ecbb73082'),(140,'/users/creators/','GET','','127.0.0.1','2024-12-27 22:54:54.778347','59b890b5c60f44589ed18c5ecbb73082'),(141,'/users/creators/','GET','','127.0.0.1','2024-12-27 22:55:20.199618','59b890b5c60f44589ed18c5ecbb73082'),(142,'/','GET','','127.0.0.1','2024-12-28 10:10:16.673100','59b890b5c60f44589ed18c5ecbb73082'),(143,'/auth','GET','','127.0.0.1','2024-12-28 10:10:31.921891','59b890b5c60f44589ed18c5ecbb73082'),(144,'/auth/','GET','','127.0.0.1','2024-12-28 10:10:32.034027','59b890b5c60f44589ed18c5ecbb73082'),(145,'/auth/users/','GET','','127.0.0.1','2024-12-28 10:10:35.455888','59b890b5c60f44589ed18c5ecbb73082'),(146,'/auth/user','GET','','127.0.0.1','2024-12-28 10:10:39.972614','59b890b5c60f44589ed18c5ecbb73082'),(147,'/','GET','','127.0.0.1','2024-12-28 22:17:05.582003',NULL),(148,'/content/content/','GET','','127.0.0.1','2024-12-28 22:17:23.412462',NULL),(149,'/','GET','','127.0.0.1','2024-12-30 21:14:24.907204',NULL),(150,'/admin','GET','','127.0.0.1','2024-12-30 21:15:42.814984',NULL),(151,'/','GET','','127.0.0.1','2025-01-02 20:37:52.084878','59b890b5c60f44589ed18c5ecbb73082'),(152,'/admin','GET','','127.0.0.1','2025-01-02 20:37:58.449361','59b890b5c60f44589ed18c5ecbb73082'),(153,'/content/content/','GET','','127.0.0.1','2025-01-02 20:39:39.198858','59b890b5c60f44589ed18c5ecbb73082'),(154,'/content/content/','GET','','127.0.0.1','2025-01-02 20:41:19.473047','59b890b5c60f44589ed18c5ecbb73082'),(155,'/content/views/','GET','','127.0.0.1','2025-01-02 20:42:57.552035','59b890b5c60f44589ed18c5ecbb73082'),(156,'/content/views/0d1c3350-79e0-40fb-a66e-c3bf4142397d','GET','','127.0.0.1','2025-01-02 20:43:08.205121','59b890b5c60f44589ed18c5ecbb73082'),(157,'/content/views/0d1c3350-79e0-40fb-a66e-c3bf4142397d/','GET','','127.0.0.1','2025-01-02 20:43:08.336298','59b890b5c60f44589ed18c5ecbb73082'),(158,'/content/views/','GET','','127.0.0.1','2025-01-02 20:45:32.001518','59b890b5c60f44589ed18c5ecbb73082'),(159,'/content/views/','GET','','127.0.0.1','2025-01-02 20:47:20.993628','59b890b5c60f44589ed18c5ecbb73082'),(160,'/content/ratings/','GET','','127.0.0.1','2025-01-02 20:50:40.209879','59b890b5c60f44589ed18c5ecbb73082'),(161,'/content/ratings/','GET','','127.0.0.1','2025-01-02 20:52:07.021382','59b890b5c60f44589ed18c5ecbb73082'),(162,'/content/ratings/','GET','','127.0.0.1','2025-01-02 20:52:27.054469','59b890b5c60f44589ed18c5ecbb73082'),(163,'/content/comments/','GET','','127.0.0.1','2025-01-02 20:53:53.814965','59b890b5c60f44589ed18c5ecbb73082'),(164,'/content/comments/','GET','','127.0.0.1','2025-01-02 21:34:40.804309','59b890b5c60f44589ed18c5ecbb73082'),(165,'/content/','GET','','127.0.0.1','2025-01-02 21:34:46.820716','59b890b5c60f44589ed18c5ecbb73082'),(166,'/content/content/','GET','','127.0.0.1','2025-01-02 21:34:49.645521','59b890b5c60f44589ed18c5ecbb73082'),(167,'/','GET','','127.0.0.1','2025-01-03 20:08:20.914813','59b890b5c60f44589ed18c5ecbb73082'),(168,'/users/services/','GET','','127.0.0.1','2025-01-03 20:08:32.363460','59b890b5c60f44589ed18c5ecbb73082'),(169,'/','GET','','127.0.0.1','2025-01-03 20:09:29.800512','59b890b5c60f44589ed18c5ecbb73082'),(170,'/users/services/','GET','','127.0.0.1','2025-01-03 20:09:36.600078','59b890b5c60f44589ed18c5ecbb73082'),(171,'/media/service_videos/Homepge_in_arabic.mp4','GET','','127.0.0.1','2025-01-03 20:09:39.976070','59b890b5c60f44589ed18c5ecbb73082'),(172,'/media/service_videos/Homepge_in_arabic.mp4','GET','','127.0.0.1','2025-01-03 20:09:40.241822','59b890b5c60f44589ed18c5ecbb73082'),(173,'/users/creators/','GET','','127.0.0.1','2025-01-03 20:10:20.041608','59b890b5c60f44589ed18c5ecbb73082'),(174,'/','GET','','127.0.0.1','2025-01-20 20:00:52.643937',NULL),(175,'/','GET','','127.0.0.1','2025-01-20 20:10:29.176130',NULL),(176,'/order','GET','','127.0.0.1','2025-01-20 20:10:54.187713',NULL),(177,'/order/','GET','','127.0.0.1','2025-01-20 20:10:54.328703',NULL),(178,'/order/orders/','GET','','127.0.0.1','2025-01-20 20:12:36.120477',NULL),(179,'/','GET','','127.0.0.1','2025-01-20 20:12:51.236162',NULL),(180,'/auth/jwt/create/','GET','','127.0.0.1','2025-01-20 20:13:03.509904',NULL),(181,'/auth/jwt/create/','POST','','127.0.0.1','2025-01-20 20:13:10.570046',NULL),(182,'/order/orders/','GET','','127.0.0.1','2025-01-20 20:13:40.783674',NULL),(183,'/order/orders/','GET','','127.0.0.1','2025-01-20 20:18:25.378727',NULL),(184,'/order/','GET','','127.0.0.1','2025-01-20 20:20:04.208253',NULL),(185,'/order/orders/','GET','','127.0.0.1','2025-01-20 20:20:07.384933',NULL),(186,'/order/orders/','GET','','127.0.0.1','2025-01-20 20:25:08.938957',NULL),(187,'/order/payments/','GET','','127.0.0.1','2025-01-20 20:25:43.997968',NULL),(188,'/order/withdrawals/','GET','','127.0.0.1','2025-01-20 20:25:47.298543',NULL),(189,'/order/carts/','GET','','127.0.0.1','2025-01-20 20:25:50.027199',NULL),(190,'/order/cart-items/','GET','','127.0.0.1','2025-01-20 20:25:52.702626',NULL),(191,'/order/purchases/','GET','','127.0.0.1','2025-01-20 20:25:55.349195',NULL),(192,'/order/orders/','GET','','127.0.0.1','2025-01-20 20:49:03.714733',NULL),(193,'/auth/jwt/create/','GET','','127.0.0.1','2025-01-20 20:49:17.729937',NULL),(194,'/auth/jwt/create/','POST','','127.0.0.1','2025-01-20 20:49:23.847714',NULL),(195,'/order/','GET','','127.0.0.1','2025-01-20 20:49:51.091662',NULL),(196,'/order/orders/','GET','','127.0.0.1','2025-01-20 20:49:52.916992',NULL),(197,'/admin','GET','','127.0.0.1','2025-01-20 20:50:18.656609',NULL),(198,'/order/','GET','','127.0.0.1','2025-01-20 20:55:49.866735','59b890b5c60f44589ed18c5ecbb73082'),(199,'/order/','GET','','127.0.0.1','2025-01-20 20:55:53.099455','59b890b5c60f44589ed18c5ecbb73082'),(200,'/order/orders/','GET','','127.0.0.1','2025-01-20 20:55:59.276118','59b890b5c60f44589ed18c5ecbb73082'),(201,'/order/','GET','','127.0.0.1','2025-01-20 20:56:01.296363','59b890b5c60f44589ed18c5ecbb73082'),(202,'/auth/jwt/create/','GET','','127.0.0.1','2025-01-20 20:56:16.189935','59b890b5c60f44589ed18c5ecbb73082'),(203,'/auth/jwt/create/','POST','','127.0.0.1','2025-01-20 20:56:23.051161','59b890b5c60f44589ed18c5ecbb73082'),(204,'/order','GET','','127.0.0.1','2025-01-20 20:56:53.453165','59b890b5c60f44589ed18c5ecbb73082'),(205,'/order/','GET','','127.0.0.1','2025-01-20 20:56:53.580170','59b890b5c60f44589ed18c5ecbb73082'),(206,'/order/orders/','GET','','127.0.0.1','2025-01-20 20:56:55.550735','59b890b5c60f44589ed18c5ecbb73082'),(207,'/','GET','','127.0.0.1','2025-01-22 09:28:36.280497','59b890b5c60f44589ed18c5ecbb73082'),(208,'/admin','GET','','127.0.0.1','2025-01-22 09:28:47.439736','59b890b5c60f44589ed18c5ecbb73082'),(209,'/','GET','','127.0.0.1','2025-01-22 09:28:51.777138','59b890b5c60f44589ed18c5ecbb73082'),(210,'/users/','GET','','127.0.0.1','2025-01-22 09:31:04.095620','59b890b5c60f44589ed18c5ecbb73082'),(211,'/auth/users/','GET','','127.0.0.1','2025-01-22 09:31:06.122209','59b890b5c60f44589ed18c5ecbb73082'),(212,'/users/creators/','GET','','127.0.0.1','2025-01-22 09:31:12.134303','59b890b5c60f44589ed18c5ecbb73082'),(213,'/users/videos/','GET','','127.0.0.1','2025-01-22 09:31:14.349181','59b890b5c60f44589ed18c5ecbb73082'),(214,'/users/ratings/','GET','','127.0.0.1','2025-01-22 09:31:21.073054','59b890b5c60f44589ed18c5ecbb73082'),(215,'/users/ratings/','GET','','127.0.0.1','2025-01-22 09:35:10.873689','59b890b5c60f44589ed18c5ecbb73082'),(216,'/users/videos/','GET','','127.0.0.1','2025-01-22 09:35:13.530878','59b890b5c60f44589ed18c5ecbb73082'),(217,'/users/','GET','','127.0.0.1','2025-01-22 09:42:03.065210','59b890b5c60f44589ed18c5ecbb73082'),(218,'/auth/jwt/create/','GET','','127.0.0.1','2025-01-22 09:54:25.026082','59b890b5c60f44589ed18c5ecbb73082'),(219,'/auth/jwt/create/','POST','','127.0.0.1','2025-01-22 09:54:37.366240','59b890b5c60f44589ed18c5ecbb73082'),(220,'/users/creators/','GET','','127.0.0.1','2025-01-22 09:55:05.238846','59b890b5c60f44589ed18c5ecbb73082'),(221,'/users/creators/','OPTIONS','','127.0.0.1','2025-01-22 09:55:35.911810','59b890b5c60f44589ed18c5ecbb73082'),(222,'/__debug__/history_sidebar/','GET','store_id=9b53a184032141a3bc7d15e9b5e7cd13','127.0.0.1','2025-01-22 09:55:36.207701','59b890b5c60f44589ed18c5ecbb73082'),(223,'/users/creators/','OPTIONS','','127.0.0.1','2025-01-22 09:55:39.093049','59b890b5c60f44589ed18c5ecbb73082'),(224,'/__debug__/history_sidebar/','GET','store_id=6e554faaf8a94be2912f8baab5be5840','127.0.0.1','2025-01-22 09:55:39.452023','59b890b5c60f44589ed18c5ecbb73082'),(225,'/__debug__/history_sidebar/','GET','store_id=6e554faaf8a94be2912f8baab5be5840','127.0.0.1','2025-01-22 09:55:39.483908','59b890b5c60f44589ed18c5ecbb73082'),(226,'/users/','GET','','127.0.0.1','2025-01-22 09:55:41.831475','59b890b5c60f44589ed18c5ecbb73082'),(227,'/auth/users/','GET','','127.0.0.1','2025-01-22 09:55:44.548821','59b890b5c60f44589ed18c5ecbb73082'),(228,'/auth/users/me/','GET','','127.0.0.1','2025-01-22 09:55:59.256229','59b890b5c60f44589ed18c5ecbb73082'),(229,'/users/videos/','GET','','127.0.0.1','2025-01-22 09:56:06.064381','59b890b5c60f44589ed18c5ecbb73082'),(230,'/users/ratings/','GET','','127.0.0.1','2025-01-22 09:56:15.439317','59b890b5c60f44589ed18c5ecbb73082'),(231,'/users/ratings/','POST','','127.0.0.1','2025-01-22 09:56:26.388205','59b890b5c60f44589ed18c5ecbb73082'),(232,'/','GET','','127.0.0.1','2025-01-22 09:59:13.180864','59b890b5c60f44589ed18c5ecbb73082'),(233,'/users/','GET','','127.0.0.1','2025-01-22 09:59:29.185724','59b890b5c60f44589ed18c5ecbb73082'),(234,'/users/services/','GET','','127.0.0.1','2025-01-22 09:59:59.490416','59b890b5c60f44589ed18c5ecbb73082'),(235,'/users/services/','GET','','127.0.0.1','2025-01-22 10:00:35.502107','59b890b5c60f44589ed18c5ecbb73082'),(236,'/users/services/','GET','','127.0.0.1','2025-01-22 10:01:02.208710','59b890b5c60f44589ed18c5ecbb73082'),(237,'/users/services/','GET','','127.0.0.1','2025-01-22 10:01:14.222127','59b890b5c60f44589ed18c5ecbb73082'),(238,'/users/services/','GET','','127.0.0.1','2025-01-22 15:53:58.518747','59b890b5c60f44589ed18c5ecbb73082'),(239,'/','GET','','127.0.0.1','2025-01-24 10:18:13.965296','59b890b5c60f44589ed18c5ecbb73082'),(240,'/','GET','','127.0.0.1','2025-01-24 10:53:59.364806','59b890b5c60f44589ed18c5ecbb73082'),(241,'/users/','GET','','127.0.0.1','2025-01-24 10:54:13.518762','59b890b5c60f44589ed18c5ecbb73082'),(242,'/auth/users/','GET','','127.0.0.1','2025-01-24 10:54:15.749344','59b890b5c60f44589ed18c5ecbb73082'),(243,'/users/','GET','','127.0.0.1','2025-01-24 10:54:44.059957','59b890b5c60f44589ed18c5ecbb73082'),(244,'/users/','GET','','127.0.0.1','2025-01-24 10:54:45.843517','59b890b5c60f44589ed18c5ecbb73082'),(245,'/users/brands','GET','','127.0.0.1','2025-01-24 10:54:48.740755','59b890b5c60f44589ed18c5ecbb73082'),(246,'/users/brands/me','GET','','127.0.0.1','2025-01-24 10:54:56.201422','59b890b5c60f44589ed18c5ecbb73082'),(247,'/users/brands/me/','GET','','127.0.0.1','2025-01-24 10:54:56.275091','59b890b5c60f44589ed18c5ecbb73082'),(248,'/users/creators/me/','GET','','127.0.0.1','2025-01-24 10:55:11.582689','59b890b5c60f44589ed18c5ecbb73082'),(249,'/','GET','','127.0.0.1','2025-01-24 10:55:18.340252','59b890b5c60f44589ed18c5ecbb73082'),(250,'/auth/users','GET','','127.0.0.1','2025-01-24 10:55:24.985726','59b890b5c60f44589ed18c5ecbb73082'),(251,'/auth/users/','GET','','127.0.0.1','2025-01-24 10:55:25.087409','59b890b5c60f44589ed18c5ecbb73082'),(252,'/auth/jwt/create/','GET','','127.0.0.1','2025-01-24 10:55:38.031766','59b890b5c60f44589ed18c5ecbb73082'),(253,'/auth/jwt/create/','POST','','127.0.0.1','2025-01-24 10:57:36.466882','59b890b5c60f44589ed18c5ecbb73082'),(254,'/users/creators/me/','GET','','127.0.0.1','2025-01-24 10:58:01.447594','59b890b5c60f44589ed18c5ecbb73082'),(255,'/users/creators/me/','GET','','127.0.0.1','2025-01-24 11:07:35.963456','59b890b5c60f44589ed18c5ecbb73082'),(256,'/users/creators/me/','GET','','127.0.0.1','2025-01-24 11:07:41.241442','59b890b5c60f44589ed18c5ecbb73082'),(257,'/users/creators/me/','GET','','127.0.0.1','2025-01-24 11:08:31.384546','59b890b5c60f44589ed18c5ecbb73082'),(258,'/users/','GET','','127.0.0.1','2025-01-24 11:08:33.674202','59b890b5c60f44589ed18c5ecbb73082'),(259,'/users/creators/me/','GET','','127.0.0.1','2025-01-24 11:08:44.388897','59b890b5c60f44589ed18c5ecbb73082'),(260,'/users/creators/','GET','','127.0.0.1','2025-01-24 11:08:47.024740','59b890b5c60f44589ed18c5ecbb73082'),(261,'/users/creators/brand/me','GET','','127.0.0.1','2025-01-24 11:08:59.674346','59b890b5c60f44589ed18c5ecbb73082'),(262,'/users/creators/brands/me','GET','','127.0.0.1','2025-01-24 11:09:13.805225','59b890b5c60f44589ed18c5ecbb73082'),(263,'/users/brands/me/','GET','','127.0.0.1','2025-01-24 11:09:18.838583','59b890b5c60f44589ed18c5ecbb73082'),(264,'/users/creators/me/','GET','','127.0.0.1','2025-01-24 11:09:27.502205','59b890b5c60f44589ed18c5ecbb73082'),(265,'/users/creators/me/','GET','','127.0.0.1','2025-01-24 11:11:23.982227','59b890b5c60f44589ed18c5ecbb73082'),(266,'/users/creators/me/','GET','','127.0.0.1','2025-01-24 11:11:47.253070','59b890b5c60f44589ed18c5ecbb73082'),(267,'/users/creators/me/','GET','','127.0.0.1','2025-01-24 11:11:50.003116','59b890b5c60f44589ed18c5ecbb73082'),(268,'/users/creators/me/','GET','','127.0.0.1','2025-01-24 11:11:51.170308','59b890b5c60f44589ed18c5ecbb73082'),(269,'/auth/jwt/create/','POST','','127.0.0.1','2025-01-24 11:12:00.618352','59b890b5c60f44589ed18c5ecbb73082'),(270,'/users/creators/me/','GET','','127.0.0.1','2025-01-24 11:12:17.049389','59b890b5c60f44589ed18c5ecbb73082'),(271,'/users/creators/me/','GET','','127.0.0.1','2025-01-24 11:12:18.305706','59b890b5c60f44589ed18c5ecbb73082'),(272,'/users/creators/me/','GET','','127.0.0.1','2025-01-24 11:12:19.396626','59b890b5c60f44589ed18c5ecbb73082'),(273,'/users/creators/me/','GET','','127.0.0.1','2025-01-24 11:12:37.294271','59b890b5c60f44589ed18c5ecbb73082'),(274,'/users/','GET','','127.0.0.1','2025-01-24 11:12:40.423499','59b890b5c60f44589ed18c5ecbb73082'),(275,'/users/','GET','','127.0.0.1','2025-01-24 11:12:47.068135','59b890b5c60f44589ed18c5ecbb73082'),(276,'/','GET','','127.0.0.1','2025-01-24 14:02:55.514822','59b890b5c60f44589ed18c5ecbb73082'),(277,'/users/creators/me','GET','','127.0.0.1','2025-01-24 14:03:12.998496','59b890b5c60f44589ed18c5ecbb73082'),(278,'/users/creators/me/','GET','','127.0.0.1','2025-01-24 14:03:13.166483','59b890b5c60f44589ed18c5ecbb73082'),(279,'/','GET','','127.0.0.1','2025-01-24 14:03:24.333122','59b890b5c60f44589ed18c5ecbb73082'),(280,'/auth/jwt/create/','GET','','127.0.0.1','2025-01-24 14:03:35.402072','59b890b5c60f44589ed18c5ecbb73082'),(281,'/auth/jwt/create/','POST','','127.0.0.1','2025-01-24 14:03:55.757591','59b890b5c60f44589ed18c5ecbb73082'),(282,'/users/creators/me/','GET','','127.0.0.1','2025-01-24 14:04:19.632959','59b890b5c60f44589ed18c5ecbb73082'),(283,'/users/creators/me/','GET','','127.0.0.1','2025-01-24 14:04:21.026110','59b890b5c60f44589ed18c5ecbb73082'),(284,'/users/creators/me/','GET','','127.0.0.1','2025-01-24 14:04:22.115035','59b890b5c60f44589ed18c5ecbb73082'),(285,'/users/','GET','','127.0.0.1','2025-01-24 14:04:25.167666','59b890b5c60f44589ed18c5ecbb73082'),(286,'/auth/users/','GET','','127.0.0.1','2025-01-24 14:04:26.868138','59b890b5c60f44589ed18c5ecbb73082'),(287,'/auth/creators/','GET','','127.0.0.1','2025-01-24 14:04:37.544351','59b890b5c60f44589ed18c5ecbb73082'),(288,'/users/','GET','','127.0.0.1','2025-01-24 14:04:51.289981','59b890b5c60f44589ed18c5ecbb73082'),(289,'/users/creators/me/','GET','','127.0.0.1','2025-01-24 14:04:54.143301','59b890b5c60f44589ed18c5ecbb73082'),(290,'/users/creators/signup/','GET','','127.0.0.1','2025-01-24 14:05:07.161883','59b890b5c60f44589ed18c5ecbb73082'),(291,'/users/creators/me/','GET','','127.0.0.1','2025-01-24 14:06:11.893010','59b890b5c60f44589ed18c5ecbb73082'),(292,'/users/creators/me/','GET','','127.0.0.1','2025-01-24 14:06:13.836786','59b890b5c60f44589ed18c5ecbb73082'),(293,'/users/creators/me/','GET','','127.0.0.1','2025-01-24 14:06:14.809460','59b890b5c60f44589ed18c5ecbb73082'),(294,'/auth/jwt/create/','GET','','127.0.0.1','2025-01-24 14:06:26.815195','59b890b5c60f44589ed18c5ecbb73082'),(295,'/users/brands/me/','GET','','127.0.0.1','2025-01-24 14:06:35.151748','59b890b5c60f44589ed18c5ecbb73082'),(296,'/auth/jwt/create/','POST','','127.0.0.1','2025-01-24 14:06:48.252749','59b890b5c60f44589ed18c5ecbb73082'),(297,'/users/brands/me/','GET','','127.0.0.1','2025-01-24 14:07:14.274237','59b890b5c60f44589ed18c5ecbb73082'),(298,'/users/brands/me/','GET','','127.0.0.1','2025-01-24 14:07:15.510480','59b890b5c60f44589ed18c5ecbb73082'),(299,'/users/brands/me/','GET','','127.0.0.1','2025-01-24 14:07:27.690602','59b890b5c60f44589ed18c5ecbb73082'),(300,'/users/brands/me/','GET','','127.0.0.1','2025-01-24 14:07:29.503511','59b890b5c60f44589ed18c5ecbb73082'),(301,'/users/brands/me/','GET','format=json','127.0.0.1','2025-01-24 14:07:32.181731','59b890b5c60f44589ed18c5ecbb73082'),(302,'/users/brands/me/','GET','','127.0.0.1','2025-01-24 14:07:33.716267','59b890b5c60f44589ed18c5ecbb73082'),(303,'/users/brands/me/','GET','format=api','127.0.0.1','2025-01-24 14:07:36.646889','59b890b5c60f44589ed18c5ecbb73082'),(304,'/users/brands/me/','GET','','127.0.0.1','2025-01-24 14:07:39.263920','59b890b5c60f44589ed18c5ecbb73082'),(305,'/users/brands/me/','GET','','127.0.0.1','2025-01-24 14:08:47.868754','59b890b5c60f44589ed18c5ecbb73082'),(306,'/users/brands/me/','GET','','127.0.0.1','2025-01-24 14:08:50.570030','59b890b5c60f44589ed18c5ecbb73082'),(307,'/users/brands/me/','GET','','127.0.0.1','2025-01-24 14:08:51.093492','59b890b5c60f44589ed18c5ecbb73082'),(308,'/users/brands/me/','GET','','127.0.0.1','2025-01-24 14:10:06.637795','59b890b5c60f44589ed18c5ecbb73082'),(309,'/users/brands/me/','GET','','127.0.0.1','2025-01-24 14:14:42.396509','59b890b5c60f44589ed18c5ecbb73082'),(310,'/users/brands/me/','GET','','127.0.0.1','2025-01-24 14:14:44.539507','59b890b5c60f44589ed18c5ecbb73082'),(311,'/','GET','','127.0.0.1','2025-01-24 14:14:48.624152','59b890b5c60f44589ed18c5ecbb73082'),(312,'/users/creators/me/','GET','','127.0.0.1','2025-01-24 14:14:53.694307','59b890b5c60f44589ed18c5ecbb73082'),(313,'/','GET','','127.0.0.1','2025-01-24 14:22:31.541782','59b890b5c60f44589ed18c5ecbb73082'),(314,'/auth/jwt/create/','GET','','127.0.0.1','2025-01-24 14:22:48.045363','59b890b5c60f44589ed18c5ecbb73082'),(315,'/auth/jwt/create/','POST','','127.0.0.1','2025-01-24 14:22:58.325071','59b890b5c60f44589ed18c5ecbb73082'),(316,'/','GET','','127.0.0.1','2025-01-24 14:23:28.928409','59b890b5c60f44589ed18c5ecbb73082'),(317,'/users/creators/me/','GET','','127.0.0.1','2025-01-24 14:23:36.143654','59b890b5c60f44589ed18c5ecbb73082'),(318,'/','GET','','127.0.0.1','2025-01-24 14:24:28.598777','59b890b5c60f44589ed18c5ecbb73082'),(319,'/auth/jwt/create/','GET','','127.0.0.1','2025-01-24 14:24:35.559219','59b890b5c60f44589ed18c5ecbb73082'),(320,'/auth/jwt/create/','GET','','127.0.0.1','2025-01-24 14:24:35.957941','59b890b5c60f44589ed18c5ecbb73082'),(321,'/auth/jwt/create/','POST','','127.0.0.1','2025-01-24 14:24:44.371017','59b890b5c60f44589ed18c5ecbb73082'),(322,'/','GET','','127.0.0.1','2025-01-24 14:25:00.733323','59b890b5c60f44589ed18c5ecbb73082'),(323,'/users/creators/me/','GET','','127.0.0.1','2025-01-24 14:25:27.165585','59b890b5c60f44589ed18c5ecbb73082'),(324,'/users/creators/me/','GET','','127.0.0.1','2025-01-24 14:34:07.787906','59b890b5c60f44589ed18c5ecbb73082'),(325,'/users/creators/me/','GET','','127.0.0.1','2025-01-24 14:39:19.614538','59b890b5c60f44589ed18c5ecbb73082'),(326,'/users/creators/me/','GET','','127.0.0.1','2025-01-24 14:39:41.961529','59b890b5c60f44589ed18c5ecbb73082'),(327,'/users/creators/me/','GET','','127.0.0.1','2025-01-24 14:40:12.653541','59b890b5c60f44589ed18c5ecbb73082'),(328,'/auth/jwt/create/','POST','','127.0.0.1','2025-01-24 14:40:49.160500','59b890b5c60f44589ed18c5ecbb73082'),(329,'/users/creators/s/','GET','','127.0.0.1','2025-01-24 14:41:00.212855','59b890b5c60f44589ed18c5ecbb73082'),(330,'/users/creators/signup/','GET','','127.0.0.1','2025-01-24 14:41:08.554465','59b890b5c60f44589ed18c5ecbb73082'),(331,'/users/creators/signup/','GET','','127.0.0.1','2025-01-24 14:41:31.106883','59b890b5c60f44589ed18c5ecbb73082'),(332,'/users/creators/signup/','GET','','127.0.0.1','2025-01-24 14:42:30.121684','59b890b5c60f44589ed18c5ecbb73082'),(333,'/','GET','','127.0.0.1','2025-01-24 14:43:01.201080','59b890b5c60f44589ed18c5ecbb73082'),(334,'/users/creators/me/','GET','','127.0.0.1','2025-01-24 14:43:05.815110','59b890b5c60f44589ed18c5ecbb73082'),(335,'/users/brands/me/','GET','','127.0.0.1','2025-01-24 14:43:11.499343','59b890b5c60f44589ed18c5ecbb73082'),(336,'/users/brands/me/','GET','','127.0.0.1','2025-01-24 14:45:01.961431','59b890b5c60f44589ed18c5ecbb73082'),(337,'/users/brands/signup/','GET','','127.0.0.1','2025-01-24 14:45:22.534649','59b890b5c60f44589ed18c5ecbb73082'),(338,'/users/brands/signup/','GET','','127.0.0.1','2025-01-24 14:45:28.362988','59b890b5c60f44589ed18c5ecbb73082'),(339,'/','GET','','127.0.0.1','2025-01-24 14:46:03.371354','59b890b5c60f44589ed18c5ecbb73082'),(340,'/','GET','','127.0.0.1','2025-01-24 14:46:06.236200','59b890b5c60f44589ed18c5ecbb73082'),(341,'/auth/jwt/create/','GET','','127.0.0.1','2025-01-24 14:46:15.719656','59b890b5c60f44589ed18c5ecbb73082'),(342,'/auth/jwt/create/','GET','','127.0.0.1','2025-01-24 14:46:48.580760','59b890b5c60f44589ed18c5ecbb73082'),(343,'/auth/jwt/create/','GET','','127.0.0.1','2025-01-24 14:46:49.280099','59b890b5c60f44589ed18c5ecbb73082'),(344,'/auth/jwt/create/','POST','','127.0.0.1','2025-01-24 14:46:57.266856','59b890b5c60f44589ed18c5ecbb73082'),(345,'/admin','GET','','127.0.0.1','2025-01-24 14:47:17.345333','59b890b5c60f44589ed18c5ecbb73082'),(346,'/users/creators/me/','GET','','127.0.0.1','2025-01-24 14:47:36.220360','59b890b5c60f44589ed18c5ecbb73082'),(347,'/users/creators/me/','GET','','127.0.0.1','2025-01-24 14:47:37.614203','59b890b5c60f44589ed18c5ecbb73082'),(348,'/users/creators/me/','GET','','127.0.0.1','2025-01-24 14:47:58.408791','59b890b5c60f44589ed18c5ecbb73082'),(349,'/','GET','','127.0.0.1','2025-01-24 14:57:53.543264','59b890b5c60f44589ed18c5ecbb73082'),(350,'/auth/jwt/create/','GET','','127.0.0.1','2025-01-24 14:58:04.979475','59b890b5c60f44589ed18c5ecbb73082'),(351,'/auth/jwt/create/','GET','','127.0.0.1','2025-01-24 14:58:05.362033','59b890b5c60f44589ed18c5ecbb73082'),(352,'/auth/jwt/create/','POST','','127.0.0.1','2025-01-24 14:58:12.994416','59b890b5c60f44589ed18c5ecbb73082'),(353,'/creator/reviews/','GET','','127.0.0.1','2025-01-24 14:58:47.436270','59b890b5c60f44589ed18c5ecbb73082'),(354,'/','GET','','127.0.0.1','2025-01-24 15:30:39.391803','59b890b5c60f44589ed18c5ecbb73082'),(355,'/','GET','','127.0.0.1','2025-01-24 16:34:47.347423','59b890b5c60f44589ed18c5ecbb73082'),(356,'/service/','GET','','127.0.0.1','2025-01-24 16:35:08.684155','59b890b5c60f44589ed18c5ecbb73082'),(357,'/service/services','GET','','127.0.0.1','2025-01-24 16:35:13.095671','59b890b5c60f44589ed18c5ecbb73082'),(358,'/service/services/','GET','','127.0.0.1','2025-01-24 16:35:41.799331','59b890b5c60f44589ed18c5ecbb73082'),(359,'/service/services/','GET','','127.0.0.1','2025-01-24 16:42:09.766853','59b890b5c60f44589ed18c5ecbb73082'),(360,'/service/services/','GET','','127.0.0.1','2025-01-24 16:42:10.707757','59b890b5c60f44589ed18c5ecbb73082'),(361,'/service/services/','GET','','127.0.0.1','2025-01-24 16:42:24.300813','59b890b5c60f44589ed18c5ecbb73082'),(362,'/service/services/','GET','','127.0.0.1','2025-01-24 16:46:50.074880','59b890b5c60f44589ed18c5ecbb73082'),(363,'/','GET','','127.0.0.1','2025-01-24 16:46:59.483701','59b890b5c60f44589ed18c5ecbb73082'),(364,'/auth/J','GET','','127.0.0.1','2025-01-24 16:47:11.590304','59b890b5c60f44589ed18c5ecbb73082'),(365,'/auth/jwt/create/','GET','','127.0.0.1','2025-01-24 16:47:14.570712','59b890b5c60f44589ed18c5ecbb73082'),(366,'/auth/jwt/create/','GET','','127.0.0.1','2025-01-24 16:47:14.966636','59b890b5c60f44589ed18c5ecbb73082'),(367,'/auth/jwt/create/','POST','','127.0.0.1','2025-01-24 16:47:21.926587','59b890b5c60f44589ed18c5ecbb73082'),(368,'/service/services/','GET','','127.0.0.1','2025-01-24 16:47:46.278318','59b890b5c60f44589ed18c5ecbb73082'),(369,'/service/services/','POST','','127.0.0.1','2025-01-24 16:48:52.892414','59b890b5c60f44589ed18c5ecbb73082'),(370,'/service/services/','POST','','127.0.0.1','2025-01-24 16:49:08.503877','59b890b5c60f44589ed18c5ecbb73082'),(371,'/service/service-videos/','GET','','127.0.0.1','2025-01-24 16:49:27.597386','59b890b5c60f44589ed18c5ecbb73082'),(372,'/service/service-videos/','POST','','127.0.0.1','2025-01-24 16:49:42.390252','59b890b5c60f44589ed18c5ecbb73082'),(373,'/service/service-videos/','GET','','127.0.0.1','2025-01-24 17:11:48.773647','59b890b5c60f44589ed18c5ecbb73082'),(374,'/service/services/','POST','','127.0.0.1','2025-01-24 17:12:00.044307','59b890b5c60f44589ed18c5ecbb73082'),(375,'/service/services/','POST','','127.0.0.1','2025-01-24 17:13:51.173686','59b890b5c60f44589ed18c5ecbb73082'),(376,'/service/services/','POST','','127.0.0.1','2025-01-24 17:15:23.081838','59b890b5c60f44589ed18c5ecbb73082'),(377,'/service/services/','POST','','127.0.0.1','2025-01-24 17:15:35.354614','59b890b5c60f44589ed18c5ecbb73082'),(378,'/service/services/','POST','','127.0.0.1','2025-01-24 17:16:50.962783','59b890b5c60f44589ed18c5ecbb73082'),(379,'/','GET','','127.0.0.1','2025-01-25 16:16:57.403432','59b890b5c60f44589ed18c5ecbb73082'),(380,'/admin','GET','','127.0.0.1','2025-01-25 16:17:03.639039','59b890b5c60f44589ed18c5ecbb73082'),(381,'/','GET','','127.0.0.1','2025-01-25 17:06:15.250190','59b890b5c60f44589ed18c5ecbb73082'),(382,'/service/contents/','GET','','127.0.0.1','2025-01-25 17:06:49.407761','59b890b5c60f44589ed18c5ecbb73082'),(383,'/service/contents/','GET','platform=Instagram&ugc_type=T&creator__user__gender=&service__voice_over=&service__face_appearing=','127.0.0.1','2025-01-25 17:07:47.756042','59b890b5c60f44589ed18c5ecbb73082'),(384,'/service/contents/','GET','platform=Instagram&ugc_type=T&creator__user__gender=F&service__voice_over=true&service__face_appearing=true&category=78a4e74a-b96f-4483-b690-c252a7459acd','127.0.0.1','2025-01-25 17:08:15.944300','59b890b5c60f44589ed18c5ecbb73082'),(385,'/service/contents/','GET','platform=Youtube&ugc_type=T&creator__user__gender=F&service__voice_over=true&service__face_appearing=true&category=78a4e74a-b96f-4483-b690-c252a7459acd','127.0.0.1','2025-01-25 17:08:32.562575','59b890b5c60f44589ed18c5ecbb73082'),(386,'/service/contents/','GET','platform=Youtube&ugc_type=&creator__user__gender=&service__voice_over=&service__face_appearing=&category=78a4e74a-b96f-4483-b690-c252a7459acd','127.0.0.1','2025-01-25 17:08:51.755232','59b890b5c60f44589ed18c5ecbb73082'),(387,'/service/contents/','GET','platform=Youtube&ugc_type=&creator__user__gender=&service__voice_over=&service__face_appearing=&category=78a4e74a-b96f-4483-b690-c252a7459acd','127.0.0.1','2025-01-25 17:10:55.533864','59b890b5c60f44589ed18c5ecbb73082'),(388,'/service/','GET','','127.0.0.1','2025-01-25 17:11:00.404578','59b890b5c60f44589ed18c5ecbb73082'),(389,'/service/contents/','GET','','127.0.0.1','2025-01-25 17:11:04.286465','59b890b5c60f44589ed18c5ecbb73082'),(390,'/service/contents/','GET','','127.0.0.1','2025-01-25 17:11:57.095936','59b890b5c60f44589ed18c5ecbb73082'),(391,'/','GET','','127.0.0.1','2025-01-25 17:52:23.944142','59b890b5c60f44589ed18c5ecbb73082'),(392,'/service/contents/','GET','','127.0.0.1','2025-01-25 17:52:30.677975','59b890b5c60f44589ed18c5ecbb73082'),(393,'/service/contents/recently-added/','GET','','127.0.0.1','2025-01-25 17:52:52.710509','59b890b5c60f44589ed18c5ecbb73082'),(394,'/service/contents/platform/','GET','','127.0.0.1','2025-01-25 17:53:07.131119','59b890b5c60f44589ed18c5ecbb73082'),(395,'/service/contents/platform/Instagram/','GET','','127.0.0.1','2025-01-25 17:53:22.543547','59b890b5c60f44589ed18c5ecbb73082'),(396,'/service/contents/platform/Instagram/','GET','','127.0.0.1','2025-01-25 17:53:34.376813','59b890b5c60f44589ed18c5ecbb73082'),(397,'/','GET','','127.0.0.1','2025-01-25 20:01:46.471399','59b890b5c60f44589ed18c5ecbb73082'),(398,'/service/contents/add-to-portfolio','GET','','127.0.0.1','2025-01-25 20:02:07.085611','59b890b5c60f44589ed18c5ecbb73082'),(399,'/service/contents/add-to-portfolio/','GET','','127.0.0.1','2025-01-25 20:02:07.280088','59b890b5c60f44589ed18c5ecbb73082'),(400,'/service/contents/add-to-portfolio/remove-from-portfolio/','GET','','127.0.0.1','2025-01-25 20:02:16.283028','59b890b5c60f44589ed18c5ecbb73082'),(401,'/service/contents/portfolio/','GET','','127.0.0.1','2025-01-25 20:02:36.022107','59b890b5c60f44589ed18c5ecbb73082'),(402,'/service/contents/portfolio/','GET','','127.0.0.1','2025-01-25 20:02:41.922860','59b890b5c60f44589ed18c5ecbb73082'),(403,'/service/contents/','GET','','127.0.0.1','2025-01-25 20:02:56.685469','59b890b5c60f44589ed18c5ecbb73082'),(404,'/service/contents/portfolio/defb1c62-3813-4365-97f9-475f9f55d4a6','GET','','127.0.0.1','2025-01-25 20:03:13.946637','59b890b5c60f44589ed18c5ecbb73082'),(405,'/service/contents/portfolio/defb1c62-3813-4365-97f9-475f9f55d4a6/','GET','','127.0.0.1','2025-01-25 20:03:14.159455','59b890b5c60f44589ed18c5ecbb73082'),(406,'/','GET','','127.0.0.1','2025-01-26 11:12:11.220732','59b890b5c60f44589ed18c5ecbb73082'),(407,'/service/contents/','GET','','127.0.0.1','2025-01-26 11:12:20.073821','59b890b5c60f44589ed18c5ecbb73082'),(408,'/service/contents/portfolio/defb1c62-3813-4365-97f9-475f9f55d4a6','GET','','127.0.0.1','2025-01-26 11:12:42.527176','59b890b5c60f44589ed18c5ecbb73082'),(409,'/service/contents/portfolio/defb1c62-3813-4365-97f9-475f9f55d4a6/','GET','','127.0.0.1','2025-01-26 11:12:42.697666','59b890b5c60f44589ed18c5ecbb73082'),(410,'/service/contents/add-to-portfolio','GET','','127.0.0.1','2025-01-26 11:13:21.159173','59b890b5c60f44589ed18c5ecbb73082'),(411,'/service/contents/add-to-portfolio/','GET','','127.0.0.1','2025-01-26 11:13:21.319169','59b890b5c60f44589ed18c5ecbb73082'),(412,'/service/contents/add-to-portfolio/add-to-portfolio/','GET','','127.0.0.1','2025-01-26 11:13:33.341004','59b890b5c60f44589ed18c5ecbb73082'),(413,'/service/contents/add-to-portfolio/remove-from-portfolio','GET','','127.0.0.1','2025-01-26 11:13:57.933439','59b890b5c60f44589ed18c5ecbb73082'),(414,'/service/contents/add-to-portfolio/remove-from-portfolio/','GET','','127.0.0.1','2025-01-26 11:13:58.085438','59b890b5c60f44589ed18c5ecbb73082'),(415,'/','GET','','127.0.0.1','2025-02-04 11:46:21.916007',NULL),(416,'/order/orders/','GET','','127.0.0.1','2025-02-04 11:46:34.159349',NULL),(417,'/order/orders/','GET','','127.0.0.1','2025-02-04 11:47:44.985677',NULL),(418,'/order/orders/','GET','','127.0.0.1','2025-02-04 16:46:48.596041',NULL),(419,'/order/orders/','GET','','127.0.0.1','2025-02-04 16:52:37.235030',NULL),(420,'/admin','GET','','127.0.0.1','2025-02-04 16:52:57.202692',NULL),(421,'/auth/jwt/create/','GET','','127.0.0.1','2025-02-04 16:53:03.996888',NULL),(422,'/auth/jwt/create/','POST','','127.0.0.1','2025-02-04 16:53:15.105485',NULL),(423,'/order/orders/','GET','','127.0.0.1','2025-02-04 16:53:42.395701',NULL),(424,'/auth/jwt/create/','POST','','127.0.0.1','2025-02-04 17:12:27.341576','59b890b5c60f44589ed18c5ecbb73082'),(425,'/order/orders/','GET','','127.0.0.1','2025-02-04 17:12:48.801751','59b890b5c60f44589ed18c5ecbb73082'),(426,'/order/orders/','GET','','127.0.0.1','2025-02-04 17:12:50.492651','59b890b5c60f44589ed18c5ecbb73082'),(427,'/order/orders/','GET','','127.0.0.1','2025-02-04 17:13:44.298095','59b890b5c60f44589ed18c5ecbb73082'),(428,'/auth/jwt/create/','POST','','127.0.0.1','2025-02-04 17:13:48.954382','59b890b5c60f44589ed18c5ecbb73082'),(429,'/order/orders/','GET','','127.0.0.1','2025-02-04 17:14:15.356229','59b890b5c60f44589ed18c5ecbb73082'),(430,'/auth/jwt/create/','POST','','127.0.0.1','2025-02-04 17:16:28.849925','59b890b5c60f44589ed18c5ecbb73082'),(431,'/order/order/','GET','','127.0.0.1','2025-02-04 17:20:20.668317','59b890b5c60f44589ed18c5ecbb73082'),(432,'/order/order-items/','GET','','127.0.0.1','2025-02-04 17:20:28.700639','59b890b5c60f44589ed18c5ecbb73082'),(433,'/order/order-items/','GET','','127.0.0.1','2025-02-04 17:21:01.811266','59b890b5c60f44589ed18c5ecbb73082'),(434,'/order/order-items/','POST','','127.0.0.1','2025-02-04 17:21:10.728427','59b890b5c60f44589ed18c5ecbb73082'),(435,'/order/order-items/','GET','','127.0.0.1','2025-02-04 17:21:49.190764','59b890b5c60f44589ed18c5ecbb73082'),(436,'/order/order-items/','GET','','127.0.0.1','2025-02-04 17:23:23.688051','59b890b5c60f44589ed18c5ecbb73082'),(437,'/order/order-items/','POST','','127.0.0.1','2025-02-04 17:23:35.639655','59b890b5c60f44589ed18c5ecbb73082'),(438,'/order/order-items/','GET','','127.0.0.1','2025-02-04 17:24:02.494613','59b890b5c60f44589ed18c5ecbb73082'),(439,'/order/order-items/','POST','','127.0.0.1','2025-02-04 17:24:20.227892','59b890b5c60f44589ed18c5ecbb73082'),(440,'/order/order-items/','POST','','127.0.0.1','2025-02-04 17:24:26.877224','59b890b5c60f44589ed18c5ecbb73082'),(441,'/order/orders/','GET','','127.0.0.1','2025-02-04 17:24:36.082229','59b890b5c60f44589ed18c5ecbb73082'),(442,'/order/order-items/','GET','','127.0.0.1','2025-02-04 17:24:45.231860','59b890b5c60f44589ed18c5ecbb73082'),(443,'/order/orders/change-status','GET','','127.0.0.1','2025-02-04 17:25:23.146706','59b890b5c60f44589ed18c5ecbb73082'),(444,'/order/orders/change-status/','GET','','127.0.0.1','2025-02-04 17:25:23.281964','59b890b5c60f44589ed18c5ecbb73082'),(445,'/order/','GET','','127.0.0.1','2025-02-04 17:25:30.791007','59b890b5c60f44589ed18c5ecbb73082'),(446,'/order/order-items/','GET','','127.0.0.1','2025-02-04 17:25:34.300586','59b890b5c60f44589ed18c5ecbb73082'),(447,'/order/purchases/','GET','','127.0.0.1','2025-02-04 17:25:37.522775','59b890b5c60f44589ed18c5ecbb73082'),(448,'/order/purchases/','GET','ordering=-status','127.0.0.1','2025-02-04 17:25:57.146344','59b890b5c60f44589ed18c5ecbb73082'),(449,'/order/orders/','GET','','127.0.0.1','2025-02-04 17:26:23.240551','59b890b5c60f44589ed18c5ecbb73082'),(450,'/auth/jwt/create/','POST','','127.0.0.1','2025-02-04 17:39:01.125050','59b890b5c60f44589ed18c5ecbb73082'),(451,'/order/orders/','GET','','127.0.0.1','2025-02-04 17:39:25.308940','59b890b5c60f44589ed18c5ecbb73082'),(452,'/order/orders/','GET','','127.0.0.1','2025-02-04 17:43:41.730090','59b890b5c60f44589ed18c5ecbb73082'),(453,'/auth/jwt/create/','POST','','127.0.0.1','2025-02-04 17:50:09.019559','59b890b5c60f44589ed18c5ecbb73082'),(454,'/order/orders/','GET','','127.0.0.1','2025-02-04 17:50:34.687615','59b890b5c60f44589ed18c5ecbb73082'),(455,'/auth/jwt/create/','POST','','127.0.0.1','2025-02-04 17:59:08.229760','59b890b5c60f44589ed18c5ecbb73082'),(456,'/auth/jwt/create/','GET','','127.0.0.1','2025-02-04 17:59:10.828475','59b890b5c60f44589ed18c5ecbb73082'),(457,'/order/orders/','GET','','127.0.0.1','2025-02-04 17:59:32.511422','59b890b5c60f44589ed18c5ecbb73082'),(458,'/auth/jwt/create/','POST','','127.0.0.1','2025-02-04 18:02:16.200319','59b890b5c60f44589ed18c5ecbb73082'),(459,'/order/orders/','GET','','127.0.0.1','2025-02-04 18:02:42.997714','59b890b5c60f44589ed18c5ecbb73082'),(460,'/order/orders/','OPTIONS','','127.0.0.1','2025-02-04 18:04:44.994629','59b890b5c60f44589ed18c5ecbb73082'),(461,'/__debug__/history_sidebar/','GET','store_id=aab5bd45b1a948918f1050f1b620be0b','127.0.0.1','2025-02-04 18:04:45.341345','59b890b5c60f44589ed18c5ecbb73082'),(462,'/auth/jwt/create/','POST','','127.0.0.1','2025-02-04 18:05:14.836070','59b890b5c60f44589ed18c5ecbb73082'),(463,'/order/orders/','GET','','127.0.0.1','2025-02-04 18:05:33.834321','59b890b5c60f44589ed18c5ecbb73082'),(464,'/order/orders/','GET','','127.0.0.1','2025-02-04 18:06:37.030519','59b890b5c60f44589ed18c5ecbb73082'),(465,'/order/','GET','','127.0.0.1','2025-02-04 18:06:44.268816','59b890b5c60f44589ed18c5ecbb73082'),(466,'/order/order-items/','GET','','127.0.0.1','2025-02-04 18:06:46.362031','59b890b5c60f44589ed18c5ecbb73082'),(467,'/order/','GET','','127.0.0.1','2025-02-04 18:06:52.766136','59b890b5c60f44589ed18c5ecbb73082'),(468,'/order/purchases/','GET','','127.0.0.1','2025-02-04 18:06:54.533418','59b890b5c60f44589ed18c5ecbb73082'),(469,'/order/purchases/','GET','','127.0.0.1','2025-02-04 18:10:03.474657','59b890b5c60f44589ed18c5ecbb73082'),(470,'/order/purchases/','GET','','127.0.0.1','2025-02-04 18:10:49.280376','59b890b5c60f44589ed18c5ecbb73082'),(471,'/order/purchases/','GET','','127.0.0.1','2025-02-04 18:11:24.634811','59b890b5c60f44589ed18c5ecbb73082'),(472,'/order/purchases/','GET','','127.0.0.1','2025-02-04 18:11:31.722233','59b890b5c60f44589ed18c5ecbb73082'),(473,'/order/purchases/','GET','','127.0.0.1','2025-02-04 18:12:33.706084','59b890b5c60f44589ed18c5ecbb73082'),(474,'/order/purchases/','GET','','127.0.0.1','2025-02-04 18:13:45.180175','59b890b5c60f44589ed18c5ecbb73082'),(475,'/order/purchases/','GET','','127.0.0.1','2025-02-04 18:14:17.741811','59b890b5c60f44589ed18c5ecbb73082'),(476,'/order/purchases/','GET','','127.0.0.1','2025-02-04 18:14:45.081494','59b890b5c60f44589ed18c5ecbb73082'),(477,'/order/purchases/','OPTIONS','','127.0.0.1','2025-02-04 18:14:51.217914','59b890b5c60f44589ed18c5ecbb73082'),(478,'/__debug__/history_sidebar/','GET','store_id=0c4d2aac641e41f8bbcca398b8a0108a','127.0.0.1','2025-02-04 18:14:51.594367','59b890b5c60f44589ed18c5ecbb73082'),(479,'/order/purchases/','GET','','127.0.0.1','2025-02-04 18:14:57.313687','59b890b5c60f44589ed18c5ecbb73082'),(480,'/order/purchases/','GET','ordering=-status','127.0.0.1','2025-02-04 18:15:02.403823','59b890b5c60f44589ed18c5ecbb73082'),(481,'/','GET','','127.0.0.1','2025-02-04 20:11:24.799295','59b890b5c60f44589ed18c5ecbb73082'),(482,'/order/carts/','GET','','127.0.0.1','2025-02-04 20:11:41.707221','59b890b5c60f44589ed18c5ecbb73082'),(483,'/order/carts/','GET','','127.0.0.1','2025-02-04 20:12:19.928538','59b890b5c60f44589ed18c5ecbb73082'),(484,'/order/carts/','GET','','127.0.0.1','2025-02-04 20:18:07.825849','59b890b5c60f44589ed18c5ecbb73082'),(485,'/order/carts/','GET','','127.0.0.1','2025-02-04 20:19:11.568358','59b890b5c60f44589ed18c5ecbb73082'),(486,'/order/','GET','','127.0.0.1','2025-02-04 20:42:42.899202','59b890b5c60f44589ed18c5ecbb73082'),(487,'/order/carts/','GET','','127.0.0.1','2025-02-04 20:42:49.560755','59b890b5c60f44589ed18c5ecbb73082'),(488,'/order/carts/','GET','','127.0.0.1','2025-02-04 20:49:14.778715','59b890b5c60f44589ed18c5ecbb73082'),(489,'/order/carts/','GET','','127.0.0.1','2025-02-04 20:49:49.433579','59b890b5c60f44589ed18c5ecbb73082'),(490,'/order/carts/','GET','','127.0.0.1','2025-02-04 20:56:18.342222','59b890b5c60f44589ed18c5ecbb73082'),(491,'/order/carts/','GET','','127.0.0.1','2025-02-04 20:56:49.705089','59b890b5c60f44589ed18c5ecbb73082'),(492,'/order/carts/','GET','','127.0.0.1','2025-02-04 21:04:45.924922','59b890b5c60f44589ed18c5ecbb73082'),(493,'/order/carts/','GET','','127.0.0.1','2025-02-04 21:04:50.578919','59b890b5c60f44589ed18c5ecbb73082'),(494,'/admin','GET','','127.0.0.1','2025-02-04 21:05:09.539039','59b890b5c60f44589ed18c5ecbb73082'),(495,'/auth/jwt/create/','GET','','127.0.0.1','2025-02-04 21:05:09.680025','59b890b5c60f44589ed18c5ecbb73082'),(496,'/auth/jwt/create/','GET','','127.0.0.1','2025-02-04 21:05:10.440011','59b890b5c60f44589ed18c5ecbb73082'),(497,'/auth/jwt/create/','POST','','127.0.0.1','2025-02-04 21:05:19.896752','59b890b5c60f44589ed18c5ecbb73082'),(498,'/order/carts/','GET','','127.0.0.1','2025-02-04 21:05:39.677889','59b890b5c60f44589ed18c5ecbb73082'),(499,'/order/carts/','GET','','127.0.0.1','2025-02-04 21:08:55.999644','59b890b5c60f44589ed18c5ecbb73082'),(500,'/order/carts/add-to-cart','GET','','127.0.0.1','2025-02-04 21:09:16.231516','59b890b5c60f44589ed18c5ecbb73082'),(501,'/order/carts/add-to-cart/','GET','','127.0.0.1','2025-02-04 21:09:16.476515','59b890b5c60f44589ed18c5ecbb73082'),(502,'/order/carts/','GET','','127.0.0.1','2025-02-04 21:14:19.242465','59b890b5c60f44589ed18c5ecbb73082'),(503,'/order/orders/','GET','','127.0.0.1','2025-02-04 21:14:36.818629','59b890b5c60f44589ed18c5ecbb73082'),(504,'/order/carts/','GET','','127.0.0.1','2025-02-04 21:14:41.283699','59b890b5c60f44589ed18c5ecbb73082'),(505,'/order/carts/','GET','','127.0.0.1','2025-02-04 21:15:10.252563','59b890b5c60f44589ed18c5ecbb73082'),(506,'/order/carts/','GET','','127.0.0.1','2025-02-04 21:29:52.873477','59b890b5c60f44589ed18c5ecbb73082'),(507,'/order/carts/','GET','','127.0.0.1','2025-02-04 21:31:11.117651','59b890b5c60f44589ed18c5ecbb73082'),(508,'/order/carts/','GET','','127.0.0.1','2025-02-04 21:36:59.710629','59b890b5c60f44589ed18c5ecbb73082'),(509,'/auth/jwt/create/','POST','','127.0.0.1','2025-02-04 21:37:10.140667','59b890b5c60f44589ed18c5ecbb73082'),(510,'/order/carts/','GET','','127.0.0.1','2025-02-04 21:37:31.825747','59b890b5c60f44589ed18c5ecbb73082'),(511,'/order/carts/','GET','','127.0.0.1','2025-02-04 21:37:33.650794','59b890b5c60f44589ed18c5ecbb73082'),(512,'/admin','GET','','127.0.0.1','2025-02-04 21:37:42.660617','59b890b5c60f44589ed18c5ecbb73082'),(513,'/order/carts/','GET','','127.0.0.1','2025-02-04 21:38:44.076854','59b890b5c60f44589ed18c5ecbb73082'),(514,'/auth/jwt/create/','POST','','127.0.0.1','2025-02-04 21:50:48.934420','59b890b5c60f44589ed18c5ecbb73082'),(515,'/order/carts/','GET','','127.0.0.1','2025-02-04 21:51:11.469074','59b890b5c60f44589ed18c5ecbb73082'),(516,'/','GET','','127.0.0.1','2025-02-05 09:19:05.582163','59b890b5c60f44589ed18c5ecbb73082'),(517,'/order/orders/','GET','','127.0.0.1','2025-02-05 09:19:15.426730','59b890b5c60f44589ed18c5ecbb73082'),(518,'/order/carts/','GET','','127.0.0.1','2025-02-05 09:19:22.378383','59b890b5c60f44589ed18c5ecbb73082'),(519,'/','GET','','127.0.0.1','2025-02-05 09:19:38.783860','59b890b5c60f44589ed18c5ecbb73082'),(520,'/auth/jwt/create/','GET','','127.0.0.1','2025-02-05 09:20:10.192621','59b890b5c60f44589ed18c5ecbb73082'),(521,'/','GET','','127.0.0.1','2025-02-05 09:20:44.996914','59b890b5c60f44589ed18c5ecbb73082'),(522,'/auth/jwt/create/','GET','','127.0.0.1','2025-02-05 09:20:50.943262','59b890b5c60f44589ed18c5ecbb73082'),(523,'/auth/jwt/create/','GET','','127.0.0.1','2025-02-05 09:20:51.869009','59b890b5c60f44589ed18c5ecbb73082'),(524,'/auth/jwt/create/','POST','','127.0.0.1','2025-02-05 09:21:03.107322','59b890b5c60f44589ed18c5ecbb73082'),(525,'/auth/jwt/create/','POST','','127.0.0.1','2025-02-05 09:21:22.183097','59b890b5c60f44589ed18c5ecbb73082'),(526,'/order/carts/','GET','','127.0.0.1','2025-02-05 09:22:58.959060','59b890b5c60f44589ed18c5ecbb73082'),(527,'/','GET','','127.0.0.1','2025-02-05 10:10:43.981231','59b890b5c60f44589ed18c5ecbb73082'),(528,'/order/incoming-requests','GET','','127.0.0.1','2025-02-05 10:10:53.744194','59b890b5c60f44589ed18c5ecbb73082'),(529,'/order/incoming-requests/','GET','','127.0.0.1','2025-02-05 10:10:53.964570','59b890b5c60f44589ed18c5ecbb73082'),(530,'/','GET','','127.0.0.1','2025-02-05 10:11:03.425779','59b890b5c60f44589ed18c5ecbb73082'),(531,'/auth/jwt/create/','GET','','127.0.0.1','2025-02-05 10:11:11.503489','59b890b5c60f44589ed18c5ecbb73082'),(532,'/auth/jwt/create/','GET','','127.0.0.1','2025-02-05 10:11:12.122477','59b890b5c60f44589ed18c5ecbb73082'),(533,'/auth/jwt/create/','POST','','127.0.0.1','2025-02-05 10:11:22.813182','59b890b5c60f44589ed18c5ecbb73082'),(534,'/order/incoming-requests/','GET','','127.0.0.1','2025-02-05 10:11:43.797664','59b890b5c60f44589ed18c5ecbb73082'),(535,'/','GET','','127.0.0.1','2025-02-05 20:45:30.380860','59b890b5c60f44589ed18c5ecbb73082'),(536,'/order/orders/','GET','','127.0.0.1','2025-02-05 20:45:41.783698','59b890b5c60f44589ed18c5ecbb73082'),(537,'/order/payments/','GET','','127.0.0.1','2025-02-05 20:45:47.943449','59b890b5c60f44589ed18c5ecbb73082'),(538,'/','GET','','127.0.0.1','2025-02-05 20:46:07.010215','59b890b5c60f44589ed18c5ecbb73082'),(539,'/auth/jwt/create/','GET','','127.0.0.1','2025-02-05 20:46:13.899838','59b890b5c60f44589ed18c5ecbb73082'),(540,'/auth/jwt/create/','GET','','127.0.0.1','2025-02-05 20:46:14.540740','59b890b5c60f44589ed18c5ecbb73082'),(541,'/auth/jwt/create/','POST','','127.0.0.1','2025-02-05 20:46:24.438252','59b890b5c60f44589ed18c5ecbb73082'),(542,'/order/payments/','GET','','127.0.0.1','2025-02-05 20:46:47.403385','59b890b5c60f44589ed18c5ecbb73082'),(543,'/','GET','','127.0.0.1','2025-02-05 20:46:56.231741','59b890b5c60f44589ed18c5ecbb73082'),(544,'/order/payments/','GET','','127.0.0.1','2025-02-05 20:47:47.268717','59b890b5c60f44589ed18c5ecbb73082'),(545,'/','GET','','127.0.0.1','2025-03-06 22:43:52.155139',NULL),(546,'/order/creator/balance-history/','GET','','127.0.0.1','2025-03-06 22:44:07.927824',NULL),(547,'/','GET','','127.0.0.1','2025-03-06 22:44:25.049112',NULL),(548,'/auth/jwt/create/','GET','','127.0.0.1','2025-03-06 22:44:35.769656',NULL),(549,'/auth/jwt/create/','POST','','127.0.0.1','2025-03-06 22:44:49.129428',NULL),(550,'/order/creator/balance-history/','GET','','127.0.0.1','2025-03-06 22:45:20.909358',NULL),(551,'/auth/jwt/create/','POST','','127.0.0.1','2025-03-06 22:50:01.377371',NULL),(552,'/order/creator/balance-history/','GET','','127.0.0.1','2025-03-06 22:50:23.336997',NULL),(553,'/order/creator/balance-history/','GET','','127.0.0.1','2025-03-06 22:51:05.507869',NULL),(554,'/auth/jwt/create/','POST','','127.0.0.1','2025-03-06 22:55:43.121285',NULL),(555,'/order/creator/balance-history/','GET','','127.0.0.1','2025-03-06 22:56:09.266744',NULL),(556,'/order/creator/balance-history/','GET','','127.0.0.1','2025-03-06 22:56:46.588130',NULL),(557,'/','GET','','127.0.0.1','2025-03-09 21:59:28.289607',NULL),(558,'/admin','GET','','127.0.0.1','2025-03-09 21:59:34.742699',NULL),(559,'/','GET','','127.0.0.1','2025-03-09 22:01:46.858563','59b890b5c60f44589ed18c5ecbb73082'),(560,'/users/','GET','','127.0.0.1','2025-03-09 22:02:30.270480','59b890b5c60f44589ed18c5ecbb73082'),(561,'/auth/users/','GET','','127.0.0.1','2025-03-09 22:02:34.680767','59b890b5c60f44589ed18c5ecbb73082'),(562,'/auth/brands/','GET','','127.0.0.1','2025-03-09 22:02:53.631266','59b890b5c60f44589ed18c5ecbb73082'),(563,'/auth/brands/','GET','','127.0.0.1','2025-03-09 22:25:59.946850','59b890b5c60f44589ed18c5ecbb73082'),(564,'/users/brands/','GET','','127.0.0.1','2025-03-09 22:26:05.904708','59b890b5c60f44589ed18c5ecbb73082'),(565,'/users/brands/me','GET','','127.0.0.1','2025-03-09 22:26:14.161664','59b890b5c60f44589ed18c5ecbb73082'),(566,'/users/brands/me/','GET','','127.0.0.1','2025-03-09 22:26:14.293510','59b890b5c60f44589ed18c5ecbb73082'),(567,'/users/brands/me/','GET','','127.0.0.1','2025-03-09 22:30:40.736947','59b890b5c60f44589ed18c5ecbb73082'),(568,'/users/brands/me/','GET','','127.0.0.1','2025-03-09 22:32:16.388718','59b890b5c60f44589ed18c5ecbb73082'),(569,'/users/brands/me/','GET','','127.0.0.1','2025-03-09 22:38:26.647147','59b890b5c60f44589ed18c5ecbb73082'),(570,'/users/brands/me/','GET','','127.0.0.1','2025-03-09 22:54:26.942072','59b890b5c60f44589ed18c5ecbb73082'),(571,'/users/brands/signup/','GET','','127.0.0.1','2025-03-09 22:55:40.492070','59b890b5c60f44589ed18c5ecbb73082'),(572,'/users/','GET','','127.0.0.1','2025-03-09 22:56:09.623096','59b890b5c60f44589ed18c5ecbb73082'),(573,'/users/creators/','GET','','127.0.0.1','2025-03-09 22:56:22.001408','59b890b5c60f44589ed18c5ecbb73082'),(574,'/users/creators/','GET','','127.0.0.1','2025-03-09 22:56:27.766291','59b890b5c60f44589ed18c5ecbb73082'),(575,'/users/creators//','GET','','127.0.0.1','2025-03-09 22:56:27.923204','59b890b5c60f44589ed18c5ecbb73082'),(576,'/users/creators/me/','GET','','127.0.0.1','2025-03-09 22:56:38.912165','59b890b5c60f44589ed18c5ecbb73082'),(577,'/auth/jwt/create/','GET','','127.0.0.1','2025-03-09 22:58:29.626798','59b890b5c60f44589ed18c5ecbb73082'),(578,'/auth/jwt/create/','POST','','127.0.0.1','2025-03-09 22:58:37.864575','59b890b5c60f44589ed18c5ecbb73082'),(579,'/users/creators/me/','GET','','127.0.0.1','2025-03-09 22:59:02.339725','59b890b5c60f44589ed18c5ecbb73082'),(580,'/users/creators/signup/','GET','','127.0.0.1','2025-03-09 22:59:21.121719','59b890b5c60f44589ed18c5ecbb73082'),(581,'/','GET','','127.0.0.1','2025-03-09 23:55:00.143053','59b890b5c60f44589ed18c5ecbb73082'),(582,'/order/purchases/','GET','','127.0.0.1','2025-03-09 23:55:11.556123','59b890b5c60f44589ed18c5ecbb73082'),(583,'/order/purchases/','GET','','127.0.0.1','2025-03-09 23:56:16.949228','59b890b5c60f44589ed18c5ecbb73082'),(584,'/order/purchases/','GET','','127.0.0.1','2025-03-10 00:00:05.131437','59b890b5c60f44589ed18c5ecbb73082'),(585,'/order/purchases/','GET','','127.0.0.1','2025-03-10 00:00:25.362235','59b890b5c60f44589ed18c5ecbb73082'),(586,'/order/purchases/','GET','','127.0.0.1','2025-03-10 00:01:03.156097','59b890b5c60f44589ed18c5ecbb73082'),(587,'/admin','GET','','127.0.0.1','2025-03-10 00:01:20.208110','59b890b5c60f44589ed18c5ecbb73082'),(588,'/auth/jwt/create/','GET','','127.0.0.1','2025-03-10 00:02:05.240224','59b890b5c60f44589ed18c5ecbb73082'),(589,'/auth/jwt/create/','POST','','127.0.0.1','2025-03-10 00:02:15.529385','59b890b5c60f44589ed18c5ecbb73082'),(590,'/order/purchases/','GET','','127.0.0.1','2025-03-10 00:02:41.798144','59b890b5c60f44589ed18c5ecbb73082'),(591,'/order/purchases/','GET','ordering=status','127.0.0.1','2025-03-10 00:03:59.842335','59b890b5c60f44589ed18c5ecbb73082'),(592,'/','GET','','127.0.0.1','2025-03-10 00:06:51.412912','59b890b5c60f44589ed18c5ecbb73082'),(593,'/order/orders/','GET','','127.0.0.1','2025-03-10 00:06:59.531580','59b890b5c60f44589ed18c5ecbb73082'),(594,'/order/incoming-requests/','GET','','127.0.0.1','2025-03-10 00:07:07.401919','59b890b5c60f44589ed18c5ecbb73082'),(595,'/','GET','','127.0.0.1','2025-03-10 22:37:44.347966','59b890b5c60f44589ed18c5ecbb73082'),(596,'/service/services','GET','','127.0.0.1','2025-03-10 22:38:00.803966','59b890b5c60f44589ed18c5ecbb73082'),(597,'/service/services/','GET','','127.0.0.1','2025-03-10 22:38:00.979963','59b890b5c60f44589ed18c5ecbb73082'),(598,'/','GET','','127.0.0.1','2025-03-10 22:38:08.885714','59b890b5c60f44589ed18c5ecbb73082'),(599,'/service/service-videos/','GET','','127.0.0.1','2025-03-10 22:38:52.909932','59b890b5c60f44589ed18c5ecbb73082'),(600,'/service/','GET','','127.0.0.1','2025-03-10 22:38:55.278108','59b890b5c60f44589ed18c5ecbb73082'),(601,'/service/contents/','GET','','127.0.0.1','2025-03-10 22:38:57.426436','59b890b5c60f44589ed18c5ecbb73082'),(602,'/service/contents/','GET','','127.0.0.1','2025-03-10 22:42:28.966241','59b890b5c60f44589ed18c5ecbb73082'),(603,'/service/contents/platform/Instagram/','GET','','127.0.0.1','2025-03-10 22:44:46.314147','59b890b5c60f44589ed18c5ecbb73082'),(604,'/service/contents/recently-added/','GET','','127.0.0.1','2025-03-10 22:46:14.111223','59b890b5c60f44589ed18c5ecbb73082'),(605,'/service/contents/portfolio/','GET','','127.0.0.1','2025-03-10 22:47:01.438555','59b890b5c60f44589ed18c5ecbb73082'),(606,'/service/contents/portfolio/add-to-portfolio/','GET','','127.0.0.1','2025-03-10 22:47:05.555032','59b890b5c60f44589ed18c5ecbb73082'),(607,'/service/contents/portfolio/remove-from-portfolio/','GET','','127.0.0.1','2025-03-10 22:47:13.983431','59b890b5c60f44589ed18c5ecbb73082'),(608,'/service/contents/portfolio/add-to-portfolio/','GET','','127.0.0.1','2025-03-10 22:54:30.612590','59b890b5c60f44589ed18c5ecbb73082'),(609,'/service/contents/portfolio/remove-from-portfolio/','GET','','127.0.0.1','2025-03-10 22:55:13.403095','59b890b5c60f44589ed18c5ecbb73082'),(610,'/service/contents/portfolio/defb1c62-3813-4365-97f9-475f9f55d4a6','GET','','127.0.0.1','2025-03-10 23:06:43.688535','59b890b5c60f44589ed18c5ecbb73082'),(611,'/service/contents/portfolio/defb1c62-3813-4365-97f9-475f9f55d4a6/','GET','','127.0.0.1','2025-03-10 23:06:43.865542','59b890b5c60f44589ed18c5ecbb73082'),(612,'/service/contents/portfolio/defb1c62-3813-4365-97f9-475f9f55d4a6/','GET','','127.0.0.1','2025-03-10 23:08:31.947846','59b890b5c60f44589ed18c5ecbb73082'),(613,'/service/contents/portfolio/m','GET','','127.0.0.1','2025-03-10 23:08:44.570292','59b890b5c60f44589ed18c5ecbb73082'),(614,'/service/contents/portfolio/m/','GET','','127.0.0.1','2025-03-10 23:08:44.711282','59b890b5c60f44589ed18c5ecbb73082'),(615,'/service/contents/port','GET','','127.0.0.1','2025-03-10 23:08:51.448867','59b890b5c60f44589ed18c5ecbb73082'),(616,'/service/contents/port/','GET','','127.0.0.1','2025-03-10 23:08:51.565877','59b890b5c60f44589ed18c5ecbb73082'),(617,'/service/contents/dkas;oklenf/','GET','','127.0.0.1','2025-03-10 23:08:58.872118','59b890b5c60f44589ed18c5ecbb73082'),(618,'/service/cf/','GET','','127.0.0.1','2025-03-10 23:09:05.442560','59b890b5c60f44589ed18c5ecbb73082'),(619,'/service/contents/28aab4ca-fe8d-4708-8348-93819a652225/','GET','','127.0.0.1','2025-03-10 23:09:56.295457','59b890b5c60f44589ed18c5ecbb73082'),(620,'/service/contents/28aab4ca-fe8d-4708-8348-93819a652225/add-to-portfolio/','GET','','127.0.0.1','2025-03-10 23:10:24.066144','59b890b5c60f44589ed18c5ecbb73082'),(621,'/','GET','','127.0.0.1','2025-03-11 00:03:59.468470','59b890b5c60f44589ed18c5ecbb73082'),(622,'/order/incoming-requests','GET','','127.0.0.1','2025-03-11 00:04:07.994741','59b890b5c60f44589ed18c5ecbb73082'),(623,'/order/incoming-requests/','GET','','127.0.0.1','2025-03-11 00:04:08.071569','59b890b5c60f44589ed18c5ecbb73082'),(624,'/','GET','','127.0.0.1','2025-03-11 00:04:19.528311','59b890b5c60f44589ed18c5ecbb73082'),(625,'/order/incoming-requests/','GET','','127.0.0.1','2025-03-11 00:29:29.218285','59b890b5c60f44589ed18c5ecbb73082'),(626,'/order/incoming-requests/','GET','','127.0.0.1','2025-03-11 00:29:30.514451','59b890b5c60f44589ed18c5ecbb73082'),(627,'/auth/jwt/create/','GET','','127.0.0.1','2025-03-11 00:29:52.524465','59b890b5c60f44589ed18c5ecbb73082'),(628,'/auth/jwt/create/','POST','','127.0.0.1','2025-03-11 00:30:02.250548','59b890b5c60f44589ed18c5ecbb73082'),(629,'/order/incoming-requests/','GET','','127.0.0.1','2025-03-11 00:30:22.820129','59b890b5c60f44589ed18c5ecbb73082'),(630,'/auth/jwt/create/','GET','','127.0.0.1','2025-03-11 00:30:32.963036','59b890b5c60f44589ed18c5ecbb73082'),(631,'/auth/jwt/create/','GET','','127.0.0.1','2025-03-11 00:31:57.413009','59b890b5c60f44589ed18c5ecbb73082'),(632,'/auth/jwt/create/','POST','','127.0.0.1','2025-03-11 00:32:06.182346','59b890b5c60f44589ed18c5ecbb73082'),(633,'/order/incoming-requests/','GET','','127.0.0.1','2025-03-11 00:32:29.484699','59b890b5c60f44589ed18c5ecbb73082'),(634,'/','GET','','127.0.0.1','2025-03-11 22:23:18.806591','59b890b5c60f44589ed18c5ecbb73082'),(635,'/order/purchases/','GET','','127.0.0.1','2025-03-11 22:23:29.665114','59b890b5c60f44589ed18c5ecbb73082'),(636,'/order/purchases/','GET','','127.0.0.1','2025-03-11 22:24:40.956760','59b890b5c60f44589ed18c5ecbb73082'),(637,'/','GET','','127.0.0.1','2025-03-11 22:24:48.997130','59b890b5c60f44589ed18c5ecbb73082'),(638,'/auth/jwt/create/','GET','','127.0.0.1','2025-03-11 22:25:08.784328','59b890b5c60f44589ed18c5ecbb73082'),(639,'/auth/jwt/create/','GET','','127.0.0.1','2025-03-11 22:25:09.884330','59b890b5c60f44589ed18c5ecbb73082'),(640,'/auth/jwt/create/','POST','','127.0.0.1','2025-03-11 22:25:19.188886','59b890b5c60f44589ed18c5ecbb73082'),(641,'/order/purchases/','GET','','127.0.0.1','2025-03-11 22:25:42.859581','59b890b5c60f44589ed18c5ecbb73082'),(642,'/auth/jwt/create/','POST','','127.0.0.1','2025-03-11 22:34:34.492782','59b890b5c60f44589ed18c5ecbb73082'),(643,'/order/purchases/','GET','','127.0.0.1','2025-03-11 22:35:02.208115','59b890b5c60f44589ed18c5ecbb73082'),(644,'/','GET','','127.0.0.1','2025-03-13 22:26:27.340701','59b890b5c60f44589ed18c5ecbb73082'),(645,'/','GET','','127.0.0.1','2025-03-13 23:09:54.170682','59b890b5c60f44589ed18c5ecbb73082'),(646,'/order/payments','GET','','127.0.0.1','2025-03-13 23:10:03.542077','59b890b5c60f44589ed18c5ecbb73082'),(647,'/order/payments/','GET','','127.0.0.1','2025-03-13 23:10:03.723090','59b890b5c60f44589ed18c5ecbb73082'),(648,'/order/payments/','GET','','127.0.0.1','2025-03-13 23:12:02.902103','59b890b5c60f44589ed18c5ecbb73082'),(649,'/order/payments/','GET','','127.0.0.1','2025-03-13 23:13:04.954925','59b890b5c60f44589ed18c5ecbb73082'),(650,'/','GET','','127.0.0.1','2025-03-13 23:39:58.017434','59b890b5c60f44589ed18c5ecbb73082'),(651,'/order/payments/','GET','','127.0.0.1','2025-03-13 23:40:01.336635','59b890b5c60f44589ed18c5ecbb73082'),(652,'/order/payments/','GET','','127.0.0.1','2025-03-13 23:40:52.447526','59b890b5c60f44589ed18c5ecbb73082'),(653,'/order/payments/','GET','','127.0.0.1','2025-03-13 23:41:28.896157','59b890b5c60f44589ed18c5ecbb73082'),(654,'/order/payments/','GET','','127.0.0.1','2025-03-13 23:42:15.724053','59b890b5c60f44589ed18c5ecbb73082'),(655,'/order/payments/','GET','','127.0.0.1','2025-03-13 23:42:15.963059','59b890b5c60f44589ed18c5ecbb73082'),(656,'/order/payments/','GET','','127.0.0.1','2025-03-13 23:46:14.660020','59b890b5c60f44589ed18c5ecbb73082'),(657,'/order/payments/','GET','','127.0.0.1','2025-03-13 23:46:15.267882','59b890b5c60f44589ed18c5ecbb73082'),(658,'/','GET','','127.0.0.1','2025-03-13 23:55:06.185897','59b890b5c60f44589ed18c5ecbb73082'),(659,'/order/payments/','GET','','127.0.0.1','2025-03-13 23:55:18.584419','59b890b5c60f44589ed18c5ecbb73082'),(660,'/','GET','','127.0.0.1','2025-03-13 23:55:29.814185','59b890b5c60f44589ed18c5ecbb73082'),(661,'/order/payments/','GET','','127.0.0.1','2025-03-13 23:56:30.966889','59b890b5c60f44589ed18c5ecbb73082'),(662,'/order/payments/','POST','','127.0.0.1','2025-03-13 23:56:37.377958','59b890b5c60f44589ed18c5ecbb73082'),(663,'/','GET','','127.0.0.1','2025-03-14 22:47:44.990055','59b890b5c60f44589ed18c5ecbb73082'),(664,'/order/creator/balance-history','GET','','127.0.0.1','2025-03-14 22:48:03.848239','59b890b5c60f44589ed18c5ecbb73082'),(665,'/','GET','','127.0.0.1','2025-03-14 22:48:16.552366','59b890b5c60f44589ed18c5ecbb73082'),(666,'/order/creator/balance-history/defb1c62-3813-4365-97f9-475f9f55d4a6','GET','','127.0.0.1','2025-03-14 22:48:42.867996','59b890b5c60f44589ed18c5ecbb73082'),(667,'/order/creator/balance-history/defb1c62-3813-4365-97f9-475f9f55d4a6/','GET','','127.0.0.1','2025-03-14 22:48:43.006988','59b890b5c60f44589ed18c5ecbb73082'),(668,'/order/creator/balance-history/defb1c62-3813-4365-97f9-475f9f55d4a6/','GET','','127.0.0.1','2025-03-14 22:50:21.323726','59b890b5c60f44589ed18c5ecbb73082'),(669,'/order/creator/balance-history/defb1c62-3813-4365-97f9-475f9f55d4a6/','GET','','127.0.0.1','2025-03-14 22:52:43.297874','59b890b5c60f44589ed18c5ecbb73082'),(670,'/order/creator/balance-history/defb1c62-3813-4365-97f9-475f9f55d4a6/','GET','','127.0.0.1','2025-03-14 22:53:17.181506','59b890b5c60f44589ed18c5ecbb73082'),(671,'/order/creator/balance-history/defb1c62-3813-4365-97f9-475f9f55d4a6/','GET','','127.0.0.1','2025-03-14 23:06:59.580866','59b890b5c60f44589ed18c5ecbb73082'),(672,'/order/creator/balance-history/defb1c62-3813-4365-97f9-475f9f55d4a6/','GET','','127.0.0.1','2025-03-14 23:13:28.021454','59b890b5c60f44589ed18c5ecbb73082'),(673,'/order/creator/balance-history/defb1c62-3813-4365-97f9-475f9f55d4a6/','GET','','127.0.0.1','2025-03-14 23:13:56.284040','59b890b5c60f44589ed18c5ecbb73082'),(674,'/','GET','','127.0.0.1','2025-03-14 23:44:15.074245','59b890b5c60f44589ed18c5ecbb73082'),(675,'/service/contents/','GET','','127.0.0.1','2025-03-14 23:44:24.256236','59b890b5c60f44589ed18c5ecbb73082'),(676,'/service/','GET','','127.0.0.1','2025-03-14 23:44:27.956606','59b890b5c60f44589ed18c5ecbb73082'),(677,'/service/services/','GET','','127.0.0.1','2025-03-14 23:44:29.898449','59b890b5c60f44589ed18c5ecbb73082'),(678,'/','GET','','127.0.0.1','2025-03-14 23:44:41.009708','59b890b5c60f44589ed18c5ecbb73082'),(679,'/auth/jwt/create/','GET','','127.0.0.1','2025-03-14 23:45:04.651108','59b890b5c60f44589ed18c5ecbb73082'),(680,'/auth/jwt/create/','GET','','127.0.0.1','2025-03-14 23:45:05.550843','59b890b5c60f44589ed18c5ecbb73082'),(681,'/auth/jwt/create/','POST','','127.0.0.1','2025-03-14 23:45:15.155319','59b890b5c60f44589ed18c5ecbb73082'),(682,'/service/services/','GET','','127.0.0.1','2025-03-14 23:45:39.488636','59b890b5c60f44589ed18c5ecbb73082'),(683,'/service/','GET','','127.0.0.1','2025-03-14 23:45:48.414621','59b890b5c60f44589ed18c5ecbb73082'),(684,'/service/service-videos/','GET','','127.0.0.1','2025-03-14 23:45:50.843406','59b890b5c60f44589ed18c5ecbb73082'),(685,'/service/','GET','','127.0.0.1','2025-03-14 23:45:58.293414','59b890b5c60f44589ed18c5ecbb73082'),(686,'/service/categories/','GET','','127.0.0.1','2025-03-14 23:46:00.060886','59b890b5c60f44589ed18c5ecbb73082'),(687,'/service/','GET','','127.0.0.1','2025-03-14 23:46:03.151527','59b890b5c60f44589ed18c5ecbb73082'),(688,'/service/contents/','GET','','127.0.0.1','2025-03-14 23:46:04.828292','59b890b5c60f44589ed18c5ecbb73082'),(689,'/service/contents/','GET','','127.0.0.1','2025-03-14 23:46:43.263171','59b890b5c60f44589ed18c5ecbb73082'),(690,'/revi','GET','','127.0.0.1','2025-03-14 23:47:45.612383','59b890b5c60f44589ed18c5ecbb73082'),(691,'/revi','GET','','127.0.0.1','2025-03-14 23:48:38.881091','59b890b5c60f44589ed18c5ecbb73082'),(692,'/','GET','','127.0.0.1','2025-03-14 23:48:45.487170','59b890b5c60f44589ed18c5ecbb73082'),(693,'/reviews','GET','','127.0.0.1','2025-03-14 23:48:54.439316','59b890b5c60f44589ed18c5ecbb73082'),(694,'/reviews/','GET','','127.0.0.1','2025-03-14 23:48:54.522551','59b890b5c60f44589ed18c5ecbb73082'),(695,'/reviews/','GET','','127.0.0.1','2025-03-14 23:49:49.683483','59b890b5c60f44589ed18c5ecbb73082'),(696,'/reviews/','GET','','127.0.0.1','2025-03-14 23:49:49.884477','59b890b5c60f44589ed18c5ecbb73082'),(697,'/users/','GET','','127.0.0.1','2025-03-14 23:52:40.044915','59b890b5c60f44589ed18c5ecbb73082'),(698,'/users/creators/me/','GET','','127.0.0.1','2025-03-14 23:52:46.907135','59b890b5c60f44589ed18c5ecbb73082'),(699,'/users/creators/signup/','GET','','127.0.0.1','2025-03-14 23:53:20.422134','59b890b5c60f44589ed18c5ecbb73082'),(700,'/','GET','','127.0.0.1','2025-03-15 21:37:34.937334','59b890b5c60f44589ed18c5ecbb73082'),(701,'/order/cart/','GET','','127.0.0.1','2025-03-15 21:37:47.783006','59b890b5c60f44589ed18c5ecbb73082'),(702,'/order/cart/','GET','','127.0.0.1','2025-03-15 22:01:12.828597','59b890b5c60f44589ed18c5ecbb73082'),(703,'/','GET','','127.0.0.1','2025-03-15 22:05:12.689151','59b890b5c60f44589ed18c5ecbb73082'),(704,'/order/cart/','GET','','127.0.0.1','2025-03-15 22:05:26.131703','59b890b5c60f44589ed18c5ecbb73082'),(705,'/order/','GET','','127.0.0.1','2025-03-15 22:13:42.935937','59b890b5c60f44589ed18c5ecbb73082'),(706,'/order/cart/items/','GET','','127.0.0.1','2025-03-15 22:13:48.187601','59b890b5c60f44589ed18c5ecbb73082'),(707,'/order/cart/','GET','','127.0.0.1','2025-03-15 22:14:04.458094','59b890b5c60f44589ed18c5ecbb73082'),(708,'/','GET','','127.0.0.1','2025-03-15 22:17:23.160553','59b890b5c60f44589ed18c5ecbb73082'),(709,'/order/cart/','GET','','127.0.0.1','2025-03-15 22:17:38.141489','59b890b5c60f44589ed18c5ecbb73082'),(710,'/order/cart/','GET','','127.0.0.1','2025-03-15 22:17:38.709300','59b890b5c60f44589ed18c5ecbb73082'),(711,'/order/cart/','GET','','127.0.0.1','2025-03-15 22:18:23.563387','59b890b5c60f44589ed18c5ecbb73082'),(712,'/','GET','','127.0.0.1','2025-03-15 22:18:36.290131','59b890b5c60f44589ed18c5ecbb73082'),(713,'/','GET','','127.0.0.1','2025-03-15 22:21:31.056769','59b890b5c60f44589ed18c5ecbb73082'),(714,'/auth/jwt/create/','GET','','127.0.0.1','2025-03-15 22:21:38.699726','59b890b5c60f44589ed18c5ecbb73082'),(715,'/auth/jwt/create/','GET','','127.0.0.1','2025-03-15 22:21:39.573841','59b890b5c60f44589ed18c5ecbb73082'),(716,'/auth/jwt/create/','POST','','127.0.0.1','2025-03-15 22:21:48.607501','59b890b5c60f44589ed18c5ecbb73082'),(717,'/order/cart/','GET','','127.0.0.1','2025-03-15 22:22:11.377104','59b890b5c60f44589ed18c5ecbb73082'),(718,'/order/cart/','GET','','127.0.0.1','2025-03-15 22:22:23.160835','59b890b5c60f44589ed18c5ecbb73082'),(719,'/order/cart/','GET','','127.0.0.1','2025-03-15 22:27:29.494274','59b890b5c60f44589ed18c5ecbb73082'),(720,'/','GET','','127.0.0.1','2025-03-15 22:28:17.290183','59b890b5c60f44589ed18c5ecbb73082'),(721,'/order/cart/','GET','','127.0.0.1','2025-03-15 22:28:31.657962','59b890b5c60f44589ed18c5ecbb73082'),(722,'/order/cart/','GET','','127.0.0.1','2025-03-15 22:28:31.992133','59b890b5c60f44589ed18c5ecbb73082'),(723,'/order/cart/clear','GET','','127.0.0.1','2025-03-15 22:28:54.991399','59b890b5c60f44589ed18c5ecbb73082'),(724,'/order/cart/clear/','GET','','127.0.0.1','2025-03-15 22:28:55.262398','59b890b5c60f44589ed18c5ecbb73082'),(725,'/order/cart/','GET','','127.0.0.1','2025-03-15 22:30:19.696290','59b890b5c60f44589ed18c5ecbb73082'),(726,'/order/cart/','GET','','127.0.0.1','2025-03-15 22:30:21.258318','59b890b5c60f44589ed18c5ecbb73082'),(727,'/order/cart/','GET','','127.0.0.1','2025-03-15 22:30:22.178322','59b890b5c60f44589ed18c5ecbb73082'),(728,'/order/cart/','GET','','127.0.0.1','2025-03-15 22:30:22.502584','59b890b5c60f44589ed18c5ecbb73082'),(729,'/order/cart/','GET','','127.0.0.1','2025-03-15 22:30:22.842687','59b890b5c60f44589ed18c5ecbb73082'),(730,'/order/cart/','GET','','127.0.0.1','2025-03-15 22:31:46.427609','59b890b5c60f44589ed18c5ecbb73082'),(731,'/auth/jwt/create/','POST','','127.0.0.1','2025-03-15 22:31:53.014602','59b890b5c60f44589ed18c5ecbb73082'),(732,'/order/cart/','GET','','127.0.0.1','2025-03-15 22:32:14.666190','59b890b5c60f44589ed18c5ecbb73082'),(733,'/auth/jwt/create/','POST','','127.0.0.1','2025-03-15 22:42:35.021782','59b890b5c60f44589ed18c5ecbb73082'),(734,'/order/cart/','GET','','127.0.0.1','2025-03-15 22:42:53.174364','59b890b5c60f44589ed18c5ecbb73082'),(735,'/order/cart/','GET','','127.0.0.1','2025-03-15 22:44:46.873935','59b890b5c60f44589ed18c5ecbb73082'),(736,'/order/cart/','GET','','127.0.0.1','2025-03-15 22:50:50.952289','59b890b5c60f44589ed18c5ecbb73082'),(737,'/order/cart/','GET','','127.0.0.1','2025-03-15 22:52:47.935121','59b890b5c60f44589ed18c5ecbb73082'),(738,'/order/cart/','GET','','127.0.0.1','2025-03-15 22:56:13.346652','59b890b5c60f44589ed18c5ecbb73082'),(739,'/order/cart/','GET','','127.0.0.1','2025-03-15 22:56:34.712574','59b890b5c60f44589ed18c5ecbb73082'),(740,'/order/cart/','GET','','127.0.0.1','2025-03-15 23:03:15.498409','59b890b5c60f44589ed18c5ecbb73082'),(741,'/auth/jwt/create/','POST','','127.0.0.1','2025-03-15 23:03:20.022769','59b890b5c60f44589ed18c5ecbb73082'),(742,'/order/cart/','GET','','127.0.0.1','2025-03-15 23:03:48.398373','59b890b5c60f44589ed18c5ecbb73082'),(743,'/order/cart/items','GET','','127.0.0.1','2025-03-15 23:04:03.583794','59b890b5c60f44589ed18c5ecbb73082'),(744,'/order/cart/items/','GET','','127.0.0.1','2025-03-15 23:04:03.719788','59b890b5c60f44589ed18c5ecbb73082'),(745,'/order/cart/items/add/','GET','','127.0.0.1','2025-03-15 23:04:30.276570','59b890b5c60f44589ed18c5ecbb73082'),(746,'/order/cart/items/add/','GET','','127.0.0.1','2025-03-15 23:09:13.255036','59b890b5c60f44589ed18c5ecbb73082'),(747,'/order/cart/items/add/','GET','','127.0.0.1','2025-03-15 23:09:34.654571','59b890b5c60f44589ed18c5ecbb73082'),(748,'/order/cart/items/remove/','GET','','127.0.0.1','2025-03-15 23:16:45.039180','59b890b5c60f44589ed18c5ecbb73082'),(749,'/order/cart/items/remo/','GET','','127.0.0.1','2025-03-15 23:16:58.951006','59b890b5c60f44589ed18c5ecbb73082'),(750,'/order/cart/items/remo/','GET','','127.0.0.1','2025-03-15 23:17:08.829167','59b890b5c60f44589ed18c5ecbb73082'),(751,'/order/cart/items/remove/','GET','','127.0.0.1','2025-03-15 23:17:20.492301','59b890b5c60f44589ed18c5ecbb73082'),(752,'/order/cart/items/remove/remove/','GET','','127.0.0.1','2025-03-15 23:17:24.342080','59b890b5c60f44589ed18c5ecbb73082'),(753,'/order/cart/items/b8d80f53-2b25-4be8-91dd-0535c04387f6/','GET','','127.0.0.1','2025-03-15 23:18:11.310146','59b890b5c60f44589ed18c5ecbb73082'),(754,'/order/cart/items/b8d80f53-2b25-4be8-91dd-0535c04387f6/remove/','GET','','127.0.0.1','2025-03-15 23:18:18.252263','59b890b5c60f44589ed18c5ecbb73082'),(755,'/','GET','','127.0.0.1','2025-03-15 23:37:04.666651','59b890b5c60f44589ed18c5ecbb73082'),(756,'/order/payments/','GET','','127.0.0.1','2025-03-15 23:37:14.010386','59b890b5c60f44589ed18c5ecbb73082'),(757,'/order/','GET','','127.0.0.1','2025-03-16 00:31:14.077943','59b890b5c60f44589ed18c5ecbb73082'),(758,'/order/purchases/','GET','','127.0.0.1','2025-03-16 00:31:17.548011','59b890b5c60f44589ed18c5ecbb73082'),(759,'/auth/jwt/create/','GET','','127.0.0.1','2025-03-16 00:31:33.205090','59b890b5c60f44589ed18c5ecbb73082'),(760,'/auth/jwt/create/','POST','','127.0.0.1','2025-03-16 00:31:42.790799','59b890b5c60f44589ed18c5ecbb73082'),(761,'/order/purchases/','GET','','127.0.0.1','2025-03-16 00:32:06.763494','59b890b5c60f44589ed18c5ecbb73082'),(762,'/order/','GET','','127.0.0.1','2025-03-16 00:37:00.193565','59b890b5c60f44589ed18c5ecbb73082'),(763,'/order/incoming-requests/','GET','','127.0.0.1','2025-03-16 00:37:02.683395','59b890b5c60f44589ed18c5ecbb73082'),(764,'/order/payments/','GET','','127.0.0.1','2025-03-16 00:37:07.740338','59b890b5c60f44589ed18c5ecbb73082'),(765,'/order/cart/items/','GET','','127.0.0.1','2025-03-16 00:37:11.661516','59b890b5c60f44589ed18c5ecbb73082'),(766,'/','GET','','127.0.0.1','2025-03-16 21:47:37.558675','59b890b5c60f44589ed18c5ecbb73082'),(767,'/service/contents/','GET','','127.0.0.1','2025-03-16 21:47:58.953328','59b890b5c60f44589ed18c5ecbb73082'),(768,'/service/contents/','GET','platform=Youtube&ugc_type=&creator__user__gender=&service__voice_over=&service__face_appearing=','127.0.0.1','2025-03-16 21:49:25.567337','59b890b5c60f44589ed18c5ecbb73082'),(769,'/service/contents/recently-added/','GET','','127.0.0.1','2025-03-16 21:50:53.220576','59b890b5c60f44589ed18c5ecbb73082'),(770,'/service/','GET','','127.0.0.1','2025-03-16 21:51:42.342433','59b890b5c60f44589ed18c5ecbb73082'),(771,'/service/','GET','','127.0.0.1','2025-03-16 21:51:46.609891','59b890b5c60f44589ed18c5ecbb73082'),(772,'/service/portfolio','GET','','127.0.0.1','2025-03-16 21:52:27.759666','59b890b5c60f44589ed18c5ecbb73082'),(773,'/reviews/','GET','','127.0.0.1','2025-03-16 21:54:09.650868','59b890b5c60f44589ed18c5ecbb73082'),(774,'/reviews/','GET','','127.0.0.1','2025-03-16 21:54:27.283539','59b890b5c60f44589ed18c5ecbb73082'),(775,'/order','GET','','127.0.0.1','2025-03-16 21:57:34.584398','59b890b5c60f44589ed18c5ecbb73082'),(776,'/order/','GET','','127.0.0.1','2025-03-16 21:57:34.763412','59b890b5c60f44589ed18c5ecbb73082'),(777,'/order/incoming-requests/','GET','','127.0.0.1','2025-03-16 21:57:47.827138','59b890b5c60f44589ed18c5ecbb73082'),(778,'/auth/jwt/create/','GET','','127.0.0.1','2025-03-16 21:58:18.307474','59b890b5c60f44589ed18c5ecbb73082'),(779,'/auth/jwt/create/','GET','','127.0.0.1','2025-03-16 21:58:19.086482','59b890b5c60f44589ed18c5ecbb73082'),(780,'/auth/jwt/create/','POST','','127.0.0.1','2025-03-16 21:58:27.031100','59b890b5c60f44589ed18c5ecbb73082'),(781,'/order/','GET','','127.0.0.1','2025-03-16 21:58:57.939527','59b890b5c60f44589ed18c5ecbb73082'),(782,'/order/purchases/','GET','','127.0.0.1','2025-03-16 21:59:00.672661','59b890b5c60f44589ed18c5ecbb73082'),(783,'/order/','GET','','127.0.0.1','2025-03-16 21:59:15.068049','59b890b5c60f44589ed18c5ecbb73082'),(784,'/order/incoming-requests/','GET','','127.0.0.1','2025-03-16 21:59:17.274633','59b890b5c60f44589ed18c5ecbb73082'),(785,'/auth/jwt/create/','POST','','127.0.0.1','2025-03-16 21:59:42.227628','59b890b5c60f44589ed18c5ecbb73082'),(786,'/order/incoming-requests/','GET','','127.0.0.1','2025-03-16 21:59:58.526234','59b890b5c60f44589ed18c5ecbb73082'),(787,'/','GET','','127.0.0.1','2025-03-16 22:11:28.487860','59b890b5c60f44589ed18c5ecbb73082'),(788,'/order/payments/','GET','','127.0.0.1','2025-03-16 22:11:35.251520','59b890b5c60f44589ed18c5ecbb73082'),(789,'/order/','GET','','127.0.0.1','2025-03-16 22:11:39.142035','59b890b5c60f44589ed18c5ecbb73082'),(790,'/order/purchases/','GET','','127.0.0.1','2025-03-16 22:11:41.168597','59b890b5c60f44589ed18c5ecbb73082'),(791,'/reviews/','GET','','127.0.0.1','2025-03-16 22:24:38.297014','59b890b5c60f44589ed18c5ecbb73082'),(792,'/auth/jwt/create/','POST','','127.0.0.1','2025-03-16 22:25:53.801339','59b890b5c60f44589ed18c5ecbb73082'),(793,'/reviews/','GET','','127.0.0.1','2025-03-16 22:26:17.397444','59b890b5c60f44589ed18c5ecbb73082'),(794,'/reviews/','GET','','127.0.0.1','2025-03-16 22:26:42.104619','59b890b5c60f44589ed18c5ecbb73082'),(795,'/','GET','','127.0.0.1','2025-03-16 23:52:37.947098','59b890b5c60f44589ed18c5ecbb73082'),(796,'/order/','GET','','127.0.0.1','2025-03-16 23:52:45.654757','59b890b5c60f44589ed18c5ecbb73082'),(797,'/order/payments/','GET','','127.0.0.1','2025-03-16 23:52:48.660008','59b890b5c60f44589ed18c5ecbb73082'),(798,'/order/cart/items/','GET','','127.0.0.1','2025-03-16 23:53:22.044921','59b890b5c60f44589ed18c5ecbb73082'),(799,'/order/cart/','GET','','127.0.0.1','2025-03-16 23:53:27.659614','59b890b5c60f44589ed18c5ecbb73082'),(800,'/auth/jwt/create/','GET','','127.0.0.1','2025-03-16 23:53:38.842033','59b890b5c60f44589ed18c5ecbb73082'),(801,'/auth/jwt/create/','GET','','127.0.0.1','2025-03-16 23:53:41.111321','59b890b5c60f44589ed18c5ecbb73082'),(802,'/auth/jwt/create/','POST','','127.0.0.1','2025-03-16 23:53:49.267384','59b890b5c60f44589ed18c5ecbb73082'),(803,'/order/cart/','GET','','127.0.0.1','2025-03-16 23:54:08.246427','59b890b5c60f44589ed18c5ecbb73082'),(804,'/order/cart/items/','GET','','127.0.0.1','2025-03-16 23:54:28.752156','59b890b5c60f44589ed18c5ecbb73082'),(805,'/order/cart/items/add/','GET','','127.0.0.1','2025-03-16 23:54:54.712058','59b890b5c60f44589ed18c5ecbb73082'),(806,'/','GET','','127.0.0.1','2025-03-17 21:08:00.553410','59b890b5c60f44589ed18c5ecbb73082'),(807,'/order/contents','GET','','127.0.0.1','2025-03-17 21:08:21.938569','59b890b5c60f44589ed18c5ecbb73082'),(808,'/service/contents/','GET','','127.0.0.1','2025-03-17 21:08:31.221696','59b890b5c60f44589ed18c5ecbb73082'),(809,'/service/contents/recently-added/','GET','','127.0.0.1','2025-03-17 21:08:37.087320','59b890b5c60f44589ed18c5ecbb73082'),(810,'/service/contents/28aab4ca-fe8d-4708-8348-93819a652225/','GET','','127.0.0.1','2025-03-17 21:09:19.697603','59b890b5c60f44589ed18c5ecbb73082'),(811,'/service/contents/28aab4ca-fe8d-4708-8348-93819a652225/add-to-portfolio/','GET','','127.0.0.1','2025-03-17 21:12:39.891665','59b890b5c60f44589ed18c5ecbb73082'),(812,'/service/contents/28aab4ca-fe8d-4708-8348-93819a652225/remove-from-portfolio/','GET','','127.0.0.1','2025-03-17 21:13:23.838960','59b890b5c60f44589ed18c5ecbb73082'),(813,'/auth/jwt/create/','GET','','127.0.0.1','2025-03-17 21:14:12.482581','59b890b5c60f44589ed18c5ecbb73082'),(814,'/auth/jwt/create/','GET','','127.0.0.1','2025-03-17 21:14:14.615839','59b890b5c60f44589ed18c5ecbb73082'),(815,'/auth/jwt/create/','POST','','127.0.0.1','2025-03-17 21:14:22.448994','59b890b5c60f44589ed18c5ecbb73082'),(816,'/service/contents/28aab4ca-fe8d-4708-8348-93819a652225/','GET','','127.0.0.1','2025-03-17 21:14:48.360574','59b890b5c60f44589ed18c5ecbb73082'),(817,'/service/contents/28aab4ca-fe8d-4708-8348-93819a652225/add-to-portfolio/','GET','','127.0.0.1','2025-03-17 21:14:53.568686','59b890b5c60f44589ed18c5ecbb73082'),(818,'/service/contents/28aab4ca-fe8d-4708-8348-93819a652225/remove-from-portfolio/','GET','','127.0.0.1','2025-03-17 21:15:10.147952','59b890b5c60f44589ed18c5ecbb73082'),(819,'/service/contents/28aab4ca-fe8d-4708-8348-93819a652225/remove-from-portfolio/','OPTIONS','','127.0.0.1','2025-03-17 21:15:13.704055','59b890b5c60f44589ed18c5ecbb73082'),(820,'/__debug__/history_sidebar/','GET','store_id=4036b3fad4d94d579479f3782c7fafd2','127.0.0.1','2025-03-17 21:15:14.032401','59b890b5c60f44589ed18c5ecbb73082'),(821,'/service/contents/28aab4ca-fe8d-4708-8348-93819a652225/','GET','','127.0.0.1','2025-03-17 21:15:34.544937','59b890b5c60f44589ed18c5ecbb73082'),(822,'/service/','GET','','127.0.0.1','2025-03-17 21:16:28.093810','59b890b5c60f44589ed18c5ecbb73082'),(823,'/service/services/','GET','','127.0.0.1','2025-03-17 21:16:30.345360','59b890b5c60f44589ed18c5ecbb73082'),(824,'/service/services/','GET','','127.0.0.1','2025-03-17 21:17:01.374685','59b890b5c60f44589ed18c5ecbb73082'),(825,'/service/services/','GET','','127.0.0.1','2025-03-17 21:18:15.734491','59b890b5c60f44589ed18c5ecbb73082'),(826,'/service/services/','GET','','127.0.0.1','2025-03-17 21:19:53.418038','59b890b5c60f44589ed18c5ecbb73082'),(827,'/service/services/add-video/','GET','','127.0.0.1','2025-03-17 21:20:00.029089','59b890b5c60f44589ed18c5ecbb73082'),(828,'/service/services/add-video/add-video/','GET','','127.0.0.1','2025-03-17 21:20:08.753671','59b890b5c60f44589ed18c5ecbb73082'),(829,'/service/services/','GET','','127.0.0.1','2025-03-17 21:20:25.262623','59b890b5c60f44589ed18c5ecbb73082'),(830,'/auth/jwt/create/','POST','','127.0.0.1','2025-03-17 21:20:54.708976','59b890b5c60f44589ed18c5ecbb73082'),(831,'/service/services/','GET','','127.0.0.1','2025-03-17 21:21:08.760595','59b890b5c60f44589ed18c5ecbb73082'),(832,'/service/services/add-video/','GET','','127.0.0.1','2025-03-17 21:21:17.254714','59b890b5c60f44589ed18c5ecbb73082'),(833,'/service/','GET','','127.0.0.1','2025-03-17 21:21:59.797298','59b890b5c60f44589ed18c5ecbb73082'),(834,'/service/service-videos/','GET','','127.0.0.1','2025-03-17 21:22:02.589546','59b890b5c60f44589ed18c5ecbb73082'),(835,'/service/services/','GET','','127.0.0.1','2025-03-17 21:23:40.000324','59b890b5c60f44589ed18c5ecbb73082'),(836,'/service/services/add-service','GET','','127.0.0.1','2025-03-17 21:23:48.989698','59b890b5c60f44589ed18c5ecbb73082'),(837,'/service/services/add-service/','GET','','127.0.0.1','2025-03-17 21:23:49.099699','59b890b5c60f44589ed18c5ecbb73082'),(838,'/service/services/add-service/','GET','','127.0.0.1','2025-03-17 21:24:22.522646','59b890b5c60f44589ed18c5ecbb73082'),(839,'/service/services/add-service/add-service/','GET','','127.0.0.1','2025-03-17 21:24:27.933321','59b890b5c60f44589ed18c5ecbb73082'),(840,'/service/services/','GET','','127.0.0.1','2025-03-17 21:24:57.179015','59b890b5c60f44589ed18c5ecbb73082'),(841,'/service/services/add-service/','GET','','127.0.0.1','2025-03-17 21:25:05.167501','59b890b5c60f44589ed18c5ecbb73082'),(842,'/service/services/add-service/add_service/','GET','','127.0.0.1','2025-03-17 21:25:08.417554','59b890b5c60f44589ed18c5ecbb73082'),(843,'/service/','GET','','127.0.0.1','2025-03-17 21:26:22.955137','59b890b5c60f44589ed18c5ecbb73082'),(844,'/service/categories/','GET','','127.0.0.1','2025-03-17 21:26:27.257058','59b890b5c60f44589ed18c5ecbb73082'),(845,'/reviews','GET','','127.0.0.1','2025-03-17 21:40:21.703910','59b890b5c60f44589ed18c5ecbb73082'),(846,'/reviews/','GET','','127.0.0.1','2025-03-17 21:40:21.834438','59b890b5c60f44589ed18c5ecbb73082'),(847,'/auth/jwt/create/','POST','','127.0.0.1','2025-03-17 21:41:14.360497','59b890b5c60f44589ed18c5ecbb73082'),(848,'/reviews/','GET','','127.0.0.1','2025-03-17 21:41:35.695194','59b890b5c60f44589ed18c5ecbb73082'),(849,'/ordder','GET','','127.0.0.1','2025-03-17 21:58:08.792482','59b890b5c60f44589ed18c5ecbb73082'),(850,'/order','GET','','127.0.0.1','2025-03-17 21:58:16.439958','59b890b5c60f44589ed18c5ecbb73082'),(851,'/order/','GET','','127.0.0.1','2025-03-17 21:58:16.530039','59b890b5c60f44589ed18c5ecbb73082'),(852,'/order/purchases/','GET','','127.0.0.1','2025-03-17 21:58:18.622748','59b890b5c60f44589ed18c5ecbb73082'),(853,'/order/purchases/','GET','','127.0.0.1','2025-03-17 21:59:55.435614','59b890b5c60f44589ed18c5ecbb73082'),(854,'/order/','GET','','127.0.0.1','2025-03-17 22:00:37.414518','59b890b5c60f44589ed18c5ecbb73082'),(855,'/order/incoming-requests/','GET','','127.0.0.1','2025-03-17 22:00:39.617052','59b890b5c60f44589ed18c5ecbb73082'),(856,'/auth/jwt/create/','POST','','127.0.0.1','2025-03-17 22:12:41.578923','59b890b5c60f44589ed18c5ecbb73082'),(857,'/order/incoming-requests/','GET','','127.0.0.1','2025-03-17 22:13:00.221186','59b890b5c60f44589ed18c5ecbb73082'),(858,'/order/','GET','','127.0.0.1','2025-03-17 22:13:33.496426','59b890b5c60f44589ed18c5ecbb73082'),(859,'/order/payments/','GET','','127.0.0.1','2025-03-17 22:13:35.694222','59b890b5c60f44589ed18c5ecbb73082'),(860,'/order/payments/','GET','','127.0.0.1','2025-03-17 22:13:42.615534','59b890b5c60f44589ed18c5ecbb73082'),(861,'/order/payments/','GET','','127.0.0.1','2025-03-17 22:17:17.612152','59b890b5c60f44589ed18c5ecbb73082'),(862,'/order/payments/','POST','','127.0.0.1','2025-03-17 22:17:29.882330','59b890b5c60f44589ed18c5ecbb73082'),(863,'/admin','GET','','127.0.0.1','2025-03-17 22:17:45.715420','59b890b5c60f44589ed18c5ecbb73082'),(864,'/order/payments/','GET','','127.0.0.1','2025-03-17 22:18:51.774355','59b890b5c60f44589ed18c5ecbb73082'),(865,'/order/','GET','','127.0.0.1','2025-03-17 22:19:16.435172','59b890b5c60f44589ed18c5ecbb73082'),(866,'/order/cart/items/','GET','','127.0.0.1','2025-03-17 22:19:18.536954','59b890b5c60f44589ed18c5ecbb73082'),(867,'/order/cart/','GET','','127.0.0.1','2025-03-17 22:19:26.476004','59b890b5c60f44589ed18c5ecbb73082'),(868,'/auth/jwt/create/','POST','','127.0.0.1','2025-03-17 22:19:40.256078','59b890b5c60f44589ed18c5ecbb73082'),(869,'/order/cart/','GET','','127.0.0.1','2025-03-17 22:19:57.675394','59b890b5c60f44589ed18c5ecbb73082'),(870,'/order/cart/','GET','','127.0.0.1','2025-03-17 22:20:06.270713','59b890b5c60f44589ed18c5ecbb73082'),(871,'/order/cart/','GET','','127.0.0.1','2025-03-17 22:20:12.074980','59b890b5c60f44589ed18c5ecbb73082'),(872,'/auth/jwt/create/','POST','','127.0.0.1','2025-03-17 22:20:48.435429','59b890b5c60f44589ed18c5ecbb73082'),(873,'/order/cart/','GET','','127.0.0.1','2025-03-17 22:21:04.555090','59b890b5c60f44589ed18c5ecbb73082'),(874,'/order/cart/clear/','GET','','127.0.0.1','2025-03-17 22:21:38.055723','59b890b5c60f44589ed18c5ecbb73082'),(875,'/order/cart/items/','GET','','127.0.0.1','2025-03-17 22:22:00.880307','59b890b5c60f44589ed18c5ecbb73082'),(876,'/order/cart/items/add/','GET','','127.0.0.1','2025-03-17 22:22:26.941835','59b890b5c60f44589ed18c5ecbb73082'),(877,'/order/cart/items/3166233e-c8d4-41fd-8883-836fb9c02681/','GET','','127.0.0.1','2025-03-17 22:22:46.881173','59b890b5c60f44589ed18c5ecbb73082'),(878,'/order/cart/items/3166233e-c8d4-41fd-8883-836fb9c02681/remove/','GET','','127.0.0.1','2025-03-17 22:22:49.941082','59b890b5c60f44589ed18c5ecbb73082'),(879,'/order/creator/balance-history','GET','','127.0.0.1','2025-03-17 22:23:22.402836','59b890b5c60f44589ed18c5ecbb73082'),(880,'/auth/jwt/create/','POST','','127.0.0.1','2025-03-17 22:23:52.003394','59b890b5c60f44589ed18c5ecbb73082'),(881,'/order/creator/balance-history','GET','','127.0.0.1','2025-03-17 22:24:04.274937','59b890b5c60f44589ed18c5ecbb73082'),(882,'/order/creator/balance-history/defb1c62-3813-4365-97f9-475f9f55d4a6','GET','','127.0.0.1','2025-03-17 22:28:53.923989','59b890b5c60f44589ed18c5ecbb73082'),(883,'/order/creator/balance-history/defb1c62-3813-4365-97f9-475f9f55d4a6/','GET','','127.0.0.1','2025-03-17 22:28:54.065147','59b890b5c60f44589ed18c5ecbb73082'),(884,'/reviews/','GET','','127.0.0.1','2025-03-17 22:30:43.381698','59b890b5c60f44589ed18c5ecbb73082'),(885,'/reviews/','GET','','127.0.0.1','2025-03-17 22:51:19.527788','59b890b5c60f44589ed18c5ecbb73082'),(886,'/reviews/','GET','','127.0.0.1','2025-03-17 22:54:39.287072','59b890b5c60f44589ed18c5ecbb73082'),(887,'/service/contents/','GET','','127.0.0.1','2025-03-17 22:59:42.502815','59b890b5c60f44589ed18c5ecbb73082'),(888,'/service/','GET','','127.0.0.1','2025-03-17 22:59:46.669170','59b890b5c60f44589ed18c5ecbb73082'),(889,'/service/services/','GET','','127.0.0.1','2025-03-17 22:59:48.399153','59b890b5c60f44589ed18c5ecbb73082'),(890,'/service/','GET','','127.0.0.1','2025-03-17 23:00:00.069357','59b890b5c60f44589ed18c5ecbb73082'),(891,'/service/service-videos/','GET','','127.0.0.1','2025-03-17 23:00:02.106194','59b890b5c60f44589ed18c5ecbb73082'),(892,'/service/','GET','','127.0.0.1','2025-03-17 23:41:24.853396','59b890b5c60f44589ed18c5ecbb73082'),(893,'/service/services/','GET','','127.0.0.1','2025-03-17 23:41:26.473722','59b890b5c60f44589ed18c5ecbb73082'),(894,'/service/services/20810014-12a9-409a-964c-f3e083af22bd','GET','','127.0.0.1','2025-03-17 23:42:09.895432','59b890b5c60f44589ed18c5ecbb73082'),(895,'/service/services/20810014-12a9-409a-964c-f3e083af22bd/','GET','','127.0.0.1','2025-03-17 23:42:09.981494','59b890b5c60f44589ed18c5ecbb73082'),(896,'/service/services/','POST','','127.0.0.1','2025-03-17 23:43:20.326602','59b890b5c60f44589ed18c5ecbb73082'),(897,'/auth/jwt/create/','GET','','127.0.0.1','2025-03-17 23:43:38.793537','59b890b5c60f44589ed18c5ecbb73082'),(898,'/auth/jwt/create/','GET','','127.0.0.1','2025-03-17 23:43:42.356449','59b890b5c60f44589ed18c5ecbb73082'),(899,'/auth/jwt/create/','POST','','127.0.0.1','2025-03-17 23:43:51.890267','59b890b5c60f44589ed18c5ecbb73082'),(900,'/service/services/','GET','','127.0.0.1','2025-03-17 23:44:13.581139','59b890b5c60f44589ed18c5ecbb73082'),(901,'/service/services/','POST','','127.0.0.1','2025-03-17 23:44:41.991837','59b890b5c60f44589ed18c5ecbb73082'),(902,'/service/services/','OPTIONS','','127.0.0.1','2025-03-17 23:46:36.184394','59b890b5c60f44589ed18c5ecbb73082'),(903,'/__debug__/history_sidebar/','GET','store_id=9bc9283ebf054fb3a17997c61ed3401d','127.0.0.1','2025-03-17 23:46:36.482248','59b890b5c60f44589ed18c5ecbb73082'),(904,'/service/services/','OPTIONS','','127.0.0.1','2025-03-17 23:46:38.518293','59b890b5c60f44589ed18c5ecbb73082'),(905,'/__debug__/history_sidebar/','GET','store_id=36b72016010b46cd9b562ae0238fd02e','127.0.0.1','2025-03-17 23:46:38.838790','59b890b5c60f44589ed18c5ecbb73082'),(906,'/__debug__/history_sidebar/','GET','store_id=36b72016010b46cd9b562ae0238fd02e','127.0.0.1','2025-03-17 23:46:38.872707','59b890b5c60f44589ed18c5ecbb73082'),(907,'/service/services/','GET','','127.0.0.1','2025-03-17 23:46:39.683323','59b890b5c60f44589ed18c5ecbb73082'),(908,'/service/services/3a8cb2e3-8659-473d-97a8-8d6be017d66d','GET','','127.0.0.1','2025-03-17 23:47:24.552071','59b890b5c60f44589ed18c5ecbb73082'),(909,'/service/services/3a8cb2e3-8659-473d-97a8-8d6be017d66d/','GET','','127.0.0.1','2025-03-17 23:47:24.634627','59b890b5c60f44589ed18c5ecbb73082'),(910,'/service/services/3a8cb2e3-8659-473d-97a8-8d6be017d66d/add_video/','GET','','127.0.0.1','2025-03-17 23:47:54.113006','59b890b5c60f44589ed18c5ecbb73082'),(911,'/service/services/3a8cb2e3-8659-473d-97a8-8d6be017d66d/add_video/','GET','','127.0.0.1','2025-03-17 23:49:08.548752','59b890b5c60f44589ed18c5ecbb73082'),(912,'/service/','GET','','127.0.0.1','2025-03-17 23:50:30.914080','59b890b5c60f44589ed18c5ecbb73082'),(913,'/service/service-videos/','GET','','127.0.0.1','2025-03-17 23:50:32.700849','59b890b5c60f44589ed18c5ecbb73082'),(914,'/service/service-videos/','POST','','127.0.0.1','2025-03-17 23:52:00.749112','59b890b5c60f44589ed18c5ecbb73082'),(915,'/media/service_videos/document_6044060373307364848_PaO26pb.mp4','GET','','127.0.0.1','2025-03-17 23:52:15.675621','59b890b5c60f44589ed18c5ecbb73082'),(916,'/media/service_videos/document_6044060373307364848_PaO26pb.mp4','GET','','127.0.0.1','2025-03-17 23:52:15.894332','59b890b5c60f44589ed18c5ecbb73082'),(917,'/service/service-videos/d7f87e85-0108-48aa-a826-b784aa17c785','GET','','127.0.0.1','2025-03-17 23:53:16.238922','59b890b5c60f44589ed18c5ecbb73082'),(918,'/service/service-videos/d7f87e85-0108-48aa-a826-b784aa17c785/','GET','','127.0.0.1','2025-03-17 23:53:16.325430','59b890b5c60f44589ed18c5ecbb73082'),(919,'/','GET','','127.0.0.1','2025-03-20 22:13:35.584876','59b890b5c60f44589ed18c5ecbb73082'),(920,'/order/cart/','GET','','127.0.0.1','2025-03-20 22:13:47.936049','59b890b5c60f44589ed18c5ecbb73082'),(921,'/order/cart/','POST','','127.0.0.1','2025-03-20 22:19:03.810369','59b890b5c60f44589ed18c5ecbb73082'),(922,'/order/cart/item','GET','','127.0.0.1','2025-03-20 22:19:36.023070','59b890b5c60f44589ed18c5ecbb73082'),(923,'/order/cart/items','GET','','127.0.0.1','2025-03-20 22:19:40.475396','59b890b5c60f44589ed18c5ecbb73082'),(924,'/order/cart/items/','GET','','127.0.0.1','2025-03-20 22:19:40.657394','59b890b5c60f44589ed18c5ecbb73082'),(925,'/order/cart/items/','GET','','127.0.0.1','2025-03-20 22:22:19.278589','59b890b5c60f44589ed18c5ecbb73082'),(926,'/order/cart/items/','GET','','127.0.0.1','2025-03-20 22:23:18.198128','59b890b5c60f44589ed18c5ecbb73082'),(927,'/order/cart/items/','POST','','127.0.0.1','2025-03-20 22:23:30.432472','59b890b5c60f44589ed18c5ecbb73082'),(928,'/order/cart/items/','POST','','127.0.0.1','2025-03-20 22:27:00.708418','59b890b5c60f44589ed18c5ecbb73082'),(929,'/order/cart/items/','POST','','127.0.0.1','2025-03-20 22:41:10.738161','59b890b5c60f44589ed18c5ecbb73082'),(930,'/order/cart/items/','GET','','127.0.0.1','2025-03-20 22:45:16.448762','59b890b5c60f44589ed18c5ecbb73082'),(931,'/order/cart/items/','POST','','127.0.0.1','2025-03-20 22:45:23.528535','59b890b5c60f44589ed18c5ecbb73082'),(932,'/order/cart/items/','POST','','127.0.0.1','2025-03-20 22:53:06.000996','59b890b5c60f44589ed18c5ecbb73082'),(933,'/order/cart/items/','POST','','127.0.0.1','2025-03-20 22:58:55.108451','59b890b5c60f44589ed18c5ecbb73082'),(934,'/order/cart/items/','POST','','127.0.0.1','2025-03-20 22:59:19.522576','59b890b5c60f44589ed18c5ecbb73082'),(935,'/order/cart/items/','POST','','127.0.0.1','2025-03-20 22:59:40.362998','59b890b5c60f44589ed18c5ecbb73082'),(936,'/order/cart/items/','POST','','127.0.0.1','2025-03-20 23:01:42.296998','59b890b5c60f44589ed18c5ecbb73082'),(937,'/order/cart/items/','POST','','127.0.0.1','2025-03-20 23:05:35.482036','59b890b5c60f44589ed18c5ecbb73082'),(938,'/order/cart/items/','POST','','127.0.0.1','2025-03-20 23:09:43.237221','59b890b5c60f44589ed18c5ecbb73082'),(939,'/order/cart/items/','GET','','127.0.0.1','2025-03-20 23:10:37.923761','59b890b5c60f44589ed18c5ecbb73082'),(940,'/order/cart/items/','POST','','127.0.0.1','2025-03-20 23:10:55.685566','59b890b5c60f44589ed18c5ecbb73082'),(941,'/order/cart/items/','GET','','127.0.0.1','2025-03-20 23:11:59.939784','59b890b5c60f44589ed18c5ecbb73082'),(942,'/order/cart/items/','GET','','127.0.0.1','2025-03-20 23:12:33.174938','59b890b5c60f44589ed18c5ecbb73082'),(943,'/order/cart/items/','POST','','127.0.0.1','2025-03-20 23:12:40.485877','59b890b5c60f44589ed18c5ecbb73082'),(944,'/order/cart/items/','POST','','127.0.0.1','2025-03-20 23:15:35.958887','59b890b5c60f44589ed18c5ecbb73082'),(945,'/order/cart/items/','POST','','127.0.0.1','2025-03-20 23:17:23.387210','59b890b5c60f44589ed18c5ecbb73082'),(946,'/','GET','','127.0.0.1','2025-03-21 10:20:41.983298','59b890b5c60f44589ed18c5ecbb73082'),(947,'/order/purchases','GET','','127.0.0.1','2025-03-21 10:21:09.190731','59b890b5c60f44589ed18c5ecbb73082'),(948,'/order/purchases/','GET','','127.0.0.1','2025-03-21 10:21:09.369743','59b890b5c60f44589ed18c5ecbb73082'),(949,'/order/purchases/','GET','order__status=delivered','127.0.0.1','2025-03-21 10:21:29.482525','59b890b5c60f44589ed18c5ecbb73082'),(950,'/order/incoming-requests/','GET','','127.0.0.1','2025-03-21 10:24:10.121282','59b890b5c60f44589ed18c5ecbb73082'),(951,'/order/incoming-requests/','GET','','127.0.0.1','2025-03-21 10:24:48.158071','59b890b5c60f44589ed18c5ecbb73082'),(952,'/','GET','','127.0.0.1','2025-03-21 10:25:00.657500','59b890b5c60f44589ed18c5ecbb73082'),(953,'/admin','GET','','127.0.0.1','2025-03-21 10:25:04.611942','59b890b5c60f44589ed18c5ecbb73082'),(954,'/auth/jwt/create/','GET','','127.0.0.1','2025-03-21 10:25:10.609883','59b890b5c60f44589ed18c5ecbb73082'),(955,'/auth/jwt/create/','GET','','127.0.0.1','2025-03-21 10:25:10.882822','59b890b5c60f44589ed18c5ecbb73082'),(956,'/auth/jwt/create/','POST','','127.0.0.1','2025-03-21 10:25:18.919957','59b890b5c60f44589ed18c5ecbb73082'),(957,'/order/incoming-requests/','GET','','127.0.0.1','2025-03-21 10:25:51.332391','59b890b5c60f44589ed18c5ecbb73082'),(958,'/','GET','','127.0.0.1','2025-03-22 21:42:27.656987','59b890b5c60f44589ed18c5ecbb73082'),(959,'/order/orders/','GET','','127.0.0.1','2025-03-22 21:42:44.705684','59b890b5c60f44589ed18c5ecbb73082'),(960,'/order/orders/','GET','','127.0.0.1','2025-03-22 21:48:01.195191','59b890b5c60f44589ed18c5ecbb73082'),(961,'/order/orders/','GET','','127.0.0.1','2025-03-22 21:54:16.572844','59b890b5c60f44589ed18c5ecbb73082'),(962,'/order/orders/','GET','','127.0.0.1','2025-03-22 21:58:27.541842','59b890b5c60f44589ed18c5ecbb73082'),(963,'/order/orders/','POST','','127.0.0.1','2025-03-22 21:59:15.106811','59b890b5c60f44589ed18c5ecbb73082'),(964,'/','GET','','127.0.0.1','2025-03-22 21:59:36.162423','59b890b5c60f44589ed18c5ecbb73082'),(965,'/','GET','','127.0.0.1','2025-03-22 21:59:37.654087','59b890b5c60f44589ed18c5ecbb73082'),(966,'/admin','GET','','127.0.0.1','2025-03-22 21:59:43.119047','59b890b5c60f44589ed18c5ecbb73082'),(967,'/auth/jwt/create/','GET','','127.0.0.1','2025-03-22 22:04:21.638097','59b890b5c60f44589ed18c5ecbb73082'),(968,'/auth/jwt/create/','GET','','127.0.0.1','2025-03-22 22:04:22.704982','59b890b5c60f44589ed18c5ecbb73082'),(969,'/auth/jwt/create/','POST','','127.0.0.1','2025-03-22 22:04:45.445973','59b890b5c60f44589ed18c5ecbb73082'),(970,'/order/orders/','GET','','127.0.0.1','2025-03-22 22:05:56.232038','59b890b5c60f44589ed18c5ecbb73082'),(971,'/auth/jwt/create/','POST','','127.0.0.1','2025-03-22 22:06:23.946671','59b890b5c60f44589ed18c5ecbb73082'),(972,'/order/orders/','GET','','127.0.0.1','2025-03-22 22:06:38.586846','59b890b5c60f44589ed18c5ecbb73082'),(973,'/order/orders/','POST','','127.0.0.1','2025-03-22 22:06:40.917528','59b890b5c60f44589ed18c5ecbb73082'),(974,'/order/orders/','GET','','127.0.0.1','2025-03-22 22:07:13.383612','59b890b5c60f44589ed18c5ecbb73082'),(975,'/order/orders/6fd9cb9d-3955-4b15-a159-ac9738e399fc','GET','','127.0.0.1','2025-03-22 22:07:44.056317','59b890b5c60f44589ed18c5ecbb73082'),(976,'/order/orders/6fd9cb9d-3955-4b15-a159-ac9738e399fc/','GET','','127.0.0.1','2025-03-22 22:07:44.162300','59b890b5c60f44589ed18c5ecbb73082'),(977,'/order/orders/6fd9cb9d-3955-4b15-a159-ac9738e399fc/','OPTIONS','','127.0.0.1','2025-03-22 22:07:50.674137','59b890b5c60f44589ed18c5ecbb73082'),(978,'/__debug__/history_sidebar/','GET','store_id=27ee912094934d4a9f40d922f31434c8','127.0.0.1','2025-03-22 22:07:51.108613','59b890b5c60f44589ed18c5ecbb73082'),(979,'/order/orders/6fd9cb9d-3955-4b15-a159-ac9738e399fc/','OPTIONS','','127.0.0.1','2025-03-22 22:07:52.758325','59b890b5c60f44589ed18c5ecbb73082'),(980,'/__debug__/history_sidebar/','GET','store_id=ddf53aadf85048e1854abf4968851f7d','127.0.0.1','2025-03-22 22:07:53.093331','59b890b5c60f44589ed18c5ecbb73082'),(981,'/__debug__/history_sidebar/','GET','store_id=ddf53aadf85048e1854abf4968851f7d','127.0.0.1','2025-03-22 22:07:53.222270','59b890b5c60f44589ed18c5ecbb73082'),(982,'/order/orders/6fd9cb9d-3955-4b15-a159-ac9738e399fc/','GET','format=json','127.0.0.1','2025-03-22 22:07:55.169989','59b890b5c60f44589ed18c5ecbb73082'),(983,'/order/orders/6fd9cb9d-3955-4b15-a159-ac9738e399fc/','GET','','127.0.0.1','2025-03-22 22:07:58.669608','59b890b5c60f44589ed18c5ecbb73082'),(984,'/order/orders/6fd9cb9d-3955-4b15-a159-ac9738e399fc/','PUT','','127.0.0.1','2025-03-22 22:08:03.190208','59b890b5c60f44589ed18c5ecbb73082'),(985,'/__debug__/history_sidebar/','GET','store_id=b84fa6ac013b4840a29e4f8dabfeab73','127.0.0.1','2025-03-22 22:08:03.555328','59b890b5c60f44589ed18c5ecbb73082'),(986,'/order/orders/6fd9cb9d-3955-4b15-a159-ac9738e399fc/','OPTIONS','','127.0.0.1','2025-03-22 22:21:50.795564','59b890b5c60f44589ed18c5ecbb73082'),(987,'/__debug__/history_sidebar/','GET','store_id=861e740630ff4832a4632ce227ebbdee','127.0.0.1','2025-03-22 22:21:51.151565','59b890b5c60f44589ed18c5ecbb73082'),(988,'/__debug__/history_sidebar/','GET','store_id=861e740630ff4832a4632ce227ebbdee','127.0.0.1','2025-03-22 22:21:51.225438','59b890b5c60f44589ed18c5ecbb73082'),(989,'/order/orders/','GET','','127.0.0.1','2025-03-22 22:22:09.559651','59b890b5c60f44589ed18c5ecbb73082'),(990,'/order/orders/','POST','','127.0.0.1','2025-03-22 22:22:13.342401','59b890b5c60f44589ed18c5ecbb73082'),(991,'/','GET','','127.0.0.1','2025-03-22 22:22:21.281362','59b890b5c60f44589ed18c5ecbb73082'),(992,'/order/payments/','GET','','127.0.0.1','2025-03-22 22:22:26.931938','59b890b5c60f44589ed18c5ecbb73082'),(993,'/order/orders/','GET','','127.0.0.1','2025-03-22 22:22:35.269115','59b890b5c60f44589ed18c5ecbb73082'),(994,'/order/orders/6fd9cb9d-3955-4b15-a159-ac9738e399fc','GET','','127.0.0.1','2025-03-22 22:22:41.988024','59b890b5c60f44589ed18c5ecbb73082'),(995,'/order/orders/6fd9cb9d-3955-4b15-a159-ac9738e399fc/','GET','','127.0.0.1','2025-03-22 22:22:42.136014','59b890b5c60f44589ed18c5ecbb73082'),(996,'/order/orders/6fd9cb9d-3955-4b15-a159-ac9738e399fc/','PUT','','127.0.0.1','2025-03-22 22:22:57.653941','59b890b5c60f44589ed18c5ecbb73082'),(997,'/__debug__/history_sidebar/','GET','store_id=642e34ba4c5c407798dc25b952ee173c','127.0.0.1','2025-03-22 22:22:58.248107','59b890b5c60f44589ed18c5ecbb73082'),(998,'/order/orders/','POST','','127.0.0.1','2025-03-22 22:23:03.016471','59b890b5c60f44589ed18c5ecbb73082'),(999,'/order/orders/','POST','','127.0.0.1','2025-03-22 22:29:03.656970','59b890b5c60f44589ed18c5ecbb73082'),(1000,'/order/orders/','POST','','127.0.0.1','2025-03-22 22:29:34.162603','59b890b5c60f44589ed18c5ecbb73082'),(1001,'/order/orders/','POST','','127.0.0.1','2025-03-22 22:42:06.928600','59b890b5c60f44589ed18c5ecbb73082'),(1002,'/order/orders/','POST','','127.0.0.1','2025-03-22 22:44:05.027117','59b890b5c60f44589ed18c5ecbb73082'),(1003,'/order/orders/','POST','','127.0.0.1','2025-03-22 22:44:40.240048','59b890b5c60f44589ed18c5ecbb73082'),(1004,'/order/orders/','POST','','127.0.0.1','2025-03-22 22:47:14.648413','59b890b5c60f44589ed18c5ecbb73082'),(1005,'/order/orders/','POST','','127.0.0.1','2025-03-22 22:48:09.035783','59b890b5c60f44589ed18c5ecbb73082'),(1006,'/order/orders/','POST','','127.0.0.1','2025-03-22 22:57:35.929635','59b890b5c60f44589ed18c5ecbb73082'),(1007,'/','GET','','127.0.0.1','2025-03-24 13:35:30.709281',NULL),(1008,'/','GET','','127.0.0.1','2025-03-24 13:35:31.993810',NULL),(1009,'/order/cart/','GET','','127.0.0.1','2025-03-24 13:35:47.837907',NULL),(1010,'/admin','GET','','127.0.0.1','2025-03-24 13:35:55.607952',NULL),(1011,'/order/cart/aa682dbd-2a83-4e92-aea1-8d45a797bac8','GET','','127.0.0.1','2025-03-24 13:36:36.716448','59b890b5c60f44589ed18c5ecbb73082'),(1012,'/order/cart/aa682dbd-2a83-4e92-aea1-8d45a797bac8/','GET','','127.0.0.1','2025-03-24 13:36:36.854117','59b890b5c60f44589ed18c5ecbb73082'),(1013,'/order/cart/','GET','','127.0.0.1','2025-03-24 13:37:01.371958','59b890b5c60f44589ed18c5ecbb73082'),(1014,'/order/cart/','GET','','127.0.0.1','2025-03-24 13:38:26.727151','59b890b5c60f44589ed18c5ecbb73082'),(1015,'/order/cart/','GET','','127.0.0.1','2025-03-24 13:38:43.873242',NULL),(1016,'/order/cart/','GET','','127.0.0.1','2025-03-24 13:39:23.473489',NULL),(1017,'/order/cart/','GET','','127.0.0.1','2025-03-24 13:40:31.577443',NULL),(1018,'/order/cart/','GET','','127.0.0.1','2025-03-24 13:40:48.371171',NULL),(1019,'/order/cart/','GET','','127.0.0.1','2025-03-24 13:40:54.684800',NULL),(1020,'/order/cart/','GET','','127.0.0.1','2025-03-24 13:40:57.848910',NULL),(1021,'/order/cart/','GET','','127.0.0.1','2025-03-24 13:40:58.871275',NULL),(1022,'/order/cart/aa682dbd-2a83-4e92-aea1-8d45a797bac8','GET','','127.0.0.1','2025-03-24 13:41:05.039936',NULL),(1023,'/order/cart/aa682dbd-2a83-4e92-aea1-8d45a797bac8/','GET','','127.0.0.1','2025-03-24 13:41:05.152979',NULL),(1024,'/order/cart/','POST','','127.0.0.1','2025-03-24 13:41:26.581476',NULL),(1025,'/__debug__/history_sidebar/','GET','store_id=2240edcda18d4b95a49ddf15da8807b0','127.0.0.1','2025-03-24 13:41:26.893408',NULL),(1026,'/order/cart/items','GET','','127.0.0.1','2025-03-24 13:44:04.122978',NULL),(1027,'/order/cart/items/','GET','','127.0.0.1','2025-03-24 13:44:04.243607',NULL),(1028,'/order/cart/items/','GET','','127.0.0.1','2025-03-24 13:44:21.162678',NULL),(1029,'/order/cart/items/','GET','','127.0.0.1','2025-03-24 13:45:56.781836','59b890b5c60f44589ed18c5ecbb73082'),(1030,'/order/cart/items/','GET','','127.0.0.1','2025-03-24 13:51:48.908025','59b890b5c60f44589ed18c5ecbb73082'),(1031,'/order/cart/items/','GET','','127.0.0.1','2025-03-24 13:52:22.172240','59b890b5c60f44589ed18c5ecbb73082'),(1032,'/order/cart/items/','POST','','127.0.0.1','2025-03-24 13:52:48.804907','59b890b5c60f44589ed18c5ecbb73082'),(1033,'/__debug__/history_sidebar/','GET','store_id=5b72cf2e7ddb40eca7eee256321e9378','127.0.0.1','2025-03-24 13:52:49.290621','59b890b5c60f44589ed18c5ecbb73082'),(1034,'/order/cart/','GET','','127.0.0.1','2025-03-24 13:52:51.812593','59b890b5c60f44589ed18c5ecbb73082'),(1035,'/auth/jwt/create/','GET','','127.0.0.1','2025-03-24 13:53:39.188160','59b890b5c60f44589ed18c5ecbb73082'),(1036,'/auth/jwt/create/','GET','','127.0.0.1','2025-03-24 13:53:41.019018','59b890b5c60f44589ed18c5ecbb73082'),(1037,'/auth/jwt/create/','POST','','127.0.0.1','2025-03-24 13:53:57.816197','59b890b5c60f44589ed18c5ecbb73082'),(1038,'/order/cart/4fdc5ff8-df49-4317-ad33-9c2ceeed4113','GET','','127.0.0.1','2025-03-24 13:54:34.616464','59b890b5c60f44589ed18c5ecbb73082'),(1039,'/order/cart/4fdc5ff8-df49-4317-ad33-9c2ceeed4113/','GET','','127.0.0.1','2025-03-24 13:54:34.707181','59b890b5c60f44589ed18c5ecbb73082'),(1040,'/order/cart/4fdc5ff8-df49-4317-ad33-9c2ceeed4113/items','GET','','127.0.0.1','2025-03-24 13:56:41.124192','59b890b5c60f44589ed18c5ecbb73082'),(1041,'/order/cart/items','GET','','127.0.0.1','2025-03-24 13:57:13.470018','59b890b5c60f44589ed18c5ecbb73082'),(1042,'/order/cart/items/','GET','','127.0.0.1','2025-03-24 13:57:13.593576','59b890b5c60f44589ed18c5ecbb73082'),(1043,'/order/cart/items/20810014-12a9-409a-964c-f3e083af22bd','GET','','127.0.0.1','2025-03-24 13:57:34.356045','59b890b5c60f44589ed18c5ecbb73082'),(1044,'/order/cart/items/20810014-12a9-409a-964c-f3e083af22bd/','GET','','127.0.0.1','2025-03-24 13:57:34.463390','59b890b5c60f44589ed18c5ecbb73082'),(1045,'/order/cart/items/20810014-12a9-409a-964c-f3e083af22bd/','GET','','127.0.0.1','2025-03-24 13:58:15.284798','59b890b5c60f44589ed18c5ecbb73082'),(1046,'/order/cart/items/20810014-12a9-409a-964c-f3e083af22bd/','GET','','127.0.0.1','2025-03-24 13:58:37.640645','59b890b5c60f44589ed18c5ecbb73082'),(1047,'/order/cart/items/20810014-12a9-409a-964c-f3e083af22bd/','PUT','','127.0.0.1','2025-03-24 13:58:57.130872','59b890b5c60f44589ed18c5ecbb73082'),(1048,'/__debug__/history_sidebar/','GET','store_id=fd58e601f48d4b77bd3cb42c1dd7493a','127.0.0.1','2025-03-24 13:58:57.491362','59b890b5c60f44589ed18c5ecbb73082'),(1049,'/order/cart/items/','GET','','127.0.0.1','2025-03-24 13:59:02.182683','59b890b5c60f44589ed18c5ecbb73082'),(1050,'/order/cart/items/20810014-12a9-409a-964c-f3e083af22bd/','GET','','127.0.0.1','2025-03-24 14:01:19.266536','59b890b5c60f44589ed18c5ecbb73082'),(1051,'/order/cart/items/20810014-12a9-409a-964c-f3e083af22bd/','PUT','','127.0.0.1','2025-03-24 14:01:27.032003','59b890b5c60f44589ed18c5ecbb73082'),(1052,'/__debug__/history_sidebar/','GET','store_id=55bfc7b57864433d99441aea74588a63','127.0.0.1','2025-03-24 14:01:27.489043','59b890b5c60f44589ed18c5ecbb73082'),(1053,'/order/cart/items/','GET','','127.0.0.1','2025-03-24 14:01:34.878652','59b890b5c60f44589ed18c5ecbb73082'),(1054,'/order/cart/items/3166233e-c8d4-41fd-8883-836fb9c02681','GET','','127.0.0.1','2025-03-24 14:02:41.891379','59b890b5c60f44589ed18c5ecbb73082'),(1055,'/order/cart/items/3166233e-c8d4-41fd-8883-836fb9c02681/','GET','','127.0.0.1','2025-03-24 14:02:42.005973','59b890b5c60f44589ed18c5ecbb73082'),(1056,'/order/cart/items/3166233e-c8d4-41fd-8883-836fb9c02681/','PUT','','127.0.0.1','2025-03-24 14:02:47.607961','59b890b5c60f44589ed18c5ecbb73082'),(1057,'/__debug__/history_sidebar/','GET','store_id=98660c2447cb4ebcb9f9bf0cc6ae9110','127.0.0.1','2025-03-24 14:02:48.368830','59b890b5c60f44589ed18c5ecbb73082'),(1058,'/order/cart/items/3166233e-c8d4-41fd-8883-836fb9c02681/','GET','','127.0.0.1','2025-03-24 14:07:59.079716','59b890b5c60f44589ed18c5ecbb73082'),(1059,'/','GET','','127.0.0.1','2025-03-24 14:21:29.404140','59b890b5c60f44589ed18c5ecbb73082'),(1060,'/','GET','','127.0.0.1','2025-03-24 14:21:29.707235','59b890b5c60f44589ed18c5ecbb73082'),(1061,'/order/orders/','GET','','127.0.0.1','2025-03-24 14:21:42.528923','59b890b5c60f44589ed18c5ecbb73082'),(1062,'/order/orders/','POST','','127.0.0.1','2025-03-24 14:21:50.194784','59b890b5c60f44589ed18c5ecbb73082'),(1063,'/order/orders/','POST','','127.0.0.1','2025-03-24 14:23:20.901267','59b890b5c60f44589ed18c5ecbb73082'),(1064,'/order/orders/','GET','','127.0.0.1','2025-03-24 14:23:50.771596','59b890b5c60f44589ed18c5ecbb73082'),(1065,'/admin','GET','','127.0.0.1','2025-03-24 14:23:56.204669','59b890b5c60f44589ed18c5ecbb73082'),(1066,'/','GET','','127.0.0.1','2025-03-24 20:09:38.114675','59b890b5c60f44589ed18c5ecbb73082'),(1067,'/order/orders/','GET','','127.0.0.1','2025-03-24 20:09:41.666430','59b890b5c60f44589ed18c5ecbb73082'),(1068,'/admin','GET','','127.0.0.1','2025-03-24 20:09:46.143736','59b890b5c60f44589ed18c5ecbb73082'),(1069,'/auth/users','GET','','127.0.0.1','2025-03-24 20:09:47.807194','59b890b5c60f44589ed18c5ecbb73082'),(1070,'/auth/users/','GET','','127.0.0.1','2025-03-24 20:09:47.911144','59b890b5c60f44589ed18c5ecbb73082'),(1071,'/','GET','','127.0.0.1','2025-03-24 20:52:06.138684','59b890b5c60f44589ed18c5ecbb73082'),(1072,'/order/orders/','GET','','127.0.0.1','2025-03-24 20:52:16.238406','59b890b5c60f44589ed18c5ecbb73082'),(1073,'/auth/jwt/create/','GET','','127.0.0.1','2025-03-24 20:52:40.914696','59b890b5c60f44589ed18c5ecbb73082'),(1074,'/auth/jwt/create/','GET','','127.0.0.1','2025-03-24 20:52:43.771274','59b890b5c60f44589ed18c5ecbb73082'),(1075,'/auth/jwt/create/','POST','','127.0.0.1','2025-03-24 20:52:53.102794','59b890b5c60f44589ed18c5ecbb73082'),(1076,'/order/orders/','GET','','127.0.0.1','2025-03-24 20:53:13.781591','59b890b5c60f44589ed18c5ecbb73082'),(1077,'/order/orders/','GET','','127.0.0.1','2025-03-24 20:53:56.701368','59b890b5c60f44589ed18c5ecbb73082'),(1078,'/order/orders/','GET','','127.0.0.1','2025-03-24 20:54:28.383897','59b890b5c60f44589ed18c5ecbb73082'),(1079,'/order/orders/','GET','','127.0.0.1','2025-03-24 20:54:36.322710','59b890b5c60f44589ed18c5ecbb73082'),(1080,'/order/orders/','GET','','127.0.0.1','2025-03-24 20:56:16.765761','59b890b5c60f44589ed18c5ecbb73082'),(1081,'/order/orders/','GET','','127.0.0.1','2025-03-24 20:58:43.230938','59b890b5c60f44589ed18c5ecbb73082'),(1082,'/order/orders/','GET','','127.0.0.1','2025-03-24 20:59:33.077155','59b890b5c60f44589ed18c5ecbb73082'),(1083,'/order/orders/','GET','','127.0.0.1','2025-03-24 20:59:58.659293','59b890b5c60f44589ed18c5ecbb73082'),(1084,'/order/orders/','GET','','127.0.0.1','2025-03-24 21:00:27.910457','59b890b5c60f44589ed18c5ecbb73082'),(1085,'/order/orders/','GET','','127.0.0.1','2025-03-24 21:02:09.391271','59b890b5c60f44589ed18c5ecbb73082'),(1086,'/order/orders/','GET','','127.0.0.1','2025-03-24 21:03:07.247841','59b890b5c60f44589ed18c5ecbb73082'),(1087,'/order/orders/','GET','','127.0.0.1','2025-03-24 21:04:36.435319','59b890b5c60f44589ed18c5ecbb73082'),(1088,'/order/orders/6fd9cb9d-3955-4b15-a159-ac9738e399fc','GET','','127.0.0.1','2025-03-24 21:04:48.368699','59b890b5c60f44589ed18c5ecbb73082'),(1089,'/order/orders/6fd9cb9d-3955-4b15-a159-ac9738e399fc/','GET','','127.0.0.1','2025-03-24 21:04:48.461114','59b890b5c60f44589ed18c5ecbb73082'),(1090,'/order/orders/6fd9cb9d-3955-4b15-a159-ac9738e399fc/','GET','','127.0.0.1','2025-03-24 21:04:56.821284','59b890b5c60f44589ed18c5ecbb73082'),(1091,'/order/orders/6fd9cb9d-3955-4b15-a159-ac9738e399fc/items','GET','','127.0.0.1','2025-03-24 21:04:59.985517','59b890b5c60f44589ed18c5ecbb73082'),(1092,'/order/orders/6fd9cb9d-3955-4b15-a159-ac9738e399fc/','GET','','127.0.0.1','2025-03-24 21:05:39.636780','59b890b5c60f44589ed18c5ecbb73082'),(1093,'/','GET','','127.0.0.1','2025-03-24 23:08:44.066839','59b890b5c60f44589ed18c5ecbb73082'),(1094,'/order/orders/','GET','','127.0.0.1','2025-03-24 23:08:49.964669','59b890b5c60f44589ed18c5ecbb73082'),(1095,'/order/orders/','POST','','127.0.0.1','2025-03-24 23:08:56.971407','59b890b5c60f44589ed18c5ecbb73082'),(1096,'/order/orders/6fd9cb9d-3955-4b15-a159-ac9738e399fc/','GET','','127.0.0.1','2025-03-24 23:09:23.624493','59b890b5c60f44589ed18c5ecbb73082'),(1097,'/order/orders/6fd9cb9d-3955-4b15-a159-ac9738e399fc/','GET','','127.0.0.1','2025-03-24 23:10:05.085256','59b890b5c60f44589ed18c5ecbb73082'),(1098,'/','GET','','127.0.0.1','2025-03-25 18:22:28.004141','59b890b5c60f44589ed18c5ecbb73082'),(1099,'/','GET','','127.0.0.1','2025-03-25 21:21:41.787171','59b890b5c60f44589ed18c5ecbb73082'),(1100,'/','GET','','127.0.0.1','2025-03-25 21:21:46.307503','59b890b5c60f44589ed18c5ecbb73082'),(1101,'/','GET','','127.0.0.1','2025-03-25 21:21:50.781003','59b890b5c60f44589ed18c5ecbb73082'),(1102,'/','GET','','127.0.0.1','2025-03-25 21:29:43.328959','59b890b5c60f44589ed18c5ecbb73082'),(1103,'/order/orders/','GET','','127.0.0.1','2025-03-25 21:29:49.589162','59b890b5c60f44589ed18c5ecbb73082'),(1104,'/','GET','','127.0.0.1','2025-03-25 21:30:00.046358','59b890b5c60f44589ed18c5ecbb73082'),(1105,'/order/orders/6fd9cb9d-3955-4b15-a159-ac9738e399fc/','GET','','127.0.0.1','2025-03-25 21:30:21.106544','59b890b5c60f44589ed18c5ecbb73082'),(1106,'/order/orders/6fd9cb9d-3955-4b15-a159-ac9738e399fc/','GET','','127.0.0.1','2025-03-25 21:37:57.707930','59b890b5c60f44589ed18c5ecbb73082'),(1107,'/order/orders/6fd9cb9d-3955-4b15-a159-ac9738e399fc/','PUT','','127.0.0.1','2025-03-25 21:45:44.380875','59b890b5c60f44589ed18c5ecbb73082'),(1108,'/__debug__/history_sidebar/','GET','store_id=7df3c26bcae1461d8a5c9d25fc603843','127.0.0.1','2025-03-25 21:45:45.328621','59b890b5c60f44589ed18c5ecbb73082'),(1109,'/order/orders/','GET','','127.0.0.1','2025-03-25 21:45:49.448833','59b890b5c60f44589ed18c5ecbb73082'),(1110,'/order/orders/','GET','','127.0.0.1','2025-03-25 21:46:41.689277','59b890b5c60f44589ed18c5ecbb73082'),(1111,'/order/orders/6fd9cb9d-3955-4b15-a159-ac9738e399fc','GET','','127.0.0.1','2025-03-25 21:47:10.731933','59b890b5c60f44589ed18c5ecbb73082'),(1112,'/order/orders/6fd9cb9d-3955-4b15-a159-ac9738e399fc/','GET','','127.0.0.1','2025-03-25 21:47:10.888931','59b890b5c60f44589ed18c5ecbb73082'),(1113,'/order/orders/6fd9cb9d-3955-4b15-a159-ac9738e399fc/','PUT','','127.0.0.1','2025-03-25 21:47:23.921891','59b890b5c60f44589ed18c5ecbb73082'),(1114,'/__debug__/history_sidebar/','GET','store_id=3e5a8d4235c84b2aa0b5d908ed9cbbc9','127.0.0.1','2025-03-25 21:47:24.932121','59b890b5c60f44589ed18c5ecbb73082'),(1115,'/order/orders/6fd9cb9d-3955-4b15-a159-ac9738e399fc/','PATCH','','127.0.0.1','2025-03-25 21:47:40.089181','59b890b5c60f44589ed18c5ecbb73082'),(1116,'/__debug__/history_sidebar/','GET','store_id=296c196e833d413b9e26e498a5d7b17b','127.0.0.1','2025-03-25 21:47:40.707312','59b890b5c60f44589ed18c5ecbb73082'),(1117,'/__debug__/history_sidebar/','GET','store_id=296c196e833d413b9e26e498a5d7b17b','127.0.0.1','2025-03-25 21:47:40.758204','59b890b5c60f44589ed18c5ecbb73082'),(1118,'/order/order-items','GET','','127.0.0.1','2025-03-25 21:53:24.064979','59b890b5c60f44589ed18c5ecbb73082'),(1119,'/order/order-items/03c457b4-3314-4ed3-979d-8cd801106777','GET','','127.0.0.1','2025-03-25 21:53:48.181054','59b890b5c60f44589ed18c5ecbb73082'),(1120,'/order/order-items/03c457b4-3314-4ed3-979d-8cd801106777/','GET','','127.0.0.1','2025-03-25 21:53:48.301043','59b890b5c60f44589ed18c5ecbb73082'),(1121,'/order/order-items/03c457b4-3314-4ed3-979d-8cd801106777/','PUT','','127.0.0.1','2025-03-25 21:53:58.172762','59b890b5c60f44589ed18c5ecbb73082'),(1122,'/__debug__/history_sidebar/','GET','store_id=1b47788750fd4ea2a4612ab84fe29490','127.0.0.1','2025-03-25 21:53:58.607239','59b890b5c60f44589ed18c5ecbb73082'),(1123,'/order/order-items/03c457b4-3314-4ed3-979d-8cd801106777/','GET','','127.0.0.1','2025-03-25 21:56:10.200609','59b890b5c60f44589ed18c5ecbb73082'),(1124,'/order/order-items/03c457b4-3314-4ed3-979d-8cd801106777/','PUT','','127.0.0.1','2025-03-25 21:56:21.917409','59b890b5c60f44589ed18c5ecbb73082'),(1125,'/__debug__/history_sidebar/','GET','store_id=64e0db9da6f7497ea64b0b2b4c2a76fc','127.0.0.1','2025-03-25 21:56:22.444785','59b890b5c60f44589ed18c5ecbb73082'),(1126,'/order/order-items/03c457b4-3314-4ed3-979d-8cd801106777/','GET','','127.0.0.1','2025-03-25 21:59:48.825672','59b890b5c60f44589ed18c5ecbb73082'),(1127,'/order/order-items/03c457b4-3314-4ed3-979d-8cd801106777/','PUT','','127.0.0.1','2025-03-25 21:59:52.018804','59b890b5c60f44589ed18c5ecbb73082'),(1128,'/__debug__/history_sidebar/','GET','store_id=ff46aea83fdc41ecbfd1a1194aafc708','127.0.0.1','2025-03-25 21:59:52.375353','59b890b5c60f44589ed18c5ecbb73082'),(1129,'/order/order-items/03c457b4-3314-4ed3-979d-8cd801106777/','GET','','127.0.0.1','2025-03-25 22:06:39.083246','59b890b5c60f44589ed18c5ecbb73082'),(1130,'/order/order-items/03c457b4-3314-4ed3-979d-8cd801106777/','PUT','','127.0.0.1','2025-03-25 22:06:48.824354','59b890b5c60f44589ed18c5ecbb73082'),(1131,'/__debug__/history_sidebar/','GET','store_id=297643132114416ea0628d6436736b19','127.0.0.1','2025-03-25 22:06:49.182150','59b890b5c60f44589ed18c5ecbb73082'),(1132,'/','GET','','127.0.0.1','2025-03-26 13:03:17.699101','59b890b5c60f44589ed18c5ecbb73082'),(1133,'/order/checkout','GET','','127.0.0.1','2025-03-26 13:03:27.457034','59b890b5c60f44589ed18c5ecbb73082'),(1134,'/order/checkout/','GET','','127.0.0.1','2025-03-26 13:03:27.598042','59b890b5c60f44589ed18c5ecbb73082'),(1135,'/order/checkout/','GET','','127.0.0.1','2025-03-26 13:05:44.508673','59b890b5c60f44589ed18c5ecbb73082'),(1136,'/order/checkout/','GET','','127.0.0.1','2025-03-26 13:06:15.123778','59b890b5c60f44589ed18c5ecbb73082'),(1137,'/order/checkout/','GET','','127.0.0.1','2025-03-26 13:06:18.426713','59b890b5c60f44589ed18c5ecbb73082'),(1138,'/order/checkout/','GET','','127.0.0.1','2025-03-26 13:06:51.563706','59b890b5c60f44589ed18c5ecbb73082'),(1139,'/order/checkout/','GET','','127.0.0.1','2025-03-26 13:07:21.922263','59b890b5c60f44589ed18c5ecbb73082'),(1140,'/order/checkout/','GET','','127.0.0.1','2025-03-26 13:07:23.253381','59b890b5c60f44589ed18c5ecbb73082'),(1141,'/','GET','','127.0.0.1','2025-03-26 19:59:15.043267','59b890b5c60f44589ed18c5ecbb73082'),(1142,'/order/orders/','GET','','127.0.0.1','2025-03-26 19:59:20.176482','59b890b5c60f44589ed18c5ecbb73082'),(1143,'/','GET','','127.0.0.1','2025-03-26 19:59:34.139027','59b890b5c60f44589ed18c5ecbb73082'),(1144,'/auth/jwt/create/','GET','','127.0.0.1','2025-03-26 19:59:42.548318','59b890b5c60f44589ed18c5ecbb73082'),(1145,'/auth/jwt/create/','GET','','127.0.0.1','2025-03-26 19:59:42.796723','59b890b5c60f44589ed18c5ecbb73082'),(1146,'/auth/jwt/create/','POST','','127.0.0.1','2025-03-26 19:59:52.520343','59b890b5c60f44589ed18c5ecbb73082'),(1147,'/order/orders/','GET','','127.0.0.1','2025-03-26 20:02:13.892257','59b890b5c60f44589ed18c5ecbb73082'),(1148,'/order/orders/','POST','','127.0.0.1','2025-03-26 20:02:21.117538','59b890b5c60f44589ed18c5ecbb73082'),(1149,'/order/orders/','POST','','127.0.0.1','2025-03-26 20:02:57.326619','59b890b5c60f44589ed18c5ecbb73082'),(1150,'/order/orders/','POST','','127.0.0.1','2025-03-26 20:04:07.087799','59b890b5c60f44589ed18c5ecbb73082'),(1151,'/order/orders/','POST','','127.0.0.1','2025-03-26 20:04:29.316073','59b890b5c60f44589ed18c5ecbb73082'),(1152,'/order/orders/','POST','','127.0.0.1','2025-03-26 20:05:02.195239','59b890b5c60f44589ed18c5ecbb73082'),(1153,'/order/orders/','POST','','127.0.0.1','2025-03-26 20:05:38.545068','59b890b5c60f44589ed18c5ecbb73082'),(1154,'/order/orders/','POST','','127.0.0.1','2025-03-26 20:14:56.942602','59b890b5c60f44589ed18c5ecbb73082'),(1155,'/order/orders/','POST','','127.0.0.1','2025-03-26 20:21:53.204211','59b890b5c60f44589ed18c5ecbb73082'),(1156,'/order/orders/','POST','','127.0.0.1','2025-03-26 20:30:36.463717','59b890b5c60f44589ed18c5ecbb73082'),(1157,'/order/orders/86bd1af8-8bc5-4d48-8620-61291d7ad8d6','GET','','127.0.0.1','2025-03-26 20:42:40.521831','59b890b5c60f44589ed18c5ecbb73082'),(1158,'/order/orders/86bd1af8-8bc5-4d48-8620-61291d7ad8d6/','GET','','127.0.0.1','2025-03-26 20:42:40.638146','59b890b5c60f44589ed18c5ecbb73082'),(1159,'/order/orders/86bd1af8-8bc5-4d48-8620-61291d7ad8d6/','GET','','127.0.0.1','2025-03-26 20:53:14.909729','59b890b5c60f44589ed18c5ecbb73082'),(1160,'/order/orders/86bd1af8-8bc5-4d48-8620-61291d7ad8d6/','GET','','127.0.0.1','2025-03-26 20:55:56.383421','59b890b5c60f44589ed18c5ecbb73082'),(1161,'/order/orders/86bd1af8-8bc5-4d48-8620-61291d7ad8d6/','GET','','127.0.0.1','2025-03-26 21:13:54.924053','59b890b5c60f44589ed18c5ecbb73082'),(1162,'/order/orders/86bd1af8-8bc5-4d48-8620-61291d7ad8d6/','GET','','127.0.0.1','2025-03-26 21:14:09.444646','59b890b5c60f44589ed18c5ecbb73082'),(1163,'/order/orders/86bd1af8-8bc5-4d48-8620-61291d7ad8d6/','GET','','127.0.0.1','2025-03-26 21:14:30.340675','59b890b5c60f44589ed18c5ecbb73082'),(1164,'/auth/jwt/create/','POST','','127.0.0.1','2025-03-26 21:14:34.457114','59b890b5c60f44589ed18c5ecbb73082'),(1165,'/order/orders/86bd1af8-8bc5-4d48-8620-61291d7ad8d6/','GET','','127.0.0.1','2025-03-26 21:25:17.814665','59b890b5c60f44589ed18c5ecbb73082'),(1166,'/auth/jwt/create/','POST','','127.0.0.1','2025-03-26 21:28:51.339683','59b890b5c60f44589ed18c5ecbb73082'),(1167,'/order/orders/86bd1af8-8bc5-4d48-8620-61291d7ad8d6/','GET','','127.0.0.1','2025-03-26 21:29:12.446664','59b890b5c60f44589ed18c5ecbb73082'),(1168,'/order/orders/86bd1af8-8bc5-4d48-8620-61291d7ad8d6/','GET','','127.0.0.1','2025-03-26 21:29:27.389904','59b890b5c60f44589ed18c5ecbb73082'),(1169,'/order/orders/86bd1af8-8bc5-4d48-8620-61291d7ad8d6/','GET','','127.0.0.1','2025-03-26 21:31:21.896532','59b890b5c60f44589ed18c5ecbb73082'),(1170,'/order/orders/86bd1af8-8bc5-4d48-8620-61291d7ad8d6/','GET','','127.0.0.1','2025-03-26 21:32:24.624327','59b890b5c60f44589ed18c5ecbb73082'),(1171,'/','GET','','127.0.0.1','2025-03-26 22:21:58.572089','59b890b5c60f44589ed18c5ecbb73082'),(1172,'/','GET','','127.0.0.1','2025-03-26 22:21:59.539082','59b890b5c60f44589ed18c5ecbb73082'),(1173,'/auth/jwt/create/','GET','','127.0.0.1','2025-03-26 22:22:09.811292','59b890b5c60f44589ed18c5ecbb73082'),(1174,'/auth/jwt/create/','POST','','127.0.0.1','2025-03-26 22:22:18.161925','59b890b5c60f44589ed18c5ecbb73082'),(1175,'/','GET','','127.0.0.1','2025-03-26 22:23:23.527432','59b890b5c60f44589ed18c5ecbb73082'),(1176,'/order/orders/','GET','','127.0.0.1','2025-03-26 22:23:29.551815','59b890b5c60f44589ed18c5ecbb73082'),(1177,'/order/orders/','GET','','127.0.0.1','2025-03-26 22:24:47.279801','59b890b5c60f44589ed18c5ecbb73082'),(1178,'/order/orders/','GET','','127.0.0.1','2025-03-26 22:25:46.833543','59b890b5c60f44589ed18c5ecbb73082'),(1179,'/order/orders/','GET','','127.0.0.1','2025-03-26 22:26:10.896910','59b890b5c60f44589ed18c5ecbb73082'),(1180,'/order/orders/','GET','','127.0.0.1','2025-03-26 22:26:12.868158','59b890b5c60f44589ed18c5ecbb73082'),(1181,'/order/orders/','GET','','127.0.0.1','2025-03-26 22:27:39.839919','59b890b5c60f44589ed18c5ecbb73082'),(1182,'/order/orders/checkout','GET','','127.0.0.1','2025-03-26 22:27:52.072056','59b890b5c60f44589ed18c5ecbb73082'),(1183,'/order/orders/checkout/','GET','','127.0.0.1','2025-03-26 22:27:52.227729','59b890b5c60f44589ed18c5ecbb73082'),(1184,'/order/orders/checkout/','GET','','127.0.0.1','2025-03-26 22:28:13.909959','59b890b5c60f44589ed18c5ecbb73082'),(1185,'/order/orders/checkout/','GET','','127.0.0.1','2025-03-26 22:28:18.893477','59b890b5c60f44589ed18c5ecbb73082'),(1186,'/order/orders/','GET','','127.0.0.1','2025-03-26 22:31:15.647041','59b890b5c60f44589ed18c5ecbb73082'),(1187,'/order/orders/','GET','','127.0.0.1','2025-03-26 22:31:52.758781','59b890b5c60f44589ed18c5ecbb73082'),(1188,'/order/orders/','GET','','127.0.0.1','2025-03-26 22:32:59.974189','59b890b5c60f44589ed18c5ecbb73082'),(1189,'/order/orders/','POST','','127.0.0.1','2025-03-26 22:33:16.442521','59b890b5c60f44589ed18c5ecbb73082'),(1190,'/order/orders/','POST','','127.0.0.1','2025-03-26 22:35:09.746984','59b890b5c60f44589ed18c5ecbb73082'),(1191,'/order/orders/65f27e71-7e28-4e78-b9a4-dcd6192b87a3','GET','','127.0.0.1','2025-03-26 22:36:03.989705','59b890b5c60f44589ed18c5ecbb73082'),(1192,'/order/orders/65f27e71-7e28-4e78-b9a4-dcd6192b87a3/','GET','','127.0.0.1','2025-03-26 22:36:04.165528','59b890b5c60f44589ed18c5ecbb73082'),(1193,'/order/orders/65f27e71-7e28-4e78-b9a4-dcd6192b87a3/','GET','','127.0.0.1','2025-03-26 22:47:47.117752','59b890b5c60f44589ed18c5ecbb73082'),(1194,'/order/orders/65f27e71-7e28-4e78-b9a4-dcd6192b87a3/','GET','','127.0.0.1','2025-03-26 22:48:06.903267','59b890b5c60f44589ed18c5ecbb73082'),(1195,'/order/orders/65f27e71-7e28-4e78-b9a4-dcd6192b87a3/','GET','','127.0.0.1','2025-03-26 23:02:30.022082','59b890b5c60f44589ed18c5ecbb73082'),(1196,'/order/order-items/04a700d3-1e41-418d-a2c0-4ddba8130870','GET','','127.0.0.1','2025-03-26 23:04:11.163192','59b890b5c60f44589ed18c5ecbb73082'),(1197,'/order/order-items/04a700d3-1e41-418d-a2c0-4ddba8130870/','GET','','127.0.0.1','2025-03-26 23:04:11.364121','59b890b5c60f44589ed18c5ecbb73082'),(1198,'/order/order-items/04a700d3-1e41-418d-a2c0-4ddba8130870/','PATCH','','127.0.0.1','2025-03-26 23:04:22.350176','59b890b5c60f44589ed18c5ecbb73082'),(1199,'/__debug__/history_sidebar/','GET','store_id=a34a68fb7b0b4f7293cf660ca53eff72','127.0.0.1','2025-03-26 23:04:23.797085','59b890b5c60f44589ed18c5ecbb73082'),(1200,'/order/orders/65f27e71-7e28-4e78-b9a4-dcd6192b87a3/','GET','','127.0.0.1','2025-03-26 23:04:28.070429','59b890b5c60f44589ed18c5ecbb73082');
/*!40000 ALTER TABLE `easyaudit_requestevent` ENABLE KEYS */;
UNLOCK TABLES;

--
-- Table structure for table `orders_balance`
--

DROP TABLE IF EXISTS `orders_balance`;
/*!40101 SET @saved_cs_client     = @@character_set_client */;
/*!50503 SET character_set_client = utf8mb4 */;
CREATE TABLE `orders_balance` (
  `id` char(32) NOT NULL,
  `withdrawable_balance` int unsigned NOT NULL,
  `pending_balance` int unsigned NOT NULL,
  `creator_id` char(32) NOT NULL,
  `total_balance` decimal(10,2) NOT NULL,
  PRIMARY KEY (`id`),
  UNIQUE KEY `creator_id` (`creator_id`),
  CONSTRAINT `Orders_balance_creator_id_4eb5f7a6_fk_Users_creator_id` FOREIGN KEY (`creator_id`) REFERENCES `users_creator` (`id`),
  CONSTRAINT `orders_balance_chk_1` CHECK ((`withdrawable_balance` >= 0)),
  CONSTRAINT `orders_balance_chk_2` CHECK ((`pending_balance` >= 0))
) ENGINE=InnoDB DEFAULT CHARSET=utf8mb4 COLLATE=utf8mb4_0900_ai_ci;
/*!40101 SET character_set_client = @saved_cs_client */;

--
-- Dumping data for table `orders_balance`
--

LOCK TABLES `orders_balance` WRITE;
/*!40000 ALTER TABLE `orders_balance` DISABLE KEYS */;
INSERT INTO `orders_balance` VALUES ('9f0b528cad90414aa2f9775e7dcbe953',5,3,'defb1c623813436597f9475f9f55d4a6',0.00),('f8a481cb43aa421eba6315a68b0d4617',0,0,'f298468ec3e640ec9396b06197d3790a',0.00);
/*!40000 ALTER TABLE `orders_balance` ENABLE KEYS */;
UNLOCK TABLES;

--
-- Table structure for table `orders_brief`
--

DROP TABLE IF EXISTS `orders_brief`;
/*!40101 SET @saved_cs_client     = @@character_set_client */;
/*!50503 SET character_set_client = utf8mb4 */;
CREATE TABLE `orders_brief` (
  `id` char(32) NOT NULL,
  `content_requirements` longtext NOT NULL,
  `budget` decimal(10,2) NOT NULL,
  `deadline` datetime(6) NOT NULL,
  `brand_id_id` char(32) NOT NULL,
  `creator_id_id` char(32) NOT NULL,
  `created_at` datetime(6) NOT NULL,
  PRIMARY KEY (`id`),
  KEY `Orders_brief_brand_id_id_4fcb1345_fk_Users_brand_id` (`brand_id_id`),
  KEY `Orders_brief_creator_id_id_2af62c47_fk_Users_creator_id` (`creator_id_id`),
  CONSTRAINT `Orders_brief_brand_id_id_4fcb1345_fk_Users_brand_id` FOREIGN KEY (`brand_id_id`) REFERENCES `users_brand` (`id`),
  CONSTRAINT `Orders_brief_creator_id_id_2af62c47_fk_Users_creator_id` FOREIGN KEY (`creator_id_id`) REFERENCES `users_creator` (`id`)
) ENGINE=InnoDB DEFAULT CHARSET=utf8mb4 COLLATE=utf8mb4_0900_ai_ci;
/*!40101 SET character_set_client = @saved_cs_client */;

--
-- Dumping data for table `orders_brief`
--

LOCK TABLES `orders_brief` WRITE;
/*!40000 ALTER TABLE `orders_brief` DISABLE KEYS */;
/*!40000 ALTER TABLE `orders_brief` ENABLE KEYS */;
UNLOCK TABLES;

--
-- Table structure for table `orders_cart`
--

DROP TABLE IF EXISTS `orders_cart`;
/*!40101 SET @saved_cs_client     = @@character_set_client */;
/*!50503 SET character_set_client = utf8mb4 */;
CREATE TABLE `orders_cart` (
  `id` char(32) NOT NULL,
  `created_at` datetime(6) NOT NULL,
  `updated_at` datetime(6) NOT NULL,
  `brand_id` char(32) NOT NULL,
  `fee_id` char(32) DEFAULT NULL,
  `promo_code_id` char(32) DEFAULT NULL,
  PRIMARY KEY (`id`),
  UNIQUE KEY `Orders_cart_brand_id_26f90226_uniq` (`brand_id`),
  KEY `Orders_cart_fee_id_59160271_fk_Orders_fee_id` (`fee_id`),
  KEY `Orders_cart_promo_code_id_e4527681_fk_Orders_promocode_id` (`promo_code_id`),
  CONSTRAINT `Orders_cart_fee_id_59160271_fk_Orders_fee_id` FOREIGN KEY (`fee_id`) REFERENCES `orders_fee` (`id`),
  CONSTRAINT `Orders_cart_promo_code_id_e4527681_fk_Orders_promocode_id` FOREIGN KEY (`promo_code_id`) REFERENCES `orders_promocode` (`id`)
) ENGINE=InnoDB DEFAULT CHARSET=utf8mb4 COLLATE=utf8mb4_0900_ai_ci;
/*!40101 SET character_set_client = @saved_cs_client */;

--
-- Dumping data for table `orders_cart`
--

LOCK TABLES `orders_cart` WRITE;
/*!40000 ALTER TABLE `orders_cart` DISABLE KEYS */;
INSERT INTO `orders_cart` VALUES ('4fdc5ff8df494317ad339c2ceeed4113','2025-02-04 21:37:55.919903','2025-02-04 21:37:55.919903','1848f9f90f1d4d959295935d27fe4fe4',NULL,NULL),('aa682dbd2a834e92aea18d45a797bac8','2025-03-15 22:18:24.480112','2025-03-15 22:18:24.480112','ef0cfb505d344b7e83e484c9c813761d',NULL,NULL),('cdd61b1dfe10462c87a13177ed7229e6','2025-03-26 22:23:47.623078','2025-03-26 22:35:11.048716','032d4e039795469ab827b72b47678c50',NULL,NULL);
/*!40000 ALTER TABLE `orders_cart` ENABLE KEYS */;
UNLOCK TABLES;

--
-- Table structure for table `orders_cartitem`
--

DROP TABLE IF EXISTS `orders_cartitem`;
/*!40101 SET @saved_cs_client     = @@character_set_client */;
/*!50503 SET character_set_client = utf8mb4 */;
CREATE TABLE `orders_cartitem` (
  `id` char(32) NOT NULL,
  `quantity` int unsigned NOT NULL,
  `cart_id` char(32) NOT NULL,
  `service_id` char(32) NOT NULL,
  `price` decimal(10,2) NOT NULL,
  PRIMARY KEY (`id`),
  UNIQUE KEY `Orders_cartitem_cart_id_service_id_f7526fdf_uniq` (`cart_id`,`service_id`),
  KEY `Orders_cartitem_service_id_4a1f3952_fk` (`service_id`),
  CONSTRAINT `Orders_cartitem_cart_id_438cfd52_fk_Orders_cart_id` FOREIGN KEY (`cart_id`) REFERENCES `orders_cart` (`id`),
  CONSTRAINT `Orders_cartitem_service_id_4a1f3952_fk` FOREIGN KEY (`service_id`) REFERENCES `services_service` (`id`),
  CONSTRAINT `orders_cartitem_chk_1` CHECK ((`quantity` >= 0))
) ENGINE=InnoDB DEFAULT CHARSET=utf8mb4 COLLATE=utf8mb4_0900_ai_ci;
/*!40101 SET character_set_client = @saved_cs_client */;

--
-- Dumping data for table `orders_cartitem`
--

LOCK TABLES `orders_cartitem` WRITE;
/*!40000 ALTER TABLE `orders_cartitem` DISABLE KEYS */;
INSERT INTO `orders_cartitem` VALUES ('22335b2236ec4bf98ed84d59e77d7c34',1,'680806ba55b94a0c8ee4c6b765c641bd','f67d40a343344ed4814a006d7204cfd7',150.00),('3166233ec8d441fd8883836fb9c02681',4,'4fdc5ff8df494317ad339c2ceeed4113','2081001412a9409a964cf3e083af22bd',150.00),('4aa5e8798d3b4fcbb52e4843a745ea3d',4,'aa682dbd2a834e92aea18d45a797bac8','3a8cb2e38659473d97a88d6be017d66d',150.00),('b8d80f532b254be891dd0535c04387f6',2,'4fdc5ff8df494317ad339c2ceeed4113','ed821788de0d49aab43a16c63456c2ad',200.00);
/*!40000 ALTER TABLE `orders_cartitem` ENABLE KEYS */;
UNLOCK TABLES;

--
-- Table structure for table `orders_fee`
--

DROP TABLE IF EXISTS `orders_fee`;
/*!40101 SET @saved_cs_client     = @@character_set_client */;
/*!50503 SET character_set_client = utf8mb4 */;
CREATE TABLE `orders_fee` (
  `id` char(32) NOT NULL,
  `name` varchar(255) NOT NULL,
  `amount` decimal(10,2) NOT NULL,
  PRIMARY KEY (`id`)
) ENGINE=InnoDB DEFAULT CHARSET=utf8mb4 COLLATE=utf8mb4_0900_ai_ci;
/*!40101 SET character_set_client = @saved_cs_client */;

--
-- Dumping data for table `orders_fee`
--

LOCK TABLES `orders_fee` WRITE;
/*!40000 ALTER TABLE `orders_fee` DISABLE KEYS */;
INSERT INTO `orders_fee` VALUES ('06608f672ee5421ab0a59c5662a2cce7','SS',100.00);
/*!40000 ALTER TABLE `orders_fee` ENABLE KEYS */;
UNLOCK TABLES;

--
-- Table structure for table `orders_order`
--

DROP TABLE IF EXISTS `orders_order`;
/*!40101 SET @saved_cs_client     = @@character_set_client */;
/*!50503 SET character_set_client = utf8mb4 */;
CREATE TABLE `orders_order` (
  `id` char(32) NOT NULL,
  `status` varchar(15) NOT NULL,
  `created_at` datetime(6) NOT NULL,
  `brand_id` char(32) NOT NULL,
  `creator_id` char(32) DEFAULT NULL,
  `promo_code_id` char(32) DEFAULT NULL,
  `fee_id` char(32) DEFAULT NULL,
  PRIMARY KEY (`id`),
  KEY `Orders_order_brand_id_c1d25f12_fk_Users_brand_id` (`brand_id`),
  KEY `Orders_order_promo_code_id_24aa43af_fk_Orders_promocode_id` (`promo_code_id`),
  KEY `Orders_order_fee_id_5e1e0dae_fk_Orders_fee_id` (`fee_id`),
  KEY `Orders_order_creator_id_41a0d733_fk_Users_creator_id` (`creator_id`),
  CONSTRAINT `Orders_order_brand_id_c1d25f12_fk_Users_brand_id` FOREIGN KEY (`brand_id`) REFERENCES `users_brand` (`id`),
  CONSTRAINT `Orders_order_creator_id_41a0d733_fk_Users_creator_id` FOREIGN KEY (`creator_id`) REFERENCES `users_creator` (`id`),
  CONSTRAINT `Orders_order_fee_id_5e1e0dae_fk_Orders_fee_id` FOREIGN KEY (`fee_id`) REFERENCES `orders_fee` (`id`),
  CONSTRAINT `Orders_order_promo_code_id_24aa43af_fk_Orders_promocode_id` FOREIGN KEY (`promo_code_id`) REFERENCES `orders_promocode` (`id`)
) ENGINE=InnoDB DEFAULT CHARSET=utf8mb4 COLLATE=utf8mb4_0900_ai_ci;
/*!40101 SET character_set_client = @saved_cs_client */;

--
-- Dumping data for table `orders_order`
--

LOCK TABLES `orders_order` WRITE;
/*!40000 ALTER TABLE `orders_order` DISABLE KEYS */;
INSERT INTO `orders_order` VALUES ('65f27e717e284e78b9a4dcd6192b87a3','in_progress','2025-03-26 22:35:10.953708','032d4e039795469ab827b72b47678c50',NULL,'379dd3fcb4d4454e9ebd9cf995eec5cb','06608f672ee5421ab0a59c5662a2cce7'),('6fd9cb9d39554b15a159ac9738e399fc','delivered','2025-03-11 00:29:25.860566','ef0cfb505d344b7e83e484c9c813761d','defb1c623813436597f9475f9f55d4a6','379dd3fcb4d4454e9ebd9cf995eec5cb','06608f672ee5421ab0a59c5662a2cce7');
/*!40000 ALTER TABLE `orders_order` ENABLE KEYS */;
UNLOCK TABLES;

--
-- Table structure for table `orders_orderitem`
--

DROP TABLE IF EXISTS `orders_orderitem`;
/*!40101 SET @saved_cs_client     = @@character_set_client */;
/*!50503 SET character_set_client = utf8mb4 */;
CREATE TABLE `orders_orderitem` (
  `id` char(32) NOT NULL,
  `quantity` int unsigned NOT NULL,
  `price` decimal(10,2) NOT NULL,
  `order_id` char(32) NOT NULL,
  `service_id` char(32) NOT NULL,
  `profit` decimal(10,2) NOT NULL,
  PRIMARY KEY (`id`),
  KEY `Orders_orderitem_order_id_3570cd78_fk_Orders_order_id` (`order_id`),
  KEY `Orders_orderitem_service_id_fb0aef75_fk_Services_service_id` (`service_id`),
  CONSTRAINT `Orders_orderitem_order_id_3570cd78_fk_Orders_order_id` FOREIGN KEY (`order_id`) REFERENCES `orders_order` (`id`),
  CONSTRAINT `Orders_orderitem_service_id_fb0aef75_fk_Services_service_id` FOREIGN KEY (`service_id`) REFERENCES `services_service` (`id`),
  CONSTRAINT `orders_orderitem_chk_1` CHECK ((`quantity` >= 0))
) ENGINE=InnoDB DEFAULT CHARSET=utf8mb4 COLLATE=utf8mb4_0900_ai_ci;
/*!40101 SET character_set_client = @saved_cs_client */;

--
-- Dumping data for table `orders_orderitem`
--

LOCK TABLES `orders_orderitem` WRITE;
/*!40000 ALTER TABLE `orders_orderitem` DISABLE KEYS */;
INSERT INTO `orders_orderitem` VALUES ('03c457b433144ed3979d8cd801106777',2,150.00,'6fd9cb9d39554b15a159ac9738e399fc','2081001412a9409a964cf3e083af22bd',100.00),('04a700d31e41418da2c04ddba8130870',6,100.00,'65f27e717e284e78b9a4dcd6192b87a3','3a8cb2e38659473d97a88d6be017d66d',400.00),('0847255ae0144409a004092ed7170e52',2,150.00,'24ea6181ac3944c98ad9b6dfa2a0d1a8','f67d40a343344ed4814a006d7204cfd7',0.00),('44ce30f6c83a409f9aa7f7174cec02b9',1,150.00,'376edd6f1cb043fba81a82f6a955465c','ed821788de0d49aab43a16c63456c2ad',0.00),('6c63c25fb3244b848223e260c2ffe44b',5,150.00,'65f27e717e284e78b9a4dcd6192b87a3','2081001412a9409a964cf3e083af22bd',600.00),('8c65ab82660d4da28b5838ed7213a7e9',2,150.00,'24ea6181ac3944c98ad9b6dfa2a0d1a8','f67d40a343344ed4814a006d7204cfd7',0.00),('ce60e5d997cb4bd69cf873101d95ba51',2,150.00,'f7ec6edad0e5421786babaf4b2fe466d','2081001412a9409a964cf3e083af22bd',0.00),('f67454125e2e4ef9b1d484bb89834312',1,150.00,'6fd9cb9d39554b15a159ac9738e399fc','f67d40a343344ed4814a006d7204cfd7',200.00),('f94cc31767394d76b4e4e22fa0ae5e71',1,150.00,'f7ec6edad0e5421786babaf4b2fe466d','ed821788de0d49aab43a16c63456c2ad',0.00);
/*!40000 ALTER TABLE `orders_orderitem` ENABLE KEYS */;
UNLOCK TABLES;

--
-- Table structure for table `orders_payment`
--

DROP TABLE IF EXISTS `orders_payment`;
/*!40101 SET @saved_cs_client     = @@character_set_client */;
/*!50503 SET character_set_client = utf8mb4 */;
CREATE TABLE `orders_payment` (
  `id` char(32) NOT NULL,
  `created_at` datetime(6) NOT NULL,
  `order_id` char(32) NOT NULL,
  `brand_id` char(32) NOT NULL,
  `payment_status` varchar(10) NOT NULL,
  `amount` decimal(10,2) NOT NULL,
  `creator_id` char(32) DEFAULT NULL,
  `release_date` datetime(6) DEFAULT NULL,
  PRIMARY KEY (`id`),
  UNIQUE KEY `Orders_payment_order_id_d8fa4f50_uniq` (`order_id`),
  KEY `Orders_payment_creator_id_bf3e9c36_fk_Users_creator_id` (`creator_id`),
  KEY `Orders_payment_brand_id_328804b8_fk_Users_brand_id` (`brand_id`),
  CONSTRAINT `Orders_payment_brand_id_328804b8_fk_Users_brand_id` FOREIGN KEY (`brand_id`) REFERENCES `users_brand` (`id`),
  CONSTRAINT `Orders_payment_creator_id_bf3e9c36_fk_Users_creator_id` FOREIGN KEY (`creator_id`) REFERENCES `users_creator` (`id`),
  CONSTRAINT `Orders_payment_order_id_d8fa4f50_fk_Orders_order_id` FOREIGN KEY (`order_id`) REFERENCES `orders_order` (`id`)
) ENGINE=InnoDB DEFAULT CHARSET=utf8mb4 COLLATE=utf8mb4_0900_ai_ci;
/*!40101 SET character_set_client = @saved_cs_client */;

--
-- Dumping data for table `orders_payment`
--

LOCK TABLES `orders_payment` WRITE;
/*!40000 ALTER TABLE `orders_payment` DISABLE KEYS */;
INSERT INTO `orders_payment` VALUES ('c27fb5d146f44994abb6759c06014961','2025-03-17 22:18:48.147663','6fd9cb9d39554b15a159ac9738e399fc','ef0cfb505d344b7e83e484c9c813761d','SUCCESS',0.00,NULL,NULL);
/*!40000 ALTER TABLE `orders_payment` ENABLE KEYS */;
UNLOCK TABLES;

--
-- Table structure for table `orders_promocode`
--

DROP TABLE IF EXISTS `orders_promocode`;
/*!40101 SET @saved_cs_client     = @@character_set_client */;
/*!50503 SET character_set_client = utf8mb4 */;
CREATE TABLE `orders_promocode` (
  `id` char(32) NOT NULL,
  `code` varchar(50) NOT NULL,
  `discount_amount` decimal(10,2) NOT NULL,
  `is_active` tinyint(1) NOT NULL,
  `discount_type` varchar(10) NOT NULL,
  PRIMARY KEY (`id`),
  UNIQUE KEY `code` (`code`)
) ENGINE=InnoDB DEFAULT CHARSET=utf8mb4 COLLATE=utf8mb4_0900_ai_ci;
/*!40101 SET character_set_client = @saved_cs_client */;

--
-- Dumping data for table `orders_promocode`
--

LOCK TABLES `orders_promocode` WRITE;
/*!40000 ALTER TABLE `orders_promocode` DISABLE KEYS */;
INSERT INTO `orders_promocode` VALUES ('379dd3fcb4d4454e9ebd9cf995eec5cb','SH@',10.00,1,'fixed');
/*!40000 ALTER TABLE `orders_promocode` ENABLE KEYS */;
UNLOCK TABLES;

--
-- Table structure for table `orders_transaction`
--

DROP TABLE IF EXISTS `orders_transaction`;
/*!40101 SET @saved_cs_client     = @@character_set_client */;
/*!50503 SET character_set_client = utf8mb4 */;
CREATE TABLE `orders_transaction` (
  `id` char(32) NOT NULL,
  `amount` int NOT NULL,
  `transaction_type` varchar(50) NOT NULL,
  `date` date NOT NULL,
  `current_balance` decimal(12,2) NOT NULL,
  `creator_id` char(32) NOT NULL,
  `service_id` char(32) DEFAULT NULL,
  PRIMARY KEY (`id`),
  KEY `Orders_transaction_creator_id_acf1c5f7_fk_Users_creator_id` (`creator_id`),
  KEY `Orders_transaction_service_id_fea37719_fk_Services_service_id` (`service_id`),
  CONSTRAINT `Orders_transaction_creator_id_acf1c5f7_fk_Users_creator_id` FOREIGN KEY (`creator_id`) REFERENCES `users_creator` (`id`),
  CONSTRAINT `Orders_transaction_service_id_fea37719_fk_Services_service_id` FOREIGN KEY (`service_id`) REFERENCES `services_service` (`id`)
) ENGINE=InnoDB DEFAULT CHARSET=utf8mb4 COLLATE=utf8mb4_0900_ai_ci;
/*!40101 SET character_set_client = @saved_cs_client */;

--
-- Dumping data for table `orders_transaction`
--

LOCK TABLES `orders_transaction` WRITE;
/*!40000 ALTER TABLE `orders_transaction` DISABLE KEYS */;
INSERT INTO `orders_transaction` VALUES ('3898ee45765947dbb3e04b85f7d004e4',2,'withdraw','2025-03-14',150.00,'defb1c623813436597f9475f9f55d4a6','f67d40a343344ed4814a006d7204cfd7');
/*!40000 ALTER TABLE `orders_transaction` ENABLE KEYS */;
UNLOCK TABLES;

--
-- Table structure for table `orders_withdrawal`
--

DROP TABLE IF EXISTS `orders_withdrawal`;
/*!40101 SET @saved_cs_client     = @@character_set_client */;
/*!50503 SET character_set_client = utf8mb4 */;
CREATE TABLE `orders_withdrawal` (
  `id` char(32) NOT NULL,
  `amount` int unsigned NOT NULL,
  `withdrawal_method` varchar(50) NOT NULL,
  `account_details` varchar(1024) NOT NULL,
  `state` varchar(20) NOT NULL,
  `creator_id` char(32) NOT NULL,
  `date` date NOT NULL,
  PRIMARY KEY (`id`),
  KEY `Orders_withdrawal_creator_id_a543c248_fk_Users_creator_id` (`creator_id`),
  CONSTRAINT `Orders_withdrawal_creator_id_a543c248_fk_Users_creator_id` FOREIGN KEY (`creator_id`) REFERENCES `users_creator` (`id`),
  CONSTRAINT `Orders_withdrawal_amount_327867b2_check` CHECK ((`amount` >= 0))
) ENGINE=InnoDB DEFAULT CHARSET=utf8mb4 COLLATE=utf8mb4_0900_ai_ci;
/*!40101 SET character_set_client = @saved_cs_client */;

--
-- Dumping data for table `orders_withdrawal`
--

LOCK TABLES `orders_withdrawal` WRITE;
/*!40000 ALTER TABLE `orders_withdrawal` DISABLE KEYS */;
/*!40000 ALTER TABLE `orders_withdrawal` ENABLE KEYS */;
UNLOCK TABLES;

--
-- Table structure for table `reviews_review`
--

DROP TABLE IF EXISTS `reviews_review`;
/*!40101 SET @saved_cs_client     = @@character_set_client */;
/*!50503 SET character_set_client = utf8mb4 */;
CREATE TABLE `reviews_review` (
  `id` char(32) NOT NULL,
  `rating` double NOT NULL,
  `review` longtext NOT NULL,
  `created_at` datetime(6) NOT NULL,
  `brand_id` char(32) NOT NULL,
  `creator_id` char(32) NOT NULL,
  `service_video_id` char(32) NOT NULL,
  PRIMARY KEY (`id`),
  KEY `Reviews_review_brand_id_5f11d71b_fk_Users_brand_id` (`brand_id`),
  KEY `Reviews_review_creator_id_a5dd3950_fk_Users_creator_id` (`creator_id`),
  KEY `Reviews_review_service_video_id_7eef44a3_fk` (`service_video_id`),
  CONSTRAINT `Reviews_review_brand_id_5f11d71b_fk_Users_brand_id` FOREIGN KEY (`brand_id`) REFERENCES `users_brand` (`id`),
  CONSTRAINT `Reviews_review_creator_id_a5dd3950_fk_Users_creator_id` FOREIGN KEY (`creator_id`) REFERENCES `users_creator` (`id`),
  CONSTRAINT `Reviews_review_service_video_id_7eef44a3_fk` FOREIGN KEY (`service_video_id`) REFERENCES `services_servicevideo` (`id`)
) ENGINE=InnoDB DEFAULT CHARSET=utf8mb4 COLLATE=utf8mb4_0900_ai_ci;
/*!40101 SET character_set_client = @saved_cs_client */;

--
-- Dumping data for table `reviews_review`
--

LOCK TABLES `reviews_review` WRITE;
/*!40000 ALTER TABLE `reviews_review` DISABLE KEYS */;
INSERT INTO `reviews_review` VALUES ('e10963ada0164ebc929d1ddd9b4d8f90',3,'','2025-03-14 23:49:46.106513','ef0cfb505d344b7e83e484c9c813761d','defb1c623813436597f9475f9f55d4a6','ce8c1ab863a845f9b5413719b13ff023');
/*!40000 ALTER TABLE `reviews_review` ENABLE KEYS */;
UNLOCK TABLES;

--
-- Table structure for table `services_category`
--

DROP TABLE IF EXISTS `services_category`;
/*!40101 SET @saved_cs_client     = @@character_set_client */;
/*!50503 SET character_set_client = utf8mb4 */;
CREATE TABLE `services_category` (
  `id` char(32) NOT NULL,
  `name` varchar(255) NOT NULL,
  `description` longtext NOT NULL,
  `created_at` datetime(6) NOT NULL,
  `updated_at` datetime(6) NOT NULL,
  PRIMARY KEY (`id`)
) ENGINE=InnoDB DEFAULT CHARSET=utf8mb4 COLLATE=utf8mb4_0900_ai_ci;
/*!40101 SET character_set_client = @saved_cs_client */;

--
-- Dumping data for table `services_category`
--

LOCK TABLES `services_category` WRITE;
/*!40000 ALTER TABLE `services_category` DISABLE KEYS */;
INSERT INTO `services_category` VALUES ('35487d7cdf9d4e22b83a6bd02accb76f','cook','cooking','2025-01-25 16:22:51.056827','2025-01-25 16:22:51.056827'),('78a4e74ab96f4483b690c252a7459acd','programming','prog','2025-01-25 16:21:25.154731','2025-01-25 16:21:25.154731');
/*!40000 ALTER TABLE `services_category` ENABLE KEYS */;
UNLOCK TABLES;

--
-- Table structure for table `services_content`
--

DROP TABLE IF EXISTS `services_content`;
/*!40101 SET @saved_cs_client     = @@character_set_client */;
/*!50503 SET character_set_client = utf8mb4 */;
CREATE TABLE `services_content` (
  `id` char(32) NOT NULL,
  `title` varchar(255) NOT NULL,
  `description` longtext NOT NULL,
  `ugc_type` varchar(1) NOT NULL,
  `uploaded_at` datetime(6) NOT NULL,
  `views_count` int NOT NULL,
  `creator_id` char(32) NOT NULL,
  `service_id` char(32) NOT NULL,
  `platform` varchar(10) NOT NULL,
  `is_portfolio_item` tinyint(1) NOT NULL,
  PRIMARY KEY (`id`),
  KEY `Services_content_creator_id_2d05e880_fk_Users_creator_id` (`creator_id`),
  KEY `Services_content_service_id_cf74cae0_fk` (`service_id`),
  CONSTRAINT `Services_content_creator_id_2d05e880_fk_Users_creator_id` FOREIGN KEY (`creator_id`) REFERENCES `users_creator` (`id`),
  CONSTRAINT `Services_content_service_id_cf74cae0_fk` FOREIGN KEY (`service_id`) REFERENCES `services_service` (`id`)
) ENGINE=InnoDB DEFAULT CHARSET=utf8mb4 COLLATE=utf8mb4_0900_ai_ci;
/*!40101 SET character_set_client = @saved_cs_client */;

--
-- Dumping data for table `services_content`
--

LOCK TABLES `services_content` WRITE;
/*!40000 ALTER TABLE `services_content` DISABLE KEYS */;
INSERT INTO `services_content` VALUES ('28aab4cafe8d4708834893819a652225','CC','prog py','T','2025-01-25 16:22:20.260420',3,'defb1c623813436597f9475f9f55d4a6','2081001412a9409a964cf3e083af22bd','Youtube',1),('8453513981614a0eadb7d734b5d9082b','CCKK','cooking insta','U','2025-01-25 16:23:35.557014',1,'defb1c623813436597f9475f9f55d4a6','f67d40a343344ed4814a006d7204cfd7','Instagram',1);
/*!40000 ALTER TABLE `services_content` ENABLE KEYS */;
UNLOCK TABLES;

--
-- Table structure for table `services_content_category`
--

DROP TABLE IF EXISTS `services_content_category`;
/*!40101 SET @saved_cs_client     = @@character_set_client */;
/*!50503 SET character_set_client = utf8mb4 */;
CREATE TABLE `services_content_category` (
  `id` bigint NOT NULL AUTO_INCREMENT,
  `content_id` char(32) NOT NULL,
  `category_id` char(32) NOT NULL,
  PRIMARY KEY (`id`),
  UNIQUE KEY `Services_content_category_content_id_category_id_a587756a_uniq` (`content_id`,`category_id`),
  KEY `Services_content_cat_category_id_65207b17_fk_Services_` (`category_id`),
  CONSTRAINT `Services_content_cat_category_id_65207b17_fk_Services_` FOREIGN KEY (`category_id`) REFERENCES `services_category` (`id`),
  CONSTRAINT `Services_content_cat_content_id_5fe1a99d_fk_Services_` FOREIGN KEY (`content_id`) REFERENCES `services_content` (`id`)
) ENGINE=InnoDB AUTO_INCREMENT=3 DEFAULT CHARSET=utf8mb4 COLLATE=utf8mb4_0900_ai_ci;
/*!40101 SET character_set_client = @saved_cs_client */;

--
-- Dumping data for table `services_content_category`
--

LOCK TABLES `services_content_category` WRITE;
/*!40000 ALTER TABLE `services_content_category` DISABLE KEYS */;
INSERT INTO `services_content_category` VALUES (1,'28aab4cafe8d4708834893819a652225','78a4e74ab96f4483b690c252a7459acd'),(2,'8453513981614a0eadb7d734b5d9082b','35487d7cdf9d4e22b83a6bd02accb76f');
/*!40000 ALTER TABLE `services_content_category` ENABLE KEYS */;
UNLOCK TABLES;

--
-- Table structure for table `services_service`
--

DROP TABLE IF EXISTS `services_service`;
/*!40101 SET @saved_cs_client     = @@character_set_client */;
/*!50503 SET character_set_client = utf8mb4 */;
CREATE TABLE `services_service` (
  `id` char(32) NOT NULL,
  `service_name` varchar(255) NOT NULL,
  `platform` varchar(50) NOT NULL,
  `video_length` int unsigned NOT NULL,
  `hooks_numbers` int unsigned NOT NULL,
  `voice_over` tinyint(1) NOT NULL,
  `face_appearing` tinyint(1) NOT NULL,
  `price` decimal(10,2) NOT NULL,
  `created_at` datetime(6) NOT NULL,
  `updated_at` datetime(6) NOT NULL,
  `creator_id` char(32) NOT NULL,
  `call_to_action_number` int unsigned NOT NULL,
  PRIMARY KEY (`id`),
  KEY `Services_service_creator_id_d38c4c54_fk_Users_creator_id` (`creator_id`),
  CONSTRAINT `Services_service_creator_id_d38c4c54_fk_Users_creator_id` FOREIGN KEY (`creator_id`) REFERENCES `users_creator` (`id`),
  CONSTRAINT `services_service_chk_1` CHECK ((`video_length` >= 0)),
  CONSTRAINT `services_service_chk_2` CHECK ((`hooks_numbers` >= 0)),
  CONSTRAINT `services_service_chk_3` CHECK ((`call_to_action_number` >= 0))
) ENGINE=InnoDB DEFAULT CHARSET=utf8mb4 COLLATE=utf8mb4_0900_ai_ci;
/*!40101 SET character_set_client = @saved_cs_client */;

--
-- Dumping data for table `services_service`
--

LOCK TABLES `services_service` WRITE;
/*!40000 ALTER TABLE `services_service` DISABLE KEYS */;
INSERT INTO `services_service` VALUES ('2081001412a9409a964cf3e083af22bd','INSTA VIDEOS22','Instagram',4,2,1,1,150.00,'2025-01-24 16:49:08.608818','2025-01-24 16:49:08.608818','defb1c623813436597f9475f9f55d4a6',1),('3a8cb2e38659473d97a88d6be017d66d','YOUTUBE','Youtube',3,1,1,1,150.00,'2025-03-17 23:44:42.090749','2025-03-17 23:44:42.090749','defb1c623813436597f9475f9f55d4a6',2),('ed821788de0d49aab43a16c63456c2ad','Videoo','Youtube',3,1,0,1,150.00,'2025-01-24 17:13:38.848479','2025-01-24 17:13:38.848479','2413158707054b4dac7cddeffb84bdfa',2),('f67d40a343344ed4814a006d7204cfd7','INSTA VIDEOS22','Instagram',4,2,1,1,150.00,'2025-01-24 17:13:51.203355','2025-01-24 17:13:51.203355','defb1c623813436597f9475f9f55d4a6',1);
/*!40000 ALTER TABLE `services_service` ENABLE KEYS */;
UNLOCK TABLES;

--
-- Table structure for table `services_servicevideo`
--

DROP TABLE IF EXISTS `services_servicevideo`;
/*!40101 SET @saved_cs_client     = @@character_set_client */;
/*!50503 SET character_set_client = utf8mb4 */;
CREATE TABLE `services_servicevideo` (
  `id` char(32) NOT NULL,
  `video_file` varchar(100) DEFAULT NULL,
  `description` longtext NOT NULL,
  `uploaded_at` datetime(6) NOT NULL,
  `service_id` char(32) NOT NULL,
  PRIMARY KEY (`id`),
  KEY `Services_servicevideo_service_id_bd12d9fd_fk` (`service_id`),
  CONSTRAINT `Services_servicevideo_service_id_bd12d9fd_fk` FOREIGN KEY (`service_id`) REFERENCES `services_service` (`id`)
) ENGINE=InnoDB DEFAULT CHARSET=utf8mb4 COLLATE=utf8mb4_0900_ai_ci;
/*!40101 SET character_set_client = @saved_cs_client */;

--
-- Dumping data for table `services_servicevideo`
--

LOCK TABLES `services_servicevideo` WRITE;
/*!40000 ALTER TABLE `services_servicevideo` DISABLE KEYS */;
INSERT INTO `services_servicevideo` VALUES ('0c12818a6da94beea043819d3dc5791b','service_videos/document_6044060373307364848_ovrEMzZ.mp4','','2025-01-24 17:17:32.933768','ed821788de0d49aab43a16c63456c2ad'),('ce8c1ab863a845f9b5413719b13ff023','service_videos/document_6044060373307364848.mp4','','2025-01-24 16:49:42.786210','2081001412a9409a964cf3e083af22bd'),('d7f87e85010848aaa826b784aa17c785','service_videos/document_6044060373307364848_PaO26pb.mp4','','2025-03-17 23:52:01.195332','3a8cb2e38659473d97a88d6be017d66d');
/*!40000 ALTER TABLE `services_servicevideo` ENABLE KEYS */;
UNLOCK TABLES;

--
-- Table structure for table `users_brand`
--

DROP TABLE IF EXISTS `users_brand`;
/*!40101 SET @saved_cs_client     = @@character_set_client */;
/*!50503 SET character_set_client = utf8mb4 */;
CREATE TABLE `users_brand` (
  `id` char(32) NOT NULL,
  `created_at` datetime(6) NOT NULL,
  `user_id` char(32) NOT NULL,
  `about_me` longtext NOT NULL DEFAULT (_utf8mb3''),
  `avg_order_time` int unsigned NOT NULL,
  `avg_response_speed` varchar(50) NOT NULL,
  `facebook_followers` int unsigned NOT NULL,
  `instagram_followers` int unsigned NOT NULL,
  `last_seen` datetime(6) NOT NULL,
  `order_number` int unsigned NOT NULL,
  `register_date` datetime(6) NOT NULL,
  `snapchat_followers` int unsigned NOT NULL,
  `tiktok_followers` int unsigned NOT NULL,
  `updated_at` datetime(6) NOT NULL,
  `youtube_followers` int unsigned NOT NULL,
  `brand_name` varchar(255) NOT NULL,
  `phone_number` varchar(20) NOT NULL,
  PRIMARY KEY (`id`),
  UNIQUE KEY `user_id_id` (`user_id`),
  CONSTRAINT `Users_brand_user_id_2a073b9c_fk_Users_user_id` FOREIGN KEY (`user_id`) REFERENCES `users_user` (`id`),
  CONSTRAINT `users_brand_chk_1` CHECK ((`avg_order_time` >= 0)),
  CONSTRAINT `users_brand_chk_2` CHECK ((`facebook_followers` >= 0)),
  CONSTRAINT `users_brand_chk_3` CHECK ((`instagram_followers` >= 0)),
  CONSTRAINT `users_brand_chk_4` CHECK ((`order_number` >= 0)),
  CONSTRAINT `users_brand_chk_5` CHECK ((`snapchat_followers` >= 0)),
  CONSTRAINT `users_brand_chk_6` CHECK ((`tiktok_followers` >= 0)),
  CONSTRAINT `users_brand_chk_7` CHECK ((`youtube_followers` >= 0))
) ENGINE=InnoDB DEFAULT CHARSET=utf8mb4 COLLATE=utf8mb4_0900_ai_ci;
/*!40101 SET character_set_client = @saved_cs_client */;

--
-- Dumping data for table `users_brand`
--

LOCK TABLES `users_brand` WRITE;
/*!40000 ALTER TABLE `users_brand` DISABLE KEYS */;
INSERT INTO `users_brand` VALUES ('032d4e039795469ab827b72b47678c50','2025-03-22 22:04:09.883328','cf0889729f174a82a27fb50a426a62b7','',0,'',0,0,'2025-03-26 22:48:04.115458',0,'2024-12-27 00:00:00.000000',0,0,'2025-03-26 22:48:04.115458',0,'b12','0540465146'),('1848f9f90f1d4d959295935d27fe4fe4','2025-01-22 09:53:15.303574','69fbad56d5bc401289711c5f42d74578','',0,'2',0,0,'2025-02-04 17:22:47.902004',0,'2024-12-27 00:00:00.000000',0,0,'2025-02-04 17:22:47.902004',0,'bb','0540465146'),('ef0cfb505d344b7e83e484c9c813761d','2025-01-20 20:55:44.258645','59b890b5c60f44589ed18c5ecbb73082','',0,'',0,0,'2025-03-24 21:04:18.894995',0,'2024-12-27 00:00:00.000000',0,0,'2025-03-24 21:04:18.894995',0,'ss','023446548');
/*!40000 ALTER TABLE `users_brand` ENABLE KEYS */;
UNLOCK TABLES;

--
-- Table structure for table `users_creator`
--

DROP TABLE IF EXISTS `users_creator`;
/*!40101 SET @saved_cs_client     = @@character_set_client */;
/*!50503 SET character_set_client = utf8mb4 */;
CREATE TABLE `users_creator` (
  `id` char(32) NOT NULL,
  `bio` longtext,
  `profile_pic` varchar(200) DEFAULT NULL,
  `created_at` datetime(6) NOT NULL,
  `updated_at` datetime(6) NOT NULL,
  `user_id` char(32) NOT NULL,
  `avg_completion_rate` int unsigned NOT NULL,
  `avg_response_speed` varchar(50) NOT NULL,
  `clients_number` int unsigned NOT NULL,
  `facebook_followers` int unsigned NOT NULL,
  `instagram_followers` int unsigned NOT NULL,
  `last_seen` datetime(6) NOT NULL,
  `register_date` datetime(6) NOT NULL,
  `services_number` int unsigned NOT NULL,
  `snapchat_followers` int unsigned NOT NULL,
  `tiktok_followers` int unsigned NOT NULL,
  `youtube_followers` int unsigned NOT NULL,
  PRIMARY KEY (`id`),
  UNIQUE KEY `user_id_id` (`user_id`),
  CONSTRAINT `Users_creator_user_id_61bad378_fk_Users_user_id` FOREIGN KEY (`user_id`) REFERENCES `users_user` (`id`),
  CONSTRAINT `users_creator_chk_1` CHECK ((`avg_completion_rate` >= 0)),
  CONSTRAINT `users_creator_chk_2` CHECK ((`clients_number` >= 0)),
  CONSTRAINT `users_creator_chk_3` CHECK ((`facebook_followers` >= 0)),
  CONSTRAINT `users_creator_chk_4` CHECK ((`instagram_followers` >= 0)),
  CONSTRAINT `users_creator_chk_6` CHECK ((`services_number` >= 0)),
  CONSTRAINT `users_creator_chk_7` CHECK ((`snapchat_followers` >= 0)),
  CONSTRAINT `users_creator_chk_8` CHECK ((`tiktok_followers` >= 0)),
  CONSTRAINT `users_creator_chk_9` CHECK ((`youtube_followers` >= 0))
) ENGINE=InnoDB DEFAULT CHARSET=utf8mb4 COLLATE=utf8mb4_0900_ai_ci;
/*!40101 SET character_set_client = @saved_cs_client */;

--
-- Dumping data for table `users_creator`
--

LOCK TABLES `users_creator` WRITE;
/*!40000 ALTER TABLE `users_creator` DISABLE KEYS */;
INSERT INTO `users_creator` VALUES ('2413158707054b4dac7cddeffb84bdfa','I\'m good at eCommerce','https://web.telegram.org/','2024-12-14 20:47:12.511524','2024-12-14 20:47:12.511524','5a2c59fc4c4d4a35b8936ebc022177d3',0,'',0,0,0,'2024-12-27 23:35:41.601090','2024-12-27 00:00:00.000000',0,0,0,0),('defb1c623813436597f9475f9f55d4a6',NULL,NULL,'2025-01-22 09:40:50.562493','2025-01-22 09:40:50.664857','ee69a506f2c9482c8740b3625f272c2d',0,'',0,0,0,'2025-01-22 09:40:50.664857','2025-01-22 00:00:00.000000',0,0,0,0),('f298468ec3e640ec9396b06197d3790a',NULL,NULL,'2025-03-22 22:02:59.615846','2025-03-22 22:02:59.696846','80da5d151251436f8e141dad88e3df3f',0,'',0,0,0,'2025-03-22 22:02:59.696846','2025-03-23 00:00:00.000000',0,0,0,0);
/*!40000 ALTER TABLE `users_creator` ENABLE KEYS */;
UNLOCK TABLES;

--
-- Table structure for table `users_user`
--

DROP TABLE IF EXISTS `users_user`;
/*!40101 SET @saved_cs_client     = @@character_set_client */;
/*!50503 SET character_set_client = utf8mb4 */;
CREATE TABLE `users_user` (
  `password` varchar(128) NOT NULL,
  `last_login` datetime(6) DEFAULT NULL,
  `is_superuser` tinyint(1) NOT NULL,
  `username` varchar(150) NOT NULL,
  `is_staff` tinyint(1) NOT NULL,
  `is_active` tinyint(1) NOT NULL,
  `date_joined` datetime(6) NOT NULL,
  `id` char(32) NOT NULL,
  `first_name` varchar(150) NOT NULL,
  `last_name` varchar(150) NOT NULL,
  `birth_date` date NOT NULL,
  `gender` varchar(1) NOT NULL,
  `email` varchar(254) NOT NULL,
  `user_type` varchar(10) NOT NULL,
  `country` varchar(2) DEFAULT NULL,
  `phone_number` varchar(20) DEFAULT NULL,
  PRIMARY KEY (`id`),
  UNIQUE KEY `username` (`username`),
  UNIQUE KEY `email` (`email`)
) ENGINE=InnoDB DEFAULT CHARSET=utf8mb4 COLLATE=utf8mb4_0900_ai_ci;
/*!40101 SET character_set_client = @saved_cs_client */;

--
-- Dumping data for table `users_user`
--

LOCK TABLES `users_user` WRITE;
/*!40000 ALTER TABLE `users_user` DISABLE KEYS */;
INSERT INTO `users_user` VALUES ('pbkdf2_sha256$870000$YdR3cje8fj917p9xXB8Vs5$GInh5+jYzBhUJ3HcjhhdZILv1deVmnlYomJg/zVugGE=','2025-03-24 13:45:54.632147',1,'ss',1,1,'2024-12-14 20:39:12.429153','59b890b5c60f44589ed18c5ecbb73082','Ss','Shb','2002-01-01','F','ss@domain.com','',NULL,NULL),('123ds*ds;,sd2dc',NULL,0,'user1',0,1,'2024-12-14 20:40:51.000000','5a2c59fc4c4d4a35b8936ebc022177d3','User','One','2002-03-26','M','user1@domain.com','creator',NULL,NULL),('pbkdf2_sha256$870000$KbSRugXIuQPNyWSNPwakF8$9d3cKGm4rgibPLsgq43WWwR+5MnG2RZV1/pYY9w2eVQ=',NULL,0,'brand11',0,1,'2025-01-22 09:53:13.606577','69fbad56d5bc401289711c5f42d74578','Bd','Db','2000-01-22','M','brand11@domain.com','brand','AU',NULL),('pbkdf2_sha256$870000$QKgqZjZ6WTsScSdhVjJ3Wn$iHwyBe4eYenKOJeHMqjjFRWvTNxbgu6wwFLUhIU836s=',NULL,0,'user12',0,1,'2025-03-22 22:02:57.938249','80da5d151251436f8e141dad88e3df3f','User','12','2000-01-22','F','user12@domain.com','creator','AM',NULL),('dsmn13oi-0dsd*',NULL,0,'brand1',0,1,'2024-12-14 20:42:03.000000','a8e97dec28784c4c8c7fc08e2fd0eb1b','Brand','One','2002-01-01','F','brand@domain.com','brand',NULL,NULL),('pbkdf2_sha256$870000$ZjwexIXcKjWsNKAebFJkUT$VOSkFLXHHctnndp+qy7BrnmnlCNSZMOorl23AASnk64=',NULL,0,'brand12',1,1,'2025-03-22 22:04:08.000000','cf0889729f174a82a27fb50a426a62b7','Brand','12','2002-03-26','F','brand12@domain.com','brand','AU',NULL),('pbkdf2_sha256$870000$uo0mNkIxF9Jf3ZExEbg0LH$ChAlrqFoBpoCwuHTb4/KfsAf+UpqnABTMxGPfcXzKsw=',NULL,0,'user11',0,1,'2025-01-22 09:40:48.910495','ee69a506f2c9482c8740b3625f272c2d','Sd','Ds','2000-01-22','F','user11@domain.com','creator','AU',NULL);
/*!40000 ALTER TABLE `users_user` ENABLE KEYS */;
UNLOCK TABLES;

--
-- Table structure for table `users_user_groups`
--

DROP TABLE IF EXISTS `users_user_groups`;
/*!40101 SET @saved_cs_client     = @@character_set_client */;
/*!50503 SET character_set_client = utf8mb4 */;
CREATE TABLE `users_user_groups` (
  `id` bigint NOT NULL AUTO_INCREMENT,
  `user_id` char(32) NOT NULL,
  `group_id` int NOT NULL,
  PRIMARY KEY (`id`),
  UNIQUE KEY `Users_user_groups_user_id_group_id_21477a3e_uniq` (`user_id`,`group_id`),
  KEY `Users_user_groups_group_id_884146f8_fk_auth_group_id` (`group_id`),
  CONSTRAINT `Users_user_groups_group_id_884146f8_fk_auth_group_id` FOREIGN KEY (`group_id`) REFERENCES `auth_group` (`id`),
  CONSTRAINT `Users_user_groups_user_id_e0963e48_fk_Users_user_id` FOREIGN KEY (`user_id`) REFERENCES `users_user` (`id`)
) ENGINE=InnoDB DEFAULT CHARSET=utf8mb4 COLLATE=utf8mb4_0900_ai_ci;
/*!40101 SET character_set_client = @saved_cs_client */;

--
-- Dumping data for table `users_user_groups`
--

LOCK TABLES `users_user_groups` WRITE;
/*!40000 ALTER TABLE `users_user_groups` DISABLE KEYS */;
/*!40000 ALTER TABLE `users_user_groups` ENABLE KEYS */;
UNLOCK TABLES;

--
-- Table structure for table `users_user_user_permissions`
--

DROP TABLE IF EXISTS `users_user_user_permissions`;
/*!40101 SET @saved_cs_client     = @@character_set_client */;
/*!50503 SET character_set_client = utf8mb4 */;
CREATE TABLE `users_user_user_permissions` (
  `id` bigint NOT NULL AUTO_INCREMENT,
  `user_id` char(32) NOT NULL,
  `permission_id` int NOT NULL,
  PRIMARY KEY (`id`),
  UNIQUE KEY `Users_user_user_permissions_user_id_permission_id_87c10865_uniq` (`user_id`,`permission_id`),
  KEY `Users_user_user_perm_permission_id_cfe39496_fk_auth_perm` (`permission_id`),
  CONSTRAINT `Users_user_user_perm_permission_id_cfe39496_fk_auth_perm` FOREIGN KEY (`permission_id`) REFERENCES `auth_permission` (`id`),
  CONSTRAINT `Users_user_user_permissions_user_id_ffe2deb0_fk_Users_user_id` FOREIGN KEY (`user_id`) REFERENCES `users_user` (`id`)
) ENGINE=InnoDB DEFAULT CHARSET=utf8mb4 COLLATE=utf8mb4_0900_ai_ci;
/*!40101 SET character_set_client = @saved_cs_client */;

--
-- Dumping data for table `users_user_user_permissions`
--

LOCK TABLES `users_user_user_permissions` WRITE;
/*!40000 ALTER TABLE `users_user_user_permissions` DISABLE KEYS */;
/*!40000 ALTER TABLE `users_user_user_permissions` ENABLE KEYS */;
UNLOCK TABLES;
/*!40103 SET TIME_ZONE=@OLD_TIME_ZONE */;

/*!40101 SET SQL_MODE=@OLD_SQL_MODE */;
/*!40014 SET FOREIGN_KEY_CHECKS=@OLD_FOREIGN_KEY_CHECKS */;
/*!40014 SET UNIQUE_CHECKS=@OLD_UNIQUE_CHECKS */;
/*!40101 SET CHARACTER_SET_CLIENT=@OLD_CHARACTER_SET_CLIENT */;
/*!40101 SET CHARACTER_SET_RESULTS=@OLD_CHARACTER_SET_RESULTS */;
/*!40101 SET COLLATION_CONNECTION=@OLD_COLLATION_CONNECTION */;
/*!40111 SET SQL_NOTES=@OLD_SQL_NOTES */;

-- Dump completed on 2025-03-30  0:51:57
